ISO-10303-21;
HEADER;
FILE_DESCRIPTION (( 'STEP AP214' ),
    '1' );
FILE_NAME ('5 DOF.STEP',
    '2025-07-09T07:19:44',
    ( '' ),
    ( '' ),
    'SwSTEP 2.0',
    'SolidWorks 2023',
    '' );
FILE_SCHEMA (( 'AUTOMOTIVE_DESIGN' ));
ENDSEC;

DATA;
#1 = AXIS2_PLACEMENT_3D ( 'NONE', #2463, #1619, #2185 ) ;
#2 = ORIENTED_EDGE ( 'NONE', *, *, #3108, .T. ) ;
#3 = EDGE_LOOP ( 'NONE', ( #1869, #2722, #637, #2441, #1833, #2309, #2414, #236 ) ) ;
#4 = CARTESIAN_POINT ( 'NONE',  ( 6.499999999999941380, -48.99999999999992895, -10.67707825203135030 ) ) ;
#5 = AXIS2_PLACEMENT_3D ( 'NONE', #1320, #470, #2189 ) ;
#6 = CARTESIAN_POINT ( 'NONE',  ( 3.116336186049075252, 32.39404959923076888, -12.10746891143192272 ) ) ;
#7 = CARTESIAN_POINT ( 'NONE',  ( 11.55368985745187160, -32.00000000000000000, -4.770980054225103295 ) ) ;
#8 = CARTESIAN_POINT ( 'NONE',  ( -6.429395695523603956E-15, 44.50000000000000000, -12.50000000000000000 ) ) ;
#9 = CARTESIAN_POINT ( 'NONE',  ( -12.30646342865237486, -3.593918594808047207, -2.197467749649373303 ) ) ;
#10 = DIRECTION ( 'NONE',  ( 0.000000000000000000, 0.000000000000000000, -1.000000000000000000 ) ) ;
#11 = CARTESIAN_POINT ( 'NONE',  ( 7.194132920777986051, -47.71884848043040961, -10.22397447376382296 ) ) ;
#12 = EDGE_CURVE ( 'NONE', #1220, #45, #2814, .T. ) ;
#13 = CYLINDRICAL_SURFACE ( 'NONE', #76, 5.000000000000000000 ) ;
#14 = CARTESIAN_POINT ( 'NONE',  ( 12.49999999999999289, 32.00000000000000000, -12.50000000000000000 ) ) ;
#15 = ORIENTED_EDGE ( 'NONE', *, *, #2847, .T. ) ;
#16 = CARTESIAN_POINT ( 'NONE',  ( 11.91754141585526838, -2.500000000000002665, 3.778475619130025276 ) ) ;
#17 = CARTESIAN_POINT ( 'NONE',  ( 1.098135538924646548, 5.213622796499027601, -12.45173230864227953 ) ) ;
#18 = ORIENTED_EDGE ( 'NONE', *, *, #12, .F. ) ;
#19 = EDGE_LOOP ( 'NONE', ( #2164, #1433, #2889, #1254 ) ) ;
#20 = CARTESIAN_POINT ( 'NONE',  ( 8.248144172335999613, -50.48949075703952616, -9.395197925430988306 ) ) ;
#21 = CARTESIAN_POINT ( 'NONE',  ( 0.000000000000000000, -53.00000000000000000, 12.50000000000000000 ) ) ;
#22 = DIRECTION ( 'NONE',  ( 0.000000000000000000, 1.000000000000000000, 0.000000000000000000 ) ) ;
#23 = DIRECTION ( 'NONE',  ( 1.000000000000000000, 0.000000000000000000, 0.000000000000000000 ) ) ;
#24 = CARTESIAN_POINT ( 'NONE',  ( -7.749583580110265046, 2.857407580167092398, 9.807851681212738981 ) ) ;
#25 = LINE ( 'NONE', #2354, #3283 ) ;
#26 = CARTESIAN_POINT ( 'NONE',  ( -12.48999599679679839, -6.000000000000000888, -0.5000000000000001110 ) ) ;
#27 = CARTESIAN_POINT ( 'NONE',  ( 4.770980054225089084, 2.500000000000003997, 11.55368985745187693 ) ) ;
#28 = VERTEX_POINT ( 'NONE', #482 ) ;
#29 = CARTESIAN_POINT ( 'NONE',  ( 5.000000000000000000, -49.00000000000000000, 11.45643923738960090 ) ) ;
#30 = FACE_OUTER_BOUND ( 'NONE', #3505, .T. ) ;
#31 = VERTEX_POINT ( 'NONE', #2220 ) ;
#32 = VERTEX_POINT ( 'NONE', #2182 ) ;
#33 = CARTESIAN_POINT ( 'NONE',  ( -12.50000000000000000, -29.00000000000000000, 1.000000000000000000 ) ) ;
#34 = CARTESIAN_POINT ( 'NONE',  ( 12.50000000000000000, -60.99999999999999289, -0.2500000000000000000 ) ) ;
#35 = EDGE_CURVE ( 'NONE', #2423, #995, #1302, .T. ) ;
#36 = CARTESIAN_POINT ( 'NONE',  ( 0.000000000000000000, 53.00000000000000000, 0.2500000000000000000 ) ) ;
#37 = EDGE_CURVE ( 'NONE', #1496, #3076, #728, .T. ) ;
#38 = AXIS2_PLACEMENT_3D ( 'NONE', #1000, #131, #2151 ) ;
#39 = FACE_OUTER_BOUND ( 'NONE', #2797, .T. ) ;
#40 = CARTESIAN_POINT ( 'NONE',  ( -4.000000000000003553, 29.00000000000000000, -12.50000000000000000 ) ) ;
#41 = CARTESIAN_POINT ( 'NONE',  ( 11.00000000000000000, 49.00000000000000000, 4.000000000000000000 ) ) ;
#42 = ADVANCED_FACE ( 'NONE', ( #1051 ), #181, .F. ) ;
#43 = DIRECTION ( 'NONE',  ( 1.000000000000000000, -0.000000000000000000, -0.000000000000000000 ) ) ;
#44 = CARTESIAN_POINT ( 'NONE',  ( -3.121207739997228003, 2.604816864416390931, 12.10617681082283070 ) ) ;
#45 = VERTEX_POINT ( 'NONE', #1934 ) ;
#46 = CARTESIAN_POINT ( 'NONE',  ( -2.901761471833693040, 32.33099519258838228, -12.16044286093255167 ) ) ;
#47 = CARTESIAN_POINT ( 'NONE',  ( -6.490628035480971530E-15, 45.00000000000000000, -5.000000000000000000 ) ) ;
#48 = ORIENTED_EDGE ( 'NONE', *, *, #709, .T. ) ;
#49 = ORIENTED_EDGE ( 'NONE', *, *, #1093, .F. ) ;
#50 = CARTESIAN_POINT ( 'NONE',  ( -12.44654530129164449, -5.020699910912035158, 1.157372252901223808 ) ) ;
#51 = LINE ( 'NONE', #2125, #3115 ) ;
#52 = CARTESIAN_POINT ( 'NONE',  ( -4.000000000000003553, 29.00000000000000000, -12.50000000000000000 ) ) ;
#53 = EDGE_CURVE ( 'NONE', #3380, #1921, #3026, .T. ) ;
#54 = CARTESIAN_POINT ( 'NONE',  ( 7.625733918967201319, 46.01782381176509062, 9.907210104797194106 ) ) ;
#55 = CARTESIAN_POINT ( 'NONE',  ( 0.000000000000000000, 45.00000000000000711, 0.000000000000000000 ) ) ;
#56 = VECTOR ( 'NONE', #2052, 1000.000000000000000 ) ;
#57 = EDGE_CURVE ( 'NONE', #3239, #2588, #2163, .T. ) ;
#58 = CARTESIAN_POINT ( 'NONE',  ( 3.809884749708924101, 32.00000000000000711, -11.90693265959579428 ) ) ;
#59 = CARTESIAN_POINT ( 'NONE',  ( 8.247982249431890622, -47.51049308227717205, -9.395337122904061644 ) ) ;
#60 = CARTESIAN_POINT ( 'NONE',  ( -0.8625436909129632346, 4.431522756916370653, -12.47052934731762619 ) ) ;
#61 = CARTESIAN_POINT ( 'NONE',  ( 3.620307008339255894, 31.98208292703146682, 11.96586563452860830 ) ) ;
#62 = ORIENTED_EDGE ( 'NONE', *, *, #399, .F. ) ;
#63 = DIRECTION ( 'NONE',  ( -0.000000000000000000, 0.000000000000000000, -1.000000000000000000 ) ) ;
#64 = CARTESIAN_POINT ( 'NONE',  ( -11.54668978730895290, -32.60028812652968355, 4.787931841592166116 ) ) ;
#65 = EDGE_CURVE ( 'NONE', #2403, #1983, #2083, .T. ) ;
#66 = ORIENTED_EDGE ( 'NONE', *, *, #1814, .F. ) ;
#67 = ORIENTED_EDGE ( 'NONE', *, *, #1304, .T. ) ;
#68 = CARTESIAN_POINT ( 'NONE',  ( -12.50000000000000000, -3.000000000000002665, 4.000000000000000888 ) ) ;
#69 = CARTESIAN_POINT ( 'NONE',  ( -11.84271928232701399, -2.500000000000002665, -3.999999999999999112 ) ) ;
#70 = CYLINDRICAL_SURFACE ( 'NONE', #2898, 3.499999999999999556 ) ;
#71 = ORIENTED_EDGE ( 'NONE', *, *, #3025, .T. ) ;
#72 = AXIS2_PLACEMENT_3D ( 'NONE', #151, #1285, #2449 ) ;
#73 = CARTESIAN_POINT ( 'NONE',  ( 7.063633543393876835, 46.14335813300040456, 10.31540691957062350 ) ) ;
#74 = CARTESIAN_POINT ( 'NONE',  ( 7.198019232017552227, 1.573632356430250567, -10.22069943957656513 ) ) ;
#75 = EDGE_CURVE ( 'NONE', #3688, #3239, #1353, .T. ) ;
#76 = AXIS2_PLACEMENT_3D ( 'NONE', #1135, #1687, #1407 ) ;
#77 = CARTESIAN_POINT ( 'NONE',  ( -2.038671058067600406, 31.27858950819834050, -12.33345172442782456 ) ) ;
#78 = EDGE_LOOP ( 'NONE', ( #2172, #2 ) ) ;
#79 = CARTESIAN_POINT ( 'NONE',  ( -12.48999599679680017, -29.23390765001725455, -0.5000000000000009992 ) ) ;
#80 = EDGE_CURVE ( 'NONE', #2047, #2835, #1316, .T. ) ;
#81 = CARTESIAN_POINT ( 'NONE',  ( -4.000000000000000000, 3.000000000000002665, 11.84271928232701221 ) ) ;
#82 = CARTESIAN_POINT ( 'NONE',  ( -2.901761471833690376, 2.669004807411616831, 12.16044286093255877 ) ) ;
#83 = VERTEX_POINT ( 'NONE', #746 ) ;
#84 = CARTESIAN_POINT ( 'NONE',  ( 12.47052934731761908, -4.431522756916368877, 0.8625436909129621244 ) ) ;
#85 = CARTESIAN_POINT ( 'NONE',  ( -10.22058363603898279, -33.42592913628031681, 7.198146685819360791 ) ) ;
#86 = ORIENTED_EDGE ( 'NONE', *, *, #937, .F. ) ;
#87 = ORIENTED_EDGE ( 'NONE', *, *, #2926, .T. ) ;
#88 = DIRECTION ( 'NONE',  ( -0.000000000000000000, 1.000000000000000000, -0.000000000000000000 ) ) ;
#89 = CARTESIAN_POINT ( 'NONE',  ( -4.000000000000000000, 3.000000000000002665, 11.84271928232701221 ) ) ;
#90 = ADVANCED_FACE ( 'NONE', ( #1616 ), #2761, .F. ) ;
#91 = FACE_OUTER_BOUND ( 'NONE', #1326, .T. ) ;
#92 = ORIENTED_EDGE ( 'NONE', *, *, #2464, .T. ) ;
#93 = CARTESIAN_POINT ( 'NONE',  ( 5.836381053476925374, 46.90969332987223339, 11.05498733582019355 ) ) ;
#94 = DIRECTION ( 'NONE',  ( 1.125011903012444010E-15, 1.000000000000000000, 0.000000000000000000 ) ) ;
#95 = CARTESIAN_POINT ( 'NONE',  ( 1.158693683254488294, 29.98291761469718608, -12.44642090734302897 ) ) ;
#96 = VECTOR ( 'NONE', #1098, 1000.000000000000000 ) ;
#97 = LINE ( 'NONE', #3273, #3640 ) ;
#98 = CIRCLE ( 'NONE', #1906, 1.500000000000001332 ) ;
#99 = CARTESIAN_POINT ( 'NONE',  ( 5.549434668021254957, 50.74483417897870652, 11.20175740617301408 ) ) ;
#100 = CARTESIAN_POINT ( 'NONE',  ( -3.558387440432785098, 2.520844541038066655, 11.98496280990864626 ) ) ;
#101 = VERTEX_POINT ( 'NONE', #2582 ) ;
#102 = ADVANCED_FACE ( 'NONE', ( #275 ), #1153, .F. ) ;
#103 = DIRECTION ( 'NONE',  ( 1.000000000000000000, -1.110223024625156540E-15, 0.000000000000000000 ) ) ;
#104 = CARTESIAN_POINT ( 'NONE',  ( 11.00000000000000178, -49.11667319748066518, 5.937171043518958413 ) ) ;
#105 = AXIS2_PLACEMENT_3D ( 'NONE', #1121, #1656, #1974 ) ;
#106 = CARTESIAN_POINT ( 'NONE',  ( -9.840345822462433389, -31.85086524249328832, 7.708858063356792023 ) ) ;
#107 = EDGE_LOOP ( 'NONE', ( #3153, #2215, #2322, #1554 ) ) ;
#108 = ORIENTED_EDGE ( 'NONE', *, *, #1655, .T. ) ;
#109 = DIRECTION ( 'NONE',  ( 0.000000000000000000, 0.000000000000000000, -1.000000000000000000 ) ) ;
#110 = DIRECTION ( 'NONE',  ( 1.000000000000000000, 0.000000000000000000, 0.000000000000000000 ) ) ;
#111 = CARTESIAN_POINT ( 'NONE',  ( -12.43985370341645869, -31.15400975713182774, 1.231658851972125435 ) ) ;
#112 = CARTESIAN_POINT ( 'NONE',  ( 6.877750255441652527, 46.21033489667635052, 10.44001485275203223 ) ) ;
#113 = DIRECTION ( 'NONE',  ( 1.000000000000000000, -1.110223024625156540E-15, 5.062616992290713824E-14 ) ) ;
#114 = B_SPLINE_CURVE_WITH_KNOTS ( 'NONE', 3,
 ( #374, #694, #3491, #2092, #2987, #1805, #3269, #1526, #1240, #1767, #3232, #963, #982, #2632, #3250, #2930, #357, #2688, #1506, #416, #130, #54, #1566, #73, #112, #2073, #676, #2284, #93, #1545, #1221, #2110, #2350, #2370, #2965, #3473 ),
 .UNSPECIFIED., .F., .F.,
 ( 4, 2, 2, 2, 2, 2, 2, 2, 2, 2, 2, 2, 2, 2, 2, 2, 2, 4 ),
 ( 0.01121004902345370396, 0.01156124914188826763, 0.01191244926032283130, 0.01261484949719197599, 0.01331724973406112067, 0.01401964997093026709, 0.01472205020779941351, 0.01542445044466855819, 0.01612685068153770288, 0.01682925091840684756, 0.01753165115527599571, 0.01823405139214514387, 0.01893645162901429202, 0.01963885186588344017, 0.02034125210275258833, 0.02104365233962173648, 0.02174605257649088463, 0.02244845281336002932 ),
 .UNSPECIFIED. ) ;
#115 = CARTESIAN_POINT ( 'NONE',  ( 12.12133672423717101, -31.85524633802721439, -3.059019908517887298 ) ) ;
#116 = ORIENTED_EDGE ( 'NONE', *, *, #1886, .T. ) ;
#117 = CYLINDRICAL_SURFACE ( 'NONE', #577, 12.50000000000000000 ) ;
#118 = CARTESIAN_POINT ( 'NONE',  ( -0.6141646781687630785, 5.083848761808803296, -12.48498595091598773 ) ) ;
#119 = CARTESIAN_POINT ( 'NONE',  ( 12.29275677521991028, -32.05425168757982846, -2.275202324205836124 ) ) ;
#120 = ORIENTED_EDGE ( 'NONE', *, *, #642, .T. ) ;
#121 = DIRECTION ( 'NONE',  ( 0.000000000000000000, 1.000000000000000000, -1.530638361156006492E-16 ) ) ;
#122 = CARTESIAN_POINT ( 'NONE',  ( -12.50000000000000000, -29.00000000000000000, 1.000000000000000000 ) ) ;
#123 = CARTESIAN_POINT ( 'NONE',  ( 10.99302196900186601, -48.76495300299542635, 5.950148611246867780 ) ) ;
#124 = EDGE_CURVE ( 'NONE', #386, #3670, #3687, .T. ) ;
#125 = VERTEX_POINT ( 'NONE', #1443 ) ;
#126 = ORIENTED_EDGE ( 'NONE', *, *, #2652, .F. ) ;
#127 = CARTESIAN_POINT ( 'NONE',  ( 7.901274978734512011, 47.49322217160139559, -9.688726673324337568 ) ) ;
#128 = DIRECTION ( 'NONE',  ( 1.000000000000000000, 0.000000000000000000, 0.000000000000000000 ) ) ;
#129 = ORIENTED_EDGE ( 'NONE', *, *, #750, .T. ) ;
#130 = CARTESIAN_POINT ( 'NONE',  ( 7.990772367756560079, 45.99444434956028971, 9.615206021203121622 ) ) ;
#131 = DIRECTION ( 'NONE',  ( 1.000000000000000000, -0.000000000000000000, -0.000000000000000000 ) ) ;
#132 = PLANE ( 'NONE',  #72 ) ;
#133 = CARTESIAN_POINT ( 'NONE',  ( -12.43941388976786477, -31.16003282425084109, -1.236222627283798836 ) ) ;
#134 = VECTOR ( 'NONE', #1064, 1000.000000000000000 ) ;
#135 = CARTESIAN_POINT ( 'NONE',  ( -7.447391324155633541, 1.829106147148285011, -10.04041871819753773 ) ) ;
#136 = CARTESIAN_POINT ( 'NONE',  ( -10.63291805949763535, -30.77542943734864167, -6.575053368450008762 ) ) ;
#137 = ORIENTED_EDGE ( 'NONE', *, *, #1756, .T. ) ;
#138 = CIRCLE ( 'NONE', #804, 5.000000000000000000 ) ;
#139 = CARTESIAN_POINT ( 'NONE',  ( -12.50000000000000000, -2.500000000000000888, -3.999999999999999112 ) ) ;
#140 = CARTESIAN_POINT ( 'NONE',  ( -0.5000000000000038858, 29.00000000000000000, 12.48999599679679839 ) ) ;
#141 = CARTESIAN_POINT ( 'NONE',  ( 9.995693049413153730, -46.75381972499101124, 7.508468337764946376 ) ) ;
#142 = VERTEX_POINT ( 'NONE', #1688 ) ;
#143 = ORIENTED_EDGE ( 'NONE', *, *, #870, .F. ) ;
#144 = ORIENTED_EDGE ( 'NONE', *, *, #1900, .F. ) ;
#145 = FACE_OUTER_BOUND ( 'NONE', #3635, .T. ) ;
#146 = CARTESIAN_POINT ( 'NONE',  ( -0.9999999999999911182, -53.00000000000000000, 12.45993579437711496 ) ) ;
#147 = VERTEX_POINT ( 'NONE', #3148 ) ;
#148 = EDGE_CURVE ( 'NONE', #3670, #28, #3314, .T. ) ;
#149 = CARTESIAN_POINT ( 'NONE',  ( 0.000000000000000000, -45.00000000000000000, -5.000000000000000000 ) ) ;
#150 = CARTESIAN_POINT ( 'NONE',  ( -3.809884749708930762, 32.00000000000000711, 11.90693265959578895 ) ) ;
#151 = CARTESIAN_POINT ( 'NONE',  ( -0.5000000000000038858, 29.00000000000000000, -12.50000000000000000 ) ) ;
#152 = VERTEX_POINT ( 'NONE', #2618 ) ;
#153 = CARTESIAN_POINT ( 'NONE',  ( -12.48156156161581265, -30.14507511159850495, -0.6845832522820449739 ) ) ;
#154 = CARTESIAN_POINT ( 'NONE',  ( -6.229229451334018286, 4.259875330515391134, -10.83914932541863507 ) ) ;
#155 = CARTESIAN_POINT ( 'NONE',  ( -11.12409803628527882, -30.84121470756456063, -5.704655636335052904 ) ) ;
#156 = ORIENTED_EDGE ( 'NONE', *, *, #1132, .T. ) ;
#157 = CARTESIAN_POINT ( 'NONE',  ( -0.5000000000000043299, 29.23390765001725455, -12.48999599679679839 ) ) ;
#158 = LINE ( 'NONE', #2179, #2207 ) ;
#159 = EDGE_CURVE ( 'NONE', #427, #1055, #3636, .T. ) ;
#160 = CARTESIAN_POINT ( 'NONE',  ( 10.34388405164244951, -47.11932534407942796, 7.020558212883729610 ) ) ;
#161 = AXIS2_PLACEMENT_3D ( 'NONE', #1561, #3600, #1256 ) ;
#162 = VERTEX_POINT ( 'NONE', #3183 ) ;
#163 = DIRECTION ( 'NONE',  ( -0.000000000000000000, -0.000000000000000000, 1.000000000000000000 ) ) ;
#164 = ORIENTED_EDGE ( 'NONE', *, *, #1992, .T. ) ;
#165 = B_SPLINE_CURVE_WITH_KNOTS ( 'NONE', 3,
 ( #2674, #2113, #1005, #2733, #3235, #3534, #1569, #1267, #454, #2713, #133, #3009, #436, #153, #1587, #1307, #79, #2374 ),
 .UNSPECIFIED., .F., .F.,
 ( 4, 2, 2, 2, 2, 2, 2, 2, 4 ),
 ( 8.673617379884035472E-19, 0.0006918256289551166912, 0.001383651257910232515, 0.002075476886865348231, 0.002767302515820464163, 0.003459128144775580095, 0.004150953773730695594, 0.004842779402685811960, 0.005534605031640927458 ),
 .UNSPECIFIED. ) ;
#166 = CARTESIAN_POINT ( 'NONE',  ( 8.417152350136060335, 47.54891623298814807, -9.243880000827511267 ) ) ;
#167 = FACE_OUTER_BOUND ( 'NONE', #254, .T. ) ;
#168 = CARTESIAN_POINT ( 'NONE',  ( 0.000000000000000000, -45.00000000000000000, 0.000000000000000000 ) ) ;
#169 = ADVANCED_FACE ( 'NONE', ( #1477 ), #1740, .F. ) ;
#170 = CARTESIAN_POINT ( 'NONE',  ( 0.9723366502293668834, 30.77108028788619620, -12.46280486602700144 ) ) ;
#171 = CARTESIAN_POINT ( 'NONE',  ( 11.12370379991197211, -33.65899544210337524, 5.705401273259713690 ) ) ;
#172 = EDGE_CURVE ( 'NONE', #3593, #2085, #2948, .T. ) ;
#173 = CARTESIAN_POINT ( 'NONE',  ( -5.089807603680048587, 1.779146262591546179, -11.41740255862264242 ) ) ;
#174 = LINE ( 'NONE', #1629, #2020 ) ;
#175 = EDGE_LOOP ( 'NONE', ( #2919, #2583, #699, #2644 ) ) ;
#176 = CARTESIAN_POINT ( 'NONE',  ( 0.000000000000000000, 2.500000000000002220, 0.000000000000000000 ) ) ;
#177 = CARTESIAN_POINT ( 'NONE',  ( 8.684926263411059111, -51.92561599817236839, 8.993016044581834123 ) ) ;
#178 = CARTESIAN_POINT ( 'NONE',  ( 10.87147217260404730, -48.10405319784116784, 6.170219233258163349 ) ) ;
#179 = ORIENTED_EDGE ( 'NONE', *, *, #3108, .F. ) ;
#180 = CARTESIAN_POINT ( 'NONE',  ( -2.897592169773380189, 32.32953177234673348, 12.16141420997243294 ) ) ;
#181 = PLANE ( 'NONE',  #1362 ) ;
#182 = ORIENTED_EDGE ( 'NONE', *, *, #1804, .T. ) ;
#183 = CYLINDRICAL_SURFACE ( 'NONE', #341, 5.000000000000000000 ) ;
#184 = PLANE ( 'NONE',  #894 ) ;
#185 = EDGE_CURVE ( 'NONE', #2047, #2460, #2376, .T. ) ;
#186 = ORIENTED_EDGE ( 'NONE', *, *, #172, .T. ) ;
#187 = DIRECTION ( 'NONE',  ( 0.000000000000000000, 1.000000000000000000, 0.000000000000000000 ) ) ;
#188 = DIRECTION ( 'NONE',  ( -0.000000000000000000, -0.000000000000000000, 1.000000000000000000 ) ) ;
#189 = CARTESIAN_POINT ( 'NONE',  ( 10.94038455320425207, -30.75273354123034153, 6.049505707728678239 ) ) ;
#190 = CARTESIAN_POINT ( 'NONE',  ( -5.226766378733198160, 1.637268762554086265, -11.35603571829509484 ) ) ;
#191 = CARTESIAN_POINT ( 'NONE',  ( 11.96586563452860830, -3.017917072968532288, -3.620307008339262111 ) ) ;
#192 = VERTEX_POINT ( 'NONE', #1832 ) ;
#193 = EDGE_CURVE ( 'NONE', #367, #590, #3442, .T. ) ;
#194 = CARTESIAN_POINT ( 'NONE',  ( -12.50000000000000000, -32.25000000000000000, -7.749999999999993783 ) ) ;
#195 = CARTESIAN_POINT ( 'NONE',  ( 6.250000000000002665, 2.750000000000002665, -12.50000000000000000 ) ) ;
#196 = CIRCLE ( 'NONE', #2421, 2.999999999999999112 ) ;
#197 = CARTESIAN_POINT ( 'NONE',  ( 5.993648288342178887, -46.75953660657570055, 10.97102549492088741 ) ) ;
#198 = CARTESIAN_POINT ( 'NONE',  ( -12.38356828857486747, -31.65693768075007597, 1.710124509001949233 ) ) ;
#199 = VECTOR ( 'NONE', #3247, 1000.000000000000000 ) ;
#200 = CARTESIAN_POINT ( 'NONE',  ( 0.5232156341741112104, 5.535028734811771933, -12.48913036041778568 ) ) ;
#201 = VERTEX_POINT ( 'NONE', #683 ) ;
#202 = CARTESIAN_POINT ( 'NONE',  ( 0.000000000000000000, -44.50000000000000000, -12.50000000000000000 ) ) ;
#203 = CARTESIAN_POINT ( 'NONE',  ( -12.30751450026828842, -31.40190954175475824, -2.191690976708657868 ) ) ;
#204 = ORIENTED_EDGE ( 'NONE', *, *, #1375, .T. ) ;
#205 = CARTESIAN_POINT ( 'NONE',  ( 7.194557070380216857, 50.28150323392008403, -10.22368523251859074 ) ) ;
#206 = DIRECTION ( 'NONE',  ( 0.000000000000000000, 0.000000000000000000, -1.000000000000000000 ) ) ;
#207 = CARTESIAN_POINT ( 'NONE',  ( 10.03653174742539989, -33.16448643992463730, 7.452661146829284711 ) ) ;
#208 = CARTESIAN_POINT ( 'NONE',  ( -7.200961024264227461, 3.924032543513661153, -10.21862456564308097 ) ) ;
#209 = CARTESIAN_POINT ( 'NONE',  ( 11.84271928232701221, -3.000000000000002665, -4.000000000000000888 ) ) ;
#210 = ORIENTED_EDGE ( 'NONE', *, *, #1329, .F. ) ;
#211 = CARTESIAN_POINT ( 'NONE',  ( -3.246703485572015158, 3.089864214478330151, -12.07256515986861345 ) ) ;
#212 = DIRECTION ( 'NONE',  ( 1.000000000000000000, 0.000000000000000000, -0.000000000000000000 ) ) ;
#213 = CIRCLE ( 'NONE', #2317, 12.50000000000000000 ) ;
#214 = EDGE_CURVE ( 'NONE', #998, #1581, #2778, .T. ) ;
#215 = CARTESIAN_POINT ( 'NONE',  ( -12.35804545169544255, -31.80102218265141190, 1.888684029851522617 ) ) ;
#216 = CARTESIAN_POINT ( 'NONE',  ( 3.778522698269924263, 2.500000000000002665, -11.91752551439251206 ) ) ;
#217 = ORIENTED_EDGE ( 'NONE', *, *, #2046, .T. ) ;
#218 = CIRCLE ( 'NONE', #1425, 12.50000000000000000 ) ;
#219 = DIRECTION ( 'NONE',  ( 0.000000000000000000, -1.000000000000000000, -0.000000000000000000 ) ) ;
#220 = CARTESIAN_POINT ( 'NONE',  ( 3.620307008339260779, 3.017917072968533621, -11.96586563452860830 ) ) ;
#221 = CIRCLE ( 'NONE', #702, 12.50000000000000000 ) ;
#222 = ORIENTED_EDGE ( 'NONE', *, *, #376, .T. ) ;
#223 = CARTESIAN_POINT ( 'NONE',  ( 7.368822626029772671, -50.37321464618452893, -10.09946335958012398 ) ) ;
#224 = VECTOR ( 'NONE', #1086, 1000.000000000000000 ) ;
#225 = CARTESIAN_POINT ( 'NONE',  ( 0.000000000000000000, 53.00000000000000000, 0.000000000000000000 ) ) ;
#226 = DIRECTION ( 'NONE',  ( -0.000000000000000000, -0.000000000000000000, 1.000000000000000000 ) ) ;
#227 = EDGE_CURVE ( 'NONE', #3091, #32, #3133, .T. ) ;
#228 = DIRECTION ( 'NONE',  ( 0.000000000000000000, -0.000000000000000000, 1.000000000000000000 ) ) ;
#229 = CARTESIAN_POINT ( 'NONE',  ( -0.9999999999999986677, 6.000000000000005329, 12.45993579437711496 ) ) ;
#230 = CARTESIAN_POINT ( 'NONE',  ( -6.742171055661187573, 1.322398365324828573, 10.52751251887841732 ) ) ;
#231 = ORIENTED_EDGE ( 'NONE', *, *, #3293, .T. ) ;
#232 = CARTESIAN_POINT ( 'NONE',  ( -3.059019908517889519, 3.144753661972782943, -12.12133672423716924 ) ) ;
#233 = DIRECTION ( 'NONE',  ( 1.000000000000000000, -0.000000000000000000, -0.000000000000000000 ) ) ;
#234 = CARTESIAN_POINT ( 'NONE',  ( -1.231658851972130542, 31.15400975713181353, 12.43985370341645869 ) ) ;
#235 = CARTESIAN_POINT ( 'NONE',  ( 2.480188189542880117, 2.839014568431093011, -12.25337736127782584 ) ) ;
#236 = ORIENTED_EDGE ( 'NONE', *, *, #3137, .F. ) ;
#237 = CARTESIAN_POINT ( 'NONE',  ( 0.000000000000000000, 32.49999999999999289, 0.000000000000000000 ) ) ;
#238 = CARTESIAN_POINT ( 'NONE',  ( 0.9999999999999974465, 6.000000000000005329, -12.45993579437711318 ) ) ;
#239 = EDGE_CURVE ( 'NONE', #1045, #1143, #1788, .T. ) ;
#240 = CIRCLE ( 'NONE', #2640, 12.50000000000000000 ) ;
#241 = ORIENTED_EDGE ( 'NONE', *, *, #1613, .T. ) ;
#242 = CARTESIAN_POINT ( 'NONE',  ( 9.145470701138243896, -49.97318263139029426, -8.521591915735797329 ) ) ;
#243 = EDGE_CURVE ( 'NONE', #2533, #2349, #3083, .T. ) ;
#244 = CARTESIAN_POINT ( 'NONE',  ( -10.63477572986805342, -33.72525407906269379, -6.572056358939742715 ) ) ;
#245 = CARTESIAN_POINT ( 'NONE',  ( 11.35527976380334891, -31.13592503829200808, -5.228386906535402723 ) ) ;
#246 = DIRECTION ( 'NONE',  ( 1.000000000000000000, -0.000000000000000000, -0.000000000000000000 ) ) ;
#247 = DIRECTION ( 'NONE',  ( 0.000000000000000000, 1.000000000000000000, 0.000000000000000000 ) ) ;
#248 = CARTESIAN_POINT ( 'NONE',  ( -12.50000000000000000, -32.00000000000000000, 4.770980054225103295 ) ) ;
#249 = ORIENTED_EDGE ( 'NONE', *, *, #2700, .T. ) ;
#250 = CARTESIAN_POINT ( 'NONE',  ( 12.48999599679679839, -6.000000000000000888, -0.5000000000000001110 ) ) ;
#251 = FACE_OUTER_BOUND ( 'NONE', #78, .T. ) ;
#252 = CARTESIAN_POINT ( 'NONE',  ( 11.00000000000000000, 49.00000000000000000, 12.00000000000000000 ) ) ;
#253 = CARTESIAN_POINT ( 'NONE',  ( -12.43985370341645869, -3.845990242868181141, -1.231658851972127433 ) ) ;
#254 = EDGE_LOOP ( 'NONE', ( #1860, #2435, #646, #3355 ) ) ;
#255 = AXIS2_PLACEMENT_3D ( 'NONE', #2247, #2558, #815 ) ;
#256 = LINE ( 'NONE', #1673, #1848 ) ;
#257 = CARTESIAN_POINT ( 'NONE',  ( 1.628464786153789312, 4.151986884631021724, -12.39397753572420413 ) ) ;
#258 = AXIS2_PLACEMENT_3D ( 'NONE', #2274, #2852, #859 ) ;
#259 = VECTOR ( 'NONE', #1819, 1000.000000000000000 ) ;
#260 = ORIENTED_EDGE ( 'NONE', *, *, #2840, .T. ) ;
#261 = ORIENTED_EDGE ( 'NONE', *, *, #701, .F. ) ;
#262 = DIRECTION ( 'NONE',  ( -0.000000000000000000, -0.000000000000000000, 1.000000000000000000 ) ) ;
#263 = CARTESIAN_POINT ( 'NONE',  ( 2.275202324205832571, 32.05425168757982846, -12.29275677521991206 ) ) ;
#264 = EDGE_CURVE ( 'NONE', #3135, #3225, #3066, .T. ) ;
#265 = B_SPLINE_CURVE_WITH_KNOTS ( 'NONE', 3,
 ( #1439, #585, #2249, #528, #3423, #3123, #2596, #2001, #548, #565, #2863, #1737, #1701, #1719, #2880, #1149, #304, #1422, #2844, #289, #24, #1168, #2579, #3392, #2316, #3105, #2809, #230, #2527, #816, #1684, #3683, #1112, #2826, #2264, #3407, #833, #270, #2560, #1131 ),
 .UNSPECIFIED., .F., .F.,
 ( 4, 2, 2, 2, 2, 2, 2, 2, 2, 2, 2, 2, 2, 2, 2, 2, 2, 2, 2, 4 ),
 ( 0.000000000000000000, 0.0003013219635432011294, 0.0006026439270864022589, 0.001205287854172806903, 0.001807931781259212306, 0.002410575708345617709, 0.003013219635432022678, 0.003615863562518428515, 0.004218507489604833918, 0.004519829453148036837, 0.004821151416691239755, 0.005423795343777646459, 0.006026439270864052296, 0.006629083197950459000, 0.007231727125036865704, 0.007834371052123272408, 0.008437014979209678245, 0.009039658906296084082, 0.009340980869839289602, 0.009642302833382491653 ),
 .UNSPECIFIED. ) ;
#266 = CARTESIAN_POINT ( 'NONE',  ( 1.099420946476976413, 5.208353814285939798, 12.45162091521704895 ) ) ;
#267 = EDGE_CURVE ( 'NONE', #192, #1837, #174, .T. ) ;
#268 = DIRECTION ( 'NONE',  ( 0.000000000000000000, 1.000000000000000000, 0.000000000000000000 ) ) ;
#269 = CARTESIAN_POINT ( 'NONE',  ( -4.933106070158379985, 3.474826760887991028, -11.48554595523436106 ) ) ;
#270 = CARTESIAN_POINT ( 'NONE',  ( -4.814849347050187411, 2.302317249881896011, 11.53554380110634270 ) ) ;
#271 = EDGE_LOOP ( 'NONE', ( #1061, #217, #2649, #327 ) ) ;
#272 = CARTESIAN_POINT ( 'NONE',  ( 12.47046141535685493, -4.429800060369632142, -0.8634959952463288069 ) ) ;
#273 = CARTESIAN_POINT ( 'NONE',  ( -4.000000000000003553, 31.99999999999999289, 11.84271928232701043 ) ) ;
#274 = CARTESIAN_POINT ( 'NONE',  ( 3.557352378179057695, 2.520848163557521282, 11.98530761904897091 ) ) ;
#275 = FACE_OUTER_BOUND ( 'NONE', #1305, .T. ) ;
#276 = ORIENTED_EDGE ( 'NONE', *, *, #745, .T. ) ;
#277 = EDGE_CURVE ( 'NONE', #966, #2888, #2772, .T. ) ;
#278 = DIRECTION ( 'NONE',  ( 0.000000000000000000, 0.000000000000000000, 1.000000000000000000 ) ) ;
#279 = DIRECTION ( 'NONE',  ( 1.000000000000000000, 0.000000000000000000, 0.000000000000000000 ) ) ;
#280 = EDGE_LOOP ( 'NONE', ( #1596, #2336 ) ) ;
#281 = ORIENTED_EDGE ( 'NONE', *, *, #1091, .F. ) ;
#282 = CARTESIAN_POINT ( 'NONE',  ( 7.750000000000013323, 2.750000000000002665, -12.50000000000000000 ) ) ;
#283 = VECTOR ( 'NONE', #1490, 1000.000000000000000 ) ;
#284 = CARTESIAN_POINT ( 'NONE',  ( -11.35527976380334891, -33.36407496170800613, -5.228386906535403611 ) ) ;
#285 = AXIS2_PLACEMENT_3D ( 'NONE', #495, #2266, #3684 ) ;
#286 = DIRECTION ( 'NONE',  ( 1.776356839400250465E-15, 0.000000000000000000, 1.000000000000000000 ) ) ;
#287 = EDGE_CURVE ( 'NONE', #2664, #787, #3354, .T. ) ;
#288 = FACE_BOUND ( 'NONE', #970, .T. ) ;
#289 = CARTESIAN_POINT ( 'NONE',  ( -7.739007193877051272, 2.956870701495960319, 9.816232959557519067 ) ) ;
#290 = ORIENTED_EDGE ( 'NONE', *, *, #2564, .F. ) ;
#291 = DIRECTION ( 'NONE',  ( 0.000000000000000000, 1.000000000000000000, 0.000000000000000000 ) ) ;
#292 = DIRECTION ( 'NONE',  ( 0.000000000000000000, 0.000000000000000000, 1.000000000000000000 ) ) ;
#293 = DIRECTION ( 'NONE',  ( 0.000000000000000000, -1.000000000000000000, -0.000000000000000000 ) ) ;
#294 = ORIENTED_EDGE ( 'NONE', *, *, #449, .F. ) ;
#295 = PLANE ( 'NONE',  #3287 ) ;
#296 = CARTESIAN_POINT ( 'NONE',  ( 11.55368985745187160, -32.50000000000000000, -4.770980054225103295 ) ) ;
#297 = ORIENTED_EDGE ( 'NONE', *, *, #1204, .F. ) ;
#298 = VERTEX_POINT ( 'NONE', #777 ) ;
#299 = CARTESIAN_POINT ( 'NONE',  ( 6.883634702743576916, -50.02211416901621988, -10.43556248851785639 ) ) ;
#300 = DIRECTION ( 'NONE',  ( -1.000000000000000000, 0.000000000000000000, -0.000000000000000000 ) ) ;
#301 = CARTESIAN_POINT ( 'NONE',  ( 11.53557098533309855, -31.80255576042913290, -4.814783617034989582 ) ) ;
#302 = CYLINDRICAL_SURFACE ( 'NONE', #255, 3.000000000000000000 ) ;
#303 = CARTESIAN_POINT ( 'NONE',  ( 3.999999999999994671, 32.00000000000000000, -11.84271928232701399 ) ) ;
#304 = CARTESIAN_POINT ( 'NONE',  ( -7.555211415797065122, 3.513952288337114371, 9.958807340907107175 ) ) ;
#305 = CARTESIAN_POINT ( 'NONE',  ( 12.24392902302150787, -31.61860506102813417, 2.522820760758097691 ) ) ;
#306 = FACE_OUTER_BOUND ( 'NONE', #1779, .T. ) ;
#307 = CARTESIAN_POINT ( 'NONE',  ( -12.50000000000000000, -32.25000000000000000, -6.250000000000000000 ) ) ;
#308 = ORIENTED_EDGE ( 'NONE', *, *, #2401, .F. ) ;
#309 = EDGE_CURVE ( 'NONE', #2980, #729, #218, .T. ) ;
#310 = DIRECTION ( 'NONE',  ( 1.000000000000000000, -0.000000000000000000, -0.000000000000000000 ) ) ;
#311 = CARTESIAN_POINT ( 'NONE',  ( -10.63311709584639786, -30.77531519128334736, 6.574745507022257129 ) ) ;
#312 = EDGE_CURVE ( 'NONE', #1464, #1180, #698, .T. ) ;
#313 = VERTEX_POINT ( 'NONE', #1364 ) ;
#314 = ORIENTED_EDGE ( 'NONE', *, *, #2959, .F. ) ;
#315 = CARTESIAN_POINT ( 'NONE',  ( -12.45993579437711851, -5.799218689567660512, 1.000000000000000666 ) ) ;
#316 = CARTESIAN_POINT ( 'NONE',  ( 5.228386906535392953, 3.864074961708007017, 11.35527976380334891 ) ) ;
#317 = VECTOR ( 'NONE', #1799, 1000.000000000000000 ) ;
#318 = CARTESIAN_POINT ( 'NONE',  ( 12.45993579437711318, -53.00000000000000000, -1.000000000000000000 ) ) ;
#319 = CIRCLE ( 'NONE', #2726, 12.50000000000000000 ) ;
#320 = EDGE_CURVE ( 'NONE', #787, #2819, #2509, .T. ) ;
#321 = CARTESIAN_POINT ( 'NONE',  ( 2.525556835550713863, 3.380006183829177946, 12.24334387746707442 ) ) ;
#322 = DIRECTION ( 'NONE',  ( -0.000000000000000000, -0.000000000000000000, 1.000000000000000000 ) ) ;
#323 = CYLINDRICAL_SURFACE ( 'NONE', #2858, 2.999999999999999112 ) ;
#324 = CARTESIAN_POINT ( 'NONE',  ( 9.500000000000003553, -48.76801368413096327, -8.124038404635962607 ) ) ;
#325 = CARTESIAN_POINT ( 'NONE',  ( 3.778475619130023055, 2.500000000000003109, 11.91754141585526838 ) ) ;
#326 = CARTESIAN_POINT ( 'NONE',  ( 7.201030405492906183, 1.576357337989193308, 10.21855009435866535 ) ) ;
#327 = ORIENTED_EDGE ( 'NONE', *, *, #1692, .F. ) ;
#328 = DIRECTION ( 'NONE',  ( 0.000000000000000000, -1.000000000000000000, 0.000000000000000000 ) ) ;
#329 = CARTESIAN_POINT ( 'NONE',  ( -11.53564220802629237, -32.69669234434412886, 4.814609351150242134 ) ) ;
#330 = EDGE_CURVE ( 'NONE', #2148, #845, #2156, .T. ) ;
#331 = ORIENTED_EDGE ( 'NONE', *, *, #159, .T. ) ;
#332 = VERTEX_POINT ( 'NONE', #1868 ) ;
#333 = CARTESIAN_POINT ( 'NONE',  ( 12.48999599679679839, -53.00000000000000000, 0.4999999999999998890 ) ) ;
#334 = CARTESIAN_POINT ( 'NONE',  ( -6.490628035480971530E-15, 45.00000000000000000, 5.000000000000000888 ) ) ;
#335 = EDGE_CURVE ( 'NONE', #147, #873, #3335, .T. ) ;
#336 = VECTOR ( 'NONE', #1595, 1000.000000000000000 ) ;
#337 = DIRECTION ( 'NONE',  ( 0.000000000000000000, 1.000000000000000000, 0.000000000000000000 ) ) ;
#338 = CARTESIAN_POINT ( 'NONE',  ( -1.759195886242286733, 3.995585528234159689, -12.37641014440912812 ) ) ;
#339 = VECTOR ( 'NONE', #1507, 1000.000000000000000 ) ;
#340 = CYLINDRICAL_SURFACE ( 'NONE', #1306, 1.500000000000001332 ) ;
#341 = AXIS2_PLACEMENT_3D ( 'NONE', #3618, #3344, #3305 ) ;
#342 = DIRECTION ( 'NONE',  ( 0.000000000000000000, -8.881784197001252323E-15, 1.000000000000000000 ) ) ;
#343 = CARTESIAN_POINT ( 'NONE',  ( 9.444779412664640716, -48.54682875969901090, -8.189252118492850840 ) ) ;
#344 = FACE_OUTER_BOUND ( 'NONE', #1027, .T. ) ;
#345 = CARTESIAN_POINT ( 'NONE',  ( 12.48912819291711251, -29.46384266713856093, -0.5232106911776913671 ) ) ;
#346 = VERTEX_POINT ( 'NONE', #3440 ) ;
#347 = LINE ( 'NONE', #914, #465 ) ;
#348 = DIRECTION ( 'NONE',  ( -0.000000000000000000, -0.000000000000000000, 1.000000000000000000 ) ) ;
#349 = ORIENTED_EDGE ( 'NONE', *, *, #2203, .F. ) ;
#350 = ORIENTED_EDGE ( 'NONE', *, *, #2062, .T. ) ;
#351 = LINE ( 'NONE', #633, #3553 ) ;
#352 = ADVANCED_FACE ( 'NONE', ( #3179 ), #1664, .F. ) ;
#353 = PLANE ( 'NONE',  #1620 ) ;
#354 = DIRECTION ( 'NONE',  ( 0.000000000000000000, -1.000000000000000000, -3.388131789017204438E-18 ) ) ;
#355 = ORIENTED_EDGE ( 'NONE', *, *, #243, .F. ) ;
#356 = ADVANCED_FACE ( 'NONE', ( #3459, #3702 ), #1456, .T. ) ;
#357 = CARTESIAN_POINT ( 'NONE',  ( 9.009724852144774587, 46.16997030239477340, 8.667619014853581660 ) ) ;
#358 = LINE ( 'NONE', #393, #3160 ) ;
#359 = CARTESIAN_POINT ( 'NONE',  ( 2.525556835550713863, 31.61999381617083671, -12.24334387746706909 ) ) ;
#360 = LINE ( 'NONE', #2076, #824 ) ;
#361 = CARTESIAN_POINT ( 'NONE',  ( -1.710124509001950788, 3.343062319249932024, -12.38356828857486391 ) ) ;
#362 = CARTESIAN_POINT ( 'NONE',  ( -0.6154617601134840799, 5.078518200587804010, 12.48492445236219162 ) ) ;
#363 = ORIENTED_EDGE ( 'NONE', *, *, #1072, .F. ) ;
#364 = FACE_BOUND ( 'NONE', #732, .T. ) ;
#365 = EDGE_CURVE ( 'NONE', #1505, #2423, #889, .T. ) ;
#366 = CARTESIAN_POINT ( 'NONE',  ( -10.93942235635132754, -30.75255288621330507, 6.051233628480247262 ) ) ;
#367 = VERTEX_POINT ( 'NONE', #1982 ) ;
#368 = ORIENTED_EDGE ( 'NONE', *, *, #450, .T. ) ;
#369 = DIRECTION ( 'NONE',  ( 0.000000000000000000, 0.000000000000000000, -1.000000000000000000 ) ) ;
#370 = DIRECTION ( 'NONE',  ( -0.000000000000000000, -1.000000000000000000, -0.000000000000000000 ) ) ;
#371 = CARTESIAN_POINT ( 'NONE',  ( -12.50000000000000000, -32.50000000000000000, -4.000000000000000000 ) ) ;
#372 = ORIENTED_EDGE ( 'NONE', *, *, #745, .F. ) ;
#373 = AXIS2_PLACEMENT_3D ( 'NONE', #508, #268, #228 ) ;
#374 = CARTESIAN_POINT ( 'NONE',  ( 11.00000000000000178, 49.00000000000000000, 5.937171043518958413 ) ) ;
#375 = CARTESIAN_POINT ( 'NONE',  ( -1.000000000000004441, 29.20081465614577354, 12.45993579437711496 ) ) ;
#376 = EDGE_CURVE ( 'NONE', #798, #2007, #1602, .T. ) ;
#377 = CARTESIAN_POINT ( 'NONE',  ( -6.429396968688866299E-15, -44.50000000000000000, -12.50000000000000000 ) ) ;
#378 = FACE_BOUND ( 'NONE', #2978, .T. ) ;
#379 = CARTESIAN_POINT ( 'NONE',  ( 5.135801464957028273, 49.92234729945035099, 11.39636099189418950 ) ) ;
#380 = CARTESIAN_POINT ( 'NONE',  ( -0.9744646605799678341, 4.225079416509118779, 12.46265152086179739 ) ) ;
#381 = VERTEX_POINT ( 'NONE', #3145 ) ;
#382 = CARTESIAN_POINT ( 'NONE',  ( 4.770980054225089084, 3.000000000000002665, -11.55368985745187693 ) ) ;
#383 = CARTESIAN_POINT ( 'NONE',  ( 9.610336991045864252, -51.55262769680757629, 8.005601013630760932 ) ) ;
#384 = CARTESIAN_POINT ( 'NONE',  ( 9.870300859728240894, -32.74279088375681823, -7.670032637423706667 ) ) ;
#385 = ORIENTED_EDGE ( 'NONE', *, *, #3249, .T. ) ;
#386 = VERTEX_POINT ( 'NONE', #3162 ) ;
#387 = ORIENTED_EDGE ( 'NONE', *, *, #1863, .F. ) ;
#388 = CARTESIAN_POINT ( 'NONE',  ( -12.43124541192992183, -4.653988984833462794, 1.311540307143528761 ) ) ;
#389 = CARTESIAN_POINT ( 'NONE',  ( 4.770980054225089084, 3.000000000000002665, 11.55368985745187693 ) ) ;
#390 = DIRECTION ( 'NONE',  ( 1.000000000000000000, 0.000000000000000000, 0.000000000000000000 ) ) ;
#391 = ORIENTED_EDGE ( 'NONE', *, *, #3517, .T. ) ;
#392 = DIRECTION ( 'NONE',  ( 0.000000000000000000, -1.000000000000000000, 9.000095224099380108E-15 ) ) ;
#393 = CARTESIAN_POINT ( 'NONE',  ( -12.50000000000000000, -2.500000000000000888, -3.999999999999999112 ) ) ;
#394 = AXIS2_PLACEMENT_3D ( 'NONE', #459, #2436, #2137 ) ;
#395 = CARTESIAN_POINT ( 'NONE',  ( 12.07256515986861700, -31.91013578552166763, -3.246703485572014714 ) ) ;
#396 = ORIENTED_EDGE ( 'NONE', *, *, #2969, .F. ) ;
#397 = ORIENTED_EDGE ( 'NONE', *, *, #1979, .F. ) ;
#398 = VECTOR ( 'NONE', #3627, 1000.000000000000000 ) ;
#399 = EDGE_CURVE ( 'NONE', #1392, #31, #265, .T. ) ;
#400 = CARTESIAN_POINT ( 'NONE',  ( 11.84271928232701221, -32.00000000000000000, 4.000000000000000888 ) ) ;
#401 = VECTOR ( 'NONE', #3159, 1000.000000000000000 ) ;
#402 = CARTESIAN_POINT ( 'NONE',  ( 6.511408881134195248, 51.61256249273134955, 10.67232860028929764 ) ) ;
#403 = CARTESIAN_POINT ( 'NONE',  ( 12.42443616589256195, -31.33459776435068633, -1.382271808924404599 ) ) ;
#404 = B_SPLINE_CURVE_WITH_KNOTS ( 'NONE', 3,
 ( #3465, #1462, #2660, #955, #3502, #84, #2641, #1230, #3221, #2379, #3446, #1795, #2938, #2870, #1447, #2585, #16, #2307 ),
 .UNSPECIFIED., .F., .F.,
 ( 4, 2, 2, 2, 2, 2, 2, 2, 4 ),
 ( 0.000000000000000000, 0.0006917567136071117381, 0.001383513427214223476, 0.002075270140821335214, 0.002767026854428446953, 0.003458783568035559124, 0.004150540281642671296, 0.004842296995249783034, 0.005534053708856896507 ),
 .UNSPECIFIED. ) ;
#405 = ORIENTED_EDGE ( 'NONE', *, *, #2531, .F. ) ;
#406 = FACE_OUTER_BOUND ( 'NONE', #2385, .T. ) ;
#407 = CARTESIAN_POINT ( 'NONE',  ( 10.54879805016620509, -50.59199817186881631, 6.708731082834273884 ) ) ;
#408 = AXIS2_PLACEMENT_3D ( 'NONE', #424, #706, #1011 ) ;
#409 = CARTESIAN_POINT ( 'NONE',  ( 5.000000000000000000, -49.00000000000000000, 11.45643923738960090 ) ) ;
#410 = ORIENTED_EDGE ( 'NONE', *, *, #2763, .T. ) ;
#411 = ORIENTED_EDGE ( 'NONE', *, *, #582, .T. ) ;
#412 = CARTESIAN_POINT ( 'NONE',  ( 6.961563339567378605, 47.91287441220583077, -10.38245811451654710 ) ) ;
#413 = CARTESIAN_POINT ( 'NONE',  ( 1.530808498934191521E-15, -3.000000000000002665, -12.50000000000000000 ) ) ;
#414 = CARTESIAN_POINT ( 'NONE',  ( -12.42443616589256195, -31.33459776435068633, 1.382271808924405709 ) ) ;
#415 = ORIENTED_EDGE ( 'NONE', *, *, #312, .F. ) ;
#416 = CARTESIAN_POINT ( 'NONE',  ( 8.168644488044167318, 45.99966708982051955, 9.464534566785507863 ) ) ;
#417 = CARTESIAN_POINT ( 'NONE',  ( -1.312397050351510996, 30.34756781198597153, 12.43115354408383766 ) ) ;
#418 = AXIS2_PLACEMENT_3D ( 'NONE', #1638, #3638, #3601 ) ;
#419 = CARTESIAN_POINT ( 'NONE',  ( 3.999999999999994671, 32.49999999999999289, 11.84271928232701399 ) ) ;
#420 = CARTESIAN_POINT ( 'NONE',  ( 2.278700861452765736, 32.05606760240903697, 12.29208428082059612 ) ) ;
#421 = DIRECTION ( 'NONE',  ( 0.000000000000000000, 1.000000000000000000, 0.000000000000000000 ) ) ;
#422 = CARTESIAN_POINT ( 'NONE',  ( 12.48164662865004004, -30.14092593180693669, -0.6830675358651377982 ) ) ;
#423 = EDGE_LOOP ( 'NONE', ( #144, #1676, #575, #3526 ) ) ;
#424 = CARTESIAN_POINT ( 'NONE',  ( 0.000000000000000000, -2.500000000000002220, 0.000000000000000000 ) ) ;
#425 = CARTESIAN_POINT ( 'NONE',  ( 10.89719414258062002, -49.78622284967531186, 6.124029765982418105 ) ) ;
#426 = CARTESIAN_POINT ( 'NONE',  ( 10.94628655939844464, -48.42431450644168933, 6.035846146654270328 ) ) ;
#427 = VERTEX_POINT ( 'NONE', #2283 ) ;
#428 = VERTEX_POINT ( 'NONE', #1751 ) ;
#429 = SURFACE_STYLE_USAGE ( .BOTH. , #1840 ) ;
#430 = DIRECTION ( 'NONE',  ( -0.000000000000000000, -0.000000000000000000, 1.000000000000000000 ) ) ;
#431 = B_SPLINE_CURVE_WITH_KNOTS ( 'NONE', 3,
 ( #3190, #3266, #1257, #3228, #961, #2685, #691, #2089, #1522, #2943, #2050, #2891, #2666, #316, #614, #1467, #1217, #3470, #2387, #389 ),
 .UNSPECIFIED., .F., .F.,
 ( 4, 2, 2, 2, 2, 2, 2, 2, 2, 4 ),
 ( 0.004827073103181803680, 0.005428976819456888918, 0.006030880535731975023, 0.006632784252007059393, 0.007234687968282143763, 0.007836591684557229001, 0.008438495400832312504, 0.009040399117107397742, 0.009341350975244942095, 0.009642302833382484714 ),
 .UNSPECIFIED. ) ;
#432 = LINE ( 'NONE', #3585, #903 ) ;
#433 = CYLINDRICAL_SURFACE ( 'NONE', #1482, 2.999999999999999556 ) ;
#434 = CARTESIAN_POINT ( 'NONE',  ( 0.6141646781687573053, 29.91615123819119049, -12.48498595091598418 ) ) ;
#435 = ADVANCED_FACE ( 'NONE', ( #2896 ), #323, .T. ) ;
#436 = CARTESIAN_POINT ( 'NONE',  ( -12.47046141535685493, -30.57019993963036697, -0.8634959952463273636 ) ) ;
#437 = AXIS2_PLACEMENT_3D ( 'NONE', #1018, #1877, #3023 ) ;
#438 = VECTOR ( 'NONE', #1923, 1000.000000000000000 ) ;
#439 = CARTESIAN_POINT ( 'NONE',  ( -7.055921085992329367, 4.027016044735080236, -10.31985310007783951 ) ) ;
#440 = CARTESIAN_POINT ( 'NONE',  ( 12.43124541192992183, -4.653988984833462794, -1.311540307143528761 ) ) ;
#441 = EDGE_LOOP ( 'NONE', ( #606, #1957, #3384, #1036 ) ) ;
#442 = CIRCLE ( 'NONE', #618, 12.50000000000000000 ) ;
#443 = CARTESIAN_POINT ( 'NONE',  ( 11.84271928232701221, -2.500000000000002220, 4.000000000000000000 ) ) ;
#444 = CARTESIAN_POINT ( 'NONE',  ( 5.000000000000000888, -49.23697413032825665, 11.45643923738960268 ) ) ;
#445 = CARTESIAN_POINT ( 'NONE',  ( 8.000000000000000000, -49.00000000000000000, 4.000000000000000000 ) ) ;
#446 = DIRECTION ( 'NONE',  ( 0.000000000000000000, 3.388131789017204438E-18, 1.000000000000000000 ) ) ;
#447 = ORIENTED_EDGE ( 'NONE', *, *, #1992, .F. ) ;
#448 = CARTESIAN_POINT ( 'NONE',  ( -6.429395695523603956E-15, 44.50000000000000000, 12.50000000000000000 ) ) ;
#449 = EDGE_CURVE ( 'NONE', #1993, #2571, #1177, .T. ) ;
#450 = EDGE_CURVE ( 'NONE', #2537, #856, #1292, .T. ) ;
#451 = DIRECTION ( 'NONE',  ( 1.000000000000000000, -0.000000000000000000, -0.000000000000000000 ) ) ;
#452 = CARTESIAN_POINT ( 'NONE',  ( 9.500000000000003553, 48.76801368413096327, -8.124038404635962607 ) ) ;
#453 = DIRECTION ( 'NONE',  ( -0.000000000000000000, -0.000000000000000000, 1.000000000000000000 ) ) ;
#454 = CARTESIAN_POINT ( 'NONE',  ( -12.38324591824119913, -31.65898430191817070, -1.712483258192832425 ) ) ;
#455 = VECTOR ( 'NONE', #2470, 1000.000000000000000 ) ;
#456 = CARTESIAN_POINT ( 'NONE',  ( 11.00000000000000178, 49.11667319748066518, 5.937171043518958413 ) ) ;
#457 = CARTESIAN_POINT ( 'NONE',  ( 12.07368272414061572, -3.090807801841748415, -3.242645323653438272 ) ) ;
#458 = VERTEX_POINT ( 'NONE', #1835 ) ;
#459 = CARTESIAN_POINT ( 'NONE',  ( 8.000000000000000000, -49.00000000000000000, 4.000000000000000000 ) ) ;
#460 = DIRECTION ( 'NONE',  ( 0.000000000000000000, 0.000000000000000000, -1.000000000000000000 ) ) ;
#461 = CARTESIAN_POINT ( 'NONE',  ( 6.510178555191788341, -46.38808347368207308, 10.67309392263704027 ) ) ;
#462 = VERTEX_POINT ( 'NONE', #3260 ) ;
#463 = CARTESIAN_POINT ( 'NONE',  ( -12.50000000000000000, -32.00000000000000000, -3.999999999999999112 ) ) ;
#464 = VERTEX_POINT ( 'NONE', #665 ) ;
#465 = VECTOR ( 'NONE', #310, 1000.000000000000000 ) ;
#466 = CARTESIAN_POINT ( 'NONE',  ( -12.50000000000000000, -6.000000000000001776, 4.000000000000000000 ) ) ;
#467 = DIRECTION ( 'NONE',  ( 0.000000000000000000, 1.000000000000000000, 0.000000000000000000 ) ) ;
#468 = ORIENTED_EDGE ( 'NONE', *, *, #1337, .F. ) ;
#469 = EDGE_CURVE ( 'NONE', #3205, #2819, #1012, .T. ) ;
#470 = DIRECTION ( 'NONE',  ( 0.000000000000000000, -1.000000000000000000, 0.000000000000000000 ) ) ;
#471 = DIRECTION ( 'NONE',  ( -0.000000000000000000, -0.000000000000000000, 1.000000000000000000 ) ) ;
#472 = EDGE_CURVE ( 'NONE', #1461, #3649, #1312, .T. ) ;
#473 = CARTESIAN_POINT ( 'NONE',  ( 9.848005524144481271, -31.84790203262097208, 7.698535513953538079 ) ) ;
#474 = B_SPLINE_CURVE_WITH_KNOTS ( 'NONE', 3,
 ( #2699, #993, #123, #3054, #426, #178, #2139, #744, #1633, #160, #2759, #141, #3597, #2420, #1293, #1313, #480, #3321, #1273, #3560, #3280, #710, #2777, #762, #2740, #461, #1048, #197, #1594, #1031, #2458, #1558, #2400, #2180, #3540, #409 ),
 .UNSPECIFIED., .F., .F.,
 ( 4, 2, 2, 2, 2, 2, 2, 2, 2, 2, 2, 2, 2, 2, 2, 2, 2, 4 ),
 ( 0.01121004902345370396, 0.01156124914188826763, 0.01191244926032283130, 0.01261484949719197599, 0.01331724973406112067, 0.01401964997093026709, 0.01472205020779941351, 0.01542445044466855819, 0.01612685068153770288, 0.01682925091840684756, 0.01753165115527599571, 0.01823405139214514387, 0.01893645162901429202, 0.01963885186588344017, 0.02034125210275258833, 0.02104365233962173648, 0.02174605257649088463, 0.02244845281336002932 ),
 .UNSPECIFIED. ) ;
#475 = CARTESIAN_POINT ( 'NONE',  ( -4.814609351150228811, 2.303307655655867148, -11.53564220802629592 ) ) ;
#476 = CARTESIAN_POINT ( 'NONE',  ( 12.20705785871649773, -3.291014540260983168, -2.696610625404030515 ) ) ;
#477 = ORIENTED_EDGE ( 'NONE', *, *, #2751, .F. ) ;
#478 = CARTESIAN_POINT ( 'NONE',  ( 12.43941388976786477, -3.839967175749162465, -1.236222627283799502 ) ) ;
#479 = CARTESIAN_POINT ( 'NONE',  ( 3.999999999999994671, 32.00000000000000000, 11.84271928232701399 ) ) ;
#480 = CARTESIAN_POINT ( 'NONE',  ( 9.009724852144774587, -46.16997030239477340, 8.667619014853581660 ) ) ;
#481 = DIRECTION ( 'NONE',  ( 0.000000000000000000, 0.000000000000000000, 1.000000000000000000 ) ) ;
#482 = CARTESIAN_POINT ( 'NONE',  ( 7.750000000000014211, 2.750000000000000888, 9.807522622966505566 ) ) ;
#483 = ORIENTED_EDGE ( 'NONE', *, *, #2438, .F. ) ;
#484 = CARTESIAN_POINT ( 'NONE',  ( 7.369105046341523746, 47.62670218898866636, -10.09924816829568961 ) ) ;
#485 = CARTESIAN_POINT ( 'NONE',  ( 6.499999999999999112, 49.00000000000000000, -12.50000000000000000 ) ) ;
#486 = ORIENTED_EDGE ( 'NONE', *, *, #2737, .F. ) ;
#487 = CARTESIAN_POINT ( 'NONE',  ( 0.000000000000000000, -53.00000000000000000, 0.000000000000000000 ) ) ;
#488 = CARTESIAN_POINT ( 'NONE',  ( 2.897592169773373083, 32.32953177234673348, -12.16141420997243827 ) ) ;
#489 = CARTESIAN_POINT ( 'NONE',  ( 11.53564220802629237, -31.80330765565586049, 4.814609351150242134 ) ) ;
#490 = EDGE_CURVE ( 'NONE', #1505, #1444, #1821, .T. ) ;
#491 = CARTESIAN_POINT ( 'NONE',  ( -7.708858063356812451, 3.149134757506712567, -9.840345822462419179 ) ) ;
#492 = CARTESIAN_POINT ( 'NONE',  ( 12.37662814290725954, -3.997354647872096933, -1.757636746882045520 ) ) ;
#493 = ORIENTED_EDGE ( 'NONE', *, *, #660, .T. ) ;
#494 = B_SPLINE_CURVE_WITH_KNOTS ( 'NONE', 3,
 ( #2044, #1758, #2903, #2621, #46, #1193, #2341, #723, #3538, #1327, #1870, #1046, #2398, #1812, #1573, #1250, #157, #1891 ),
 .UNSPECIFIED., .F., .F.,
 ( 4, 2, 2, 2, 2, 2, 2, 2, 4 ),
 ( 0.000000000000000000, 0.0006918256289551154986, 0.001383651257910230997, 0.002075476886865346496, 0.002767302515820462862, 0.003459128144775578360, 0.004150953773730694726, 0.004842779402685811092, 0.005534605031640926591 ),
 .UNSPECIFIED. ) ;
#495 = CARTESIAN_POINT ( 'NONE',  ( 12.49999999999999289, 32.50000000000000000, -12.50000000000000000 ) ) ;
#496 = DIRECTION ( 'NONE',  ( 1.000000000000000000, -0.000000000000000000, -0.000000000000000000 ) ) ;
#497 = VECTOR ( 'NONE', #2259, 1000.000000000000000 ) ;
#498 = CARTESIAN_POINT ( 'NONE',  ( -12.48913036041778213, -5.535028734811771045, 0.5232156341741120986 ) ) ;
#499 = CARTESIAN_POINT ( 'NONE',  ( 1.710124509001950122, 3.343062319249932912, 12.38356828857486747 ) ) ;
#500 = AXIS2_PLACEMENT_3D ( 'NONE', #1987, #2287, #2252 ) ;
#501 = DIRECTION ( 'NONE',  ( -0.000000000000000000, -0.000000000000000000, 1.000000000000000000 ) ) ;
#502 = ORIENTED_EDGE ( 'NONE', *, *, #2242, .T. ) ;
#503 = DIRECTION ( 'NONE',  ( 0.000000000000000000, 0.000000000000000000, -1.000000000000000000 ) ) ;
#504 = ORIENTED_EDGE ( 'NONE', *, *, #2856, .F. ) ;
#505 = DIRECTION ( 'NONE',  ( 0.000000000000000000, -1.000000000000000000, 0.000000000000000000 ) ) ;
#506 = FACE_OUTER_BOUND ( 'NONE', #2696, .T. ) ;
#507 = CARTESIAN_POINT ( 'NONE',  ( 11.50554204049844742, -31.61780817273224997, 4.886103428101361779 ) ) ;
#508 = CARTESIAN_POINT ( 'NONE',  ( 12.50000000000000000, 45.00000000000000000, -12.50000000000000000 ) ) ;
#509 = CARTESIAN_POINT ( 'NONE',  ( -12.12133672423717101, -3.144753661972782055, -3.059019908517891295 ) ) ;
#510 = CARTESIAN_POINT ( 'NONE',  ( -11.35564587052140340, -31.13644651278171693, -5.227623226692802660 ) ) ;
#511 = VERTEX_POINT ( 'NONE', #972 ) ;
#512 = CARTESIAN_POINT ( 'NONE',  ( 11.84271928232701399, -2.500000000000002665, -3.999999999999999112 ) ) ;
#513 = DIRECTION ( 'NONE',  ( -0.000000000000000000, -1.000000000000000000, -0.000000000000000000 ) ) ;
#514 = VECTOR ( 'NONE', #2339, 1000.000000000000000 ) ;
#515 = CARTESIAN_POINT ( 'NONE',  ( -0.8625436909129664542, 30.56847724308364889, 12.47052934731762619 ) ) ;
#516 = CARTESIAN_POINT ( 'NONE',  ( 1.384103369784998705, 3.663332462260593836, -12.42423584141004511 ) ) ;
#517 = EDGE_LOOP ( 'NONE', ( #574, #1537 ) ) ;
#518 = CARTESIAN_POINT ( 'NONE',  ( -11.84271928232701221, -3.000000000000002665, -4.000000000000000888 ) ) ;
#519 = CARTESIAN_POINT ( 'NONE',  ( 8.000000000000000000, -49.00000000000000000, 12.00000000000000000 ) ) ;
#520 = VERTEX_POINT ( 'NONE', #140 ) ;
#521 = DIRECTION ( 'NONE',  ( -0.000000000000000000, -1.000000000000000000, 0.000000000000000000 ) ) ;
#522 = AXIS2_PLACEMENT_3D ( 'NONE', #202, #1355, #2222 ) ;
#523 = CARTESIAN_POINT ( 'NONE',  ( -10.22069943957657046, -33.42636764356974055, -7.198019232017538016 ) ) ;
#524 = EDGE_CURVE ( 'NONE', #152, #458, #1961, .T. ) ;
#525 = CARTESIAN_POINT ( 'NONE',  ( 10.32184279893092693, -30.97117779986417929, -7.053008527633503277 ) ) ;
#526 = DIRECTION ( 'NONE',  ( 0.000000000000000000, 1.000000000000000000, 0.000000000000000000 ) ) ;
#527 = CARTESIAN_POINT ( 'NONE',  ( -4.787989606149185562, 3.100629866257735401, -11.54666593401594987 ) ) ;
#528 = CARTESIAN_POINT ( 'NONE',  ( -4.886103428101349344, 3.382191827267754913, 11.50554204049845275 ) ) ;
#529 = DIRECTION ( 'NONE',  ( 0.000000000000000000, 1.000000000000000000, -9.000095224099380108E-15 ) ) ;
#530 = DIRECTION ( 'NONE',  ( -0.000000000000000000, 1.000000000000000000, -0.000000000000000000 ) ) ;
#531 = CARTESIAN_POINT ( 'NONE',  ( 0.000000000000000000, -53.00000000000000000, 0.000000000000000000 ) ) ;
#532 = CARTESIAN_POINT ( 'NONE',  ( 4.770980054225089084, 2.500000000000002220, -12.50000000000000000 ) ) ;
#533 = ORIENTED_EDGE ( 'NONE', *, *, #277, .T. ) ;
#534 = FACE_BOUND ( 'NONE', #1010, .T. ) ;
#535 = CARTESIAN_POINT ( 'NONE',  ( 1.019953704630661706, 5.601841069303168830, -12.45838005474008803 ) ) ;
#536 = EDGE_CURVE ( 'NONE', #3257, #913, #1001, .T. ) ;
#537 = CIRCLE ( 'NONE', #2999, 1.500000000000001332 ) ;
#538 = VERTEX_POINT ( 'NONE', #724 ) ;
#539 = EDGE_LOOP ( 'NONE', ( #2973, #1824 ) ) ;
#540 = VECTOR ( 'NONE', #1415, 1000.000000000000000 ) ;
#541 = CARTESIAN_POINT ( 'NONE',  ( 9.443865258700883558, -49.45543438348267529, -8.190294473880063819 ) ) ;
#542 = EDGE_CURVE ( 'NONE', #3288, #3620, #2118, .T. ) ;
#543 = DIRECTION ( 'NONE',  ( 0.000000000000000000, 1.000000000000000000, 0.000000000000000000 ) ) ;
#544 = CARTESIAN_POINT ( 'NONE',  ( 11.55368985745187160, -32.50000000000000000, 4.770980054225103295 ) ) ;
#545 = EDGE_CURVE ( 'NONE', #162, #3561, #158, .T. ) ;
#546 = PLANE ( 'NONE',  #373 ) ;
#547 = CARTESIAN_POINT ( 'NONE',  ( 0.4999999999999970024, 29.00000000000000000, -12.48999599679679839 ) ) ;
#548 = CARTESIAN_POINT ( 'NONE',  ( -5.702992712916764795, 4.158114994475910819, 11.12494528509017933 ) ) ;
#549 = CARTESIAN_POINT ( 'NONE',  ( 12.46265152086180095, -4.225079416509117003, -0.9744646605799672789 ) ) ;
#550 = CARTESIAN_POINT ( 'NONE',  ( 6.575053368450013203, 4.224570562651376093, -10.63291805949763535 ) ) ;
#551 = CARTESIAN_POINT ( 'NONE',  ( 3.116336186049080137, 2.605950400769232900, 12.10746891143192094 ) ) ;
#552 = CARTESIAN_POINT ( 'NONE',  ( -12.47052934731761908, -4.431522756916371542, -0.8625436909129612362 ) ) ;
#553 = ORIENTED_EDGE ( 'NONE', *, *, #1791, .F. ) ;
#554 = AXIS2_PLACEMENT_3D ( 'NONE', #1763, #2907, #3469 ) ;
#555 = FACE_OUTER_BOUND ( 'NONE', #559, .T. ) ;
#556 = CARTESIAN_POINT ( 'NONE',  ( -6.490628035480971530E-15, -45.00000000000000000, -12.50000000000000000 ) ) ;
#557 = AXIS2_PLACEMENT_3D ( 'NONE', #1008, #1589, #796 ) ;
#558 = EDGE_LOOP ( 'NONE', ( #2798, #747, #2471, #2290 ) ) ;
#559 = EDGE_LOOP ( 'NONE', ( #2254, #1270 ) ) ;
#560 = EDGE_CURVE ( 'NONE', #2708, #3135, #3692, .T. ) ;
#561 = DIRECTION ( 'NONE',  ( -0.000000000000000000, -1.000000000000000000, -0.000000000000000000 ) ) ;
#562 = CARTESIAN_POINT ( 'NONE',  ( -10.03848655161234227, -33.16788141499014841, -7.450031251729984483 ) ) ;
#563 = LINE ( 'NONE', #2034, #401 ) ;
#564 = CARTESIAN_POINT ( 'NONE',  ( 0.000000000000000000, 31.99999999999999289, 0.000000000000000000 ) ) ;
#565 = CARTESIAN_POINT ( 'NONE',  ( -6.049505707728678239, 4.247266458769675346, 10.94038455320425562 ) ) ;
#566 = VERTEX_POINT ( 'NONE', #1063 ) ;
#567 = DIRECTION ( 'NONE',  ( 1.000000000000000000, -0.000000000000000000, -0.000000000000000000 ) ) ;
#568 = CARTESIAN_POINT ( 'NONE',  ( 2.897592169773377968, 2.670468227653267856, 12.16141420997243472 ) ) ;
#569 = CARTESIAN_POINT ( 'NONE',  ( 4.787952663002135623, 2.399588692347660590, 11.54668118931706289 ) ) ;
#570 = EDGE_LOOP ( 'NONE', ( #1818, #2791, #3569, #1483, #3541, #1658, #3608, #86, #3001, #3096, #1654, #958, #1973, #294, #231, #314, #2087, #2365, #3226, #3551, #3312, #1741, #2377, #2874, #1085, #1774, #477, #861, #1559 ) ) ;
#571 = ORIENTED_EDGE ( 'NONE', *, *, #1348, .F. ) ;
#572 = DIRECTION ( 'NONE',  ( 0.000000000000000000, 0.000000000000000000, 1.000000000000000000 ) ) ;
#573 = LINE ( 'NONE', #3416, #980 ) ;
#574 = ORIENTED_EDGE ( 'NONE', *, *, #1486, .F. ) ;
#575 = ORIENTED_EDGE ( 'NONE', *, *, #944, .F. ) ;
#576 = CARTESIAN_POINT ( 'NONE',  ( 7.720745790513385387, -50.48530146044218725, -9.833045890448165238 ) ) ;
#577 = AXIS2_PLACEMENT_3D ( 'NONE', #681, #1849, #2990 ) ;
#578 = B_SPLINE_CURVE_WITH_KNOTS ( 'NONE', 3,
 ( #639, #150, #2947, #2966, #2391, #2670, #2093, #1020, #2931, #2689, #1527, #1262, #417, #3270, #3233, #1862, #375, #1284 ),
 .UNSPECIFIED., .F., .F.,
 ( 4, 2, 2, 2, 2, 2, 2, 2, 4 ),
 ( 8.673617379884035472E-19, 0.0005938530314971872176, 0.001187706062994373568, 0.001781559094491560026, 0.002375412125988746268, 0.002969265157485924921, 0.003563118188983103573, 0.004156971220480281358, 0.004750824251977460444 ),
 .UNSPECIFIED. ) ;
#579 = DIRECTION ( 'NONE',  ( -0.000000000000000000, -0.000000000000000000, 1.000000000000000000 ) ) ;
#580 = AXIS2_PLACEMENT_3D ( 'NONE', #2920, #2886, #608 ) ;
#581 = DIRECTION ( 'NONE',  ( 0.000000000000000000, 1.000000000000000000, 0.000000000000000000 ) ) ;
#582 = EDGE_CURVE ( 'NONE', #101, #2007, #1686, .T. ) ;
#583 = CARTESIAN_POINT ( 'NONE',  ( 12.37641014440912812, -3.995585528234157913, 1.759195886242288065 ) ) ;
#584 = CARTESIAN_POINT ( 'NONE',  ( -11.84271928232701221, -3.000000000000002665, -4.000000000000000888 ) ) ;
#585 = CARTESIAN_POINT ( 'NONE',  ( -4.787931841592151905, 3.100288126529683108, 11.54668978730896178 ) ) ;
#586 = CARTESIAN_POINT ( 'NONE',  ( 12.37662814290725954, -31.00264535212791017, 1.757636746882048406 ) ) ;
#587 = B_SPLINE_CURVE_WITH_KNOTS ( 'NONE', 3,
 ( #584, #1455, #2559, #1736, #509, #3664, #3701, #9, #1130, #1095, #1402, #1663, #2248, #1421, #3391, #1718, #1148, #3122 ),
 .UNSPECIFIED., .F., .F.,
 ( 4, 2, 2, 2, 2, 2, 2, 2, 4 ),
 ( 0.000000000000000000, 0.0005938530314971817966, 0.001187706062994363593, 0.001781559094491545498, 0.002375412125988727186, 0.002969265157485910175, 0.003563118188983093165, 0.004156971220480276154, 0.004750824251977458709 ),
 .UNSPECIFIED. ) ;
#588 = LINE ( 'NONE', #1172, #2363 ) ;
#589 = CARTESIAN_POINT ( 'NONE',  ( 6.743869961193412088, 1.323167640240388465, 10.52639506949278214 ) ) ;
#590 = VERTEX_POINT ( 'NONE', #479 ) ;
#591 = DIRECTION ( 'NONE',  ( -1.000000000000000000, 0.000000000000000000, 0.000000000000000000 ) ) ;
#592 = CARTESIAN_POINT ( 'NONE',  ( 9.807522622966521553, -32.25000000000000000, -7.749999999999994671 ) ) ;
#593 = EDGE_LOOP ( 'NONE', ( #468, #3417 ) ) ;
#594 = ORIENTED_EDGE ( 'NONE', *, *, #3025, .F. ) ;
#595 = CARTESIAN_POINT ( 'NONE',  ( -11.84271928232701221, -3.000000000000002665, 4.000000000000000888 ) ) ;
#596 = CARTESIAN_POINT ( 'NONE',  ( -12.43115354408383766, -30.34756781198597153, 1.312397050351511885 ) ) ;
#597 = DIRECTION ( 'NONE',  ( 0.000000000000000000, 0.000000000000000000, -1.000000000000000000 ) ) ;
#598 = VECTOR ( 'NONE', #2855, 1000.000000000000000 ) ;
#599 = DIRECTION ( 'NONE',  ( 0.000000000000000000, -1.000000000000000000, 0.000000000000000000 ) ) ;
#600 = CARTESIAN_POINT ( 'NONE',  ( 3.999999999999994671, 32.50000000000000000, -12.50000000000000000 ) ) ;
#601 = DIRECTION ( 'NONE',  ( 0.000000000000000000, 0.000000000000000000, -1.000000000000000000 ) ) ;
#602 = EDGE_CURVE ( 'NONE', #2708, #538, #2828, .T. ) ;
#603 = CARTESIAN_POINT ( 'NONE',  ( 6.499999999999941380, -48.99999999999992895, -10.67707825203135030 ) ) ;
#604 = FACE_OUTER_BOUND ( 'NONE', #3477, .T. ) ;
#605 = CARTESIAN_POINT ( 'NONE',  ( -12.48498595091598418, -5.083848761808801520, -0.6141646781687614132 ) ) ;
#606 = ORIENTED_EDGE ( 'NONE', *, *, #2246, .T. ) ;
#607 = EDGE_CURVE ( 'NONE', #2528, #2403, #1968, .T. ) ;
#608 = DIRECTION ( 'NONE',  ( 0.000000000000000000, 0.000000000000000000, 1.000000000000000000 ) ) ;
#609 = CARTESIAN_POINT ( 'NONE',  ( -11.55368985745187160, -32.00000000000000000, 4.770980054225103295 ) ) ;
#610 = AXIS2_PLACEMENT_3D ( 'NONE', #1759, #2904, #2622 ) ;
#611 = ORIENTED_EDGE ( 'NONE', *, *, #1958, .T. ) ;
#612 = ORIENTED_EDGE ( 'NONE', *, *, #1613, .F. ) ;
#613 = CARTESIAN_POINT ( 'NONE',  ( -4.000000000000000000, 2.500000000000002220, -12.50000000000000000 ) ) ;
#614 = CARTESIAN_POINT ( 'NONE',  ( 5.090584250741821748, 3.721596628880914803, 11.41705332724606059 ) ) ;
#615 = AXIS2_PLACEMENT_3D ( 'NONE', #1463, #3523, #2101 ) ;
#616 = CIRCLE ( 'NONE', #2540, 12.50000000000000000 ) ;
#617 = DIRECTION ( 'NONE',  ( 0.000000000000000000, 1.000000000000000000, 0.000000000000000000 ) ) ;
#618 = AXIS2_PLACEMENT_3D ( 'NONE', #3454, #883, #1503 ) ;
#619 = DIRECTION ( 'NONE',  ( 0.000000000000000000, 1.000000000000000000, 0.000000000000000000 ) ) ;
#620 = CARTESIAN_POINT ( 'NONE',  ( 1.408103081394464828, 4.476258982380437956, 12.42095066949019433 ) ) ;
#621 = CARTESIAN_POINT ( 'NONE',  ( 0.9999999999999974465, 29.20081465614576643, -12.45993579437711496 ) ) ;
#622 = CARTESIAN_POINT ( 'NONE',  ( 9.312416626317670421, -48.26634440638697043, -8.338664382346605564 ) ) ;
#623 = UNCERTAINTY_MEASURE_WITH_UNIT (LENGTH_MEASURE( 1.000000000000000082E-05 ), #1597, 'distance_accuracy_value', 'NONE');
#624 = EDGE_CURVE ( 'NONE', #32, #520, #2217, .T. ) ;
#625 = CARTESIAN_POINT ( 'NONE',  ( -2.038671058067594188, 3.721410491801663500, 12.33345172442782456 ) ) ;
#626 = CARTESIAN_POINT ( 'NONE',  ( 12.43985370341645869, -31.15400975713182063, -1.231658851972129431 ) ) ;
#627 = ORIENTED_EDGE ( 'NONE', *, *, #3408, .F. ) ;
#628 = CARTESIAN_POINT ( 'NONE',  ( 8.000000000000000000, -49.00000000000000000, -0.2500000000000002220 ) ) ;
#629 = CARTESIAN_POINT ( 'NONE',  ( 9.500000000000001776, -49.00000000000000000, -12.50000000000000000 ) ) ;
#630 = ADVANCED_FACE ( 'NONE', ( #251 ), #2251, .F. ) ;
#631 = ORIENTED_EDGE ( 'NONE', *, *, #3517, .F. ) ;
#632 = ORIENTED_EDGE ( 'NONE', *, *, #1158, .F. ) ;
#633 = CARTESIAN_POINT ( 'NONE',  ( -4.770980054225089084, 3.000000000000002665, -12.50000000000000000 ) ) ;
#634 = CARTESIAN_POINT ( 'NONE',  ( 12.48913036041778213, -29.46497126518822895, 0.5232156341741089900 ) ) ;
#635 = VECTOR ( 'NONE', #501, 1000.000000000000000 ) ;
#636 = LINE ( 'NONE', #21, #2245 ) ;
#637 = ORIENTED_EDGE ( 'NONE', *, *, #1760, .T. ) ;
#638 = DIRECTION ( 'NONE',  ( 0.000000000000000000, -9.000095224099380108E-15, -1.000000000000000000 ) ) ;
#639 = CARTESIAN_POINT ( 'NONE',  ( -4.000000000000003553, 31.99999999999999289, 11.84271928232701043 ) ) ;
#640 = CARTESIAN_POINT ( 'NONE',  ( -1.311540307143533868, 30.34601101516654253, -12.43124541192991828 ) ) ;
#641 = AXIS2_PLACEMENT_3D ( 'NONE', #1175, #2324, #895 ) ;
#642 = EDGE_CURVE ( 'NONE', #1033, #856, #2916, .T. ) ;
#643 = CARTESIAN_POINT ( 'NONE',  ( 12.45173230864227953, -29.78637720350097950, 1.098135538924654320 ) ) ;
#644 = CARTESIAN_POINT ( 'NONE',  ( -0.9999999999999985567, 5.799218689567664065, 12.45993579437711141 ) ) ;
#645 = CARTESIAN_POINT ( 'NONE',  ( -1.712483258192835089, 3.341015698081828411, 12.38324591824119736 ) ) ;
#646 = ORIENTED_EDGE ( 'NONE', *, *, #1446, .T. ) ;
#647 = CYLINDRICAL_SURFACE ( 'NONE', #1123, 5.000000000000000000 ) ;
#648 = CARTESIAN_POINT ( 'NONE',  ( -9.816232959557533277, -32.45687070149596565, 7.739007193877036173 ) ) ;
#649 = ORIENTED_EDGE ( 'NONE', *, *, #1944, .T. ) ;
#650 = ORIENTED_EDGE ( 'NONE', *, *, #624, .F. ) ;
#651 = DIRECTION ( 'NONE',  ( 0.000000000000000000, 0.000000000000000000, 1.000000000000000000 ) ) ;
#652 = DIRECTION ( 'NONE',  ( 1.224646799147349263E-16, -1.000000000000000000, 0.000000000000000000 ) ) ;
#653 = EDGE_CURVE ( 'NONE', #3599, #1976, #1632, .T. ) ;
#654 = B_SPLINE_CURVE_WITH_KNOTS ( 'NONE', 3,
 ( #1915, #725, #2119, #687, #1836, #2439, #2976, #1855, #2998, #1014, #2162, #1872, #3017, #2795, #1932, #498, #3359, #1650 ),
 .UNSPECIFIED., .F., .F.,
 ( 4, 2, 2, 2, 2, 2, 2, 2, 4 ),
 ( 0.000000000000000000, 0.0006918256289551159323, 0.001383651257910231865, 0.002075476886865347797, 0.002767302515820463729, 0.003459128144775579661, 0.004150953773730695594, 0.004842779402685811960, 0.005534605031640927458 ),
 .UNSPECIFIED. ) ;
#655 = CARTESIAN_POINT ( 'NONE',  ( 0.000000000000000000, -53.00000000000000000, 0.000000000000000000 ) ) ;
#656 = CARTESIAN_POINT ( 'NONE',  ( -0.9999999999999991118, 5.799185343854246000, -12.45993579437711496 ) ) ;
#657 = CARTESIAN_POINT ( 'NONE',  ( 7.053008527633515712, 1.471177799864167079, -10.32184279893091627 ) ) ;
#658 = CARTESIAN_POINT ( 'NONE',  ( -3.242645323653440936, 31.90919219815825514, -12.07368272414061217 ) ) ;
#659 = CARTESIAN_POINT ( 'NONE',  ( 4.000000000000000888, 2.500000000000003109, -12.50000000000000000 ) ) ;
#660 = EDGE_CURVE ( 'NONE', #917, #689, #946, .T. ) ;
#661 = CARTESIAN_POINT ( 'NONE',  ( -2.522820760758091030, 3.381394938971872044, 12.24392902302150787 ) ) ;
#662 = CARTESIAN_POINT ( 'NONE',  ( 11.84271928232701221, -32.50000000000000000, -4.000000000000000000 ) ) ;
#663 = ORIENTED_EDGE ( 'NONE', *, *, #159, .F. ) ;
#664 = CARTESIAN_POINT ( 'NONE',  ( 6.123233995736766282E-16, -53.00000000000000000, 5.000000000000000000 ) ) ;
#665 = CARTESIAN_POINT ( 'NONE',  ( 4.993746088859545296, 45.00000000000000711, 0.2500000000000000000 ) ) ;
#666 = CARTESIAN_POINT ( 'NONE',  ( 9.815622173953455487, -32.45128469149769757, -7.739780459708199167 ) ) ;
#667 = ORIENTED_EDGE ( 'NONE', *, *, #2929, .F. ) ;
#668 = ORIENTED_EDGE ( 'NONE', *, *, #3092, .T. ) ;
#669 = CARTESIAN_POINT ( 'NONE',  ( 12.48999599679679839, -53.00000000000000000, -0.4999999999999998890 ) ) ;
#670 = CARTESIAN_POINT ( 'NONE',  ( 12.38324591824120091, -31.65898430191817781, 1.712483258192832647 ) ) ;
#671 = FACE_OUTER_BOUND ( 'NONE', #2103, .T. ) ;
#672 = ADVANCED_FACE ( 'NONE', ( #1424 ), #3410, .F. ) ;
#673 = B_SPLINE_CURVE_WITH_KNOTS ( 'NONE', 3,
 ( #512, #1648, #3629, #2845, #3125, #1404, #1930, #2827, #1984, #1423, #478, #549, #272, #1950, #3086, #1913, #3337, #250 ),
 .UNSPECIFIED., .F., .F.,
 ( 4, 2, 2, 2, 2, 2, 2, 2, 4 ),
 ( 0.000000000000000000, 0.0006918256289551159323, 0.001383651257910231865, 0.002075476886865347797, 0.002767302515820463729, 0.003459128144775579661, 0.004150953773730695594, 0.004842779402685811960, 0.005534605031640927458 ),
 .UNSPECIFIED. ) ;
#674 = ORIENTED_EDGE ( 'NONE', *, *, #75, .T. ) ;
#675 = AXIS2_PLACEMENT_3D ( 'NONE', #3623, #188, #2411 ) ;
#676 = CARTESIAN_POINT ( 'NONE',  ( 6.329367168541181421, 46.49917826492998785, 10.78083166830574946 ) ) ;
#677 = CARTESIAN_POINT ( 'NONE',  ( 7.557087572923705920, 1.989113707082355686, -9.957380666852358786 ) ) ;
#678 = AXIS2_PLACEMENT_3D ( 'NONE', #2320, #3411, #3686 ) ;
#679 = CARTESIAN_POINT ( 'NONE',  ( -1.757636746882049739, 31.00264535212791017, -12.37662814290725422 ) ) ;
#680 = ORIENTED_EDGE ( 'NONE', *, *, #992, .F. ) ;
#681 = CARTESIAN_POINT ( 'NONE',  ( 0.000000000000000000, -53.00000000000000000, 0.000000000000000000 ) ) ;
#682 = CARTESIAN_POINT ( 'NONE',  ( 12.48999599679679839, -6.000000000000001776, 0.5000000000000001110 ) ) ;
#683 = CARTESIAN_POINT ( 'NONE',  ( 11.55368985745187160, -32.00000000000000000, -4.770980054225103295 ) ) ;
#684 = ORIENTED_EDGE ( 'NONE', *, *, #1171, .F. ) ;
#685 = CARTESIAN_POINT ( 'NONE',  ( 0.000000000000000000, -53.00000000000000000, -0.2500000000000000000 ) ) ;
#686 = CARTESIAN_POINT ( 'NONE',  ( 5.422673243363473006, -50.55230559929506029, 11.26310360953684686 ) ) ;
#687 = CARTESIAN_POINT ( 'NONE',  ( -12.10617681082283070, -2.604816864416390043, 3.121207739997228003 ) ) ;
#688 = ORIENTED_EDGE ( 'NONE', *, *, #2860, .F. ) ;
#689 = VERTEX_POINT ( 'NONE', #273 ) ;
#690 = PLANE ( 'NONE',  #1487 ) ;
#691 = CARTESIAN_POINT ( 'NONE',  ( 7.053008527633517488, 4.028822200135837583, 10.32184279893091805 ) ) ;
#692 = CARTESIAN_POINT ( 'NONE',  ( -2.478511834130739278, 32.16008838615807264, 12.25369393517421734 ) ) ;
#693 = ORIENTED_EDGE ( 'NONE', *, *, #80, .T. ) ;
#694 = CARTESIAN_POINT ( 'NONE',  ( 11.00000000000000533, 48.88303168862120174, 5.937171043518960190 ) ) ;
#695 = CARTESIAN_POINT ( 'NONE',  ( 4.887100245444142566, 2.115526460372122664, -11.50512018309705908 ) ) ;
#696 = AXIS2_PLACEMENT_3D ( 'NONE', #2255, #1742, #2026 ) ;
#697 = CARTESIAN_POINT ( 'NONE',  ( 0.000000000000000000, 45.00000000000000711, 0.000000000000000000 ) ) ;
#698 = CIRCLE ( 'NONE', #2613, 5.000000000000000000 ) ;
#699 = ORIENTED_EDGE ( 'NONE', *, *, #2913, .T. ) ;
#700 = CARTESIAN_POINT ( 'NONE',  ( 2.901761471833685047, 32.33099519258838228, 12.16044286093255700 ) ) ;
#701 = EDGE_CURVE ( 'NONE', #2080, #1045, #801, .T. ) ;
#702 = AXIS2_PLACEMENT_3D ( 'NONE', #3563, #1919, #2764 ) ;
#703 = CARTESIAN_POINT ( 'NONE',  ( -3.116336186049082357, 2.605950400769232900, -12.10746891143192094 ) ) ;
#704 = CARTESIAN_POINT ( 'NONE',  ( -4.000000000000000000, 2.500000000000002220, 11.84271928232701221 ) ) ;
#705 = ORIENTED_EDGE ( 'NONE', *, *, #1936, .F. ) ;
#706 = DIRECTION ( 'NONE',  ( -0.000000000000000000, -1.000000000000000000, 1.530638361156006492E-16 ) ) ;
#707 = CARTESIAN_POINT ( 'NONE',  ( 10.76323684295414296, -50.17208103842026645, 6.356799937791167032 ) ) ;
#708 = AXIS2_PLACEMENT_3D ( 'NONE', #807, #1104, #3399 ) ;
#709 = EDGE_CURVE ( 'NONE', #1178, #367, #3685, .T. ) ;
#710 = CARTESIAN_POINT ( 'NONE',  ( 7.625733918967201319, -46.01782381176509062, 9.907210104797194106 ) ) ;
#711 = ORIENTED_EDGE ( 'NONE', *, *, #3661, .T. ) ;
#712 = ORIENTED_EDGE ( 'NONE', *, *, #2056, .F. ) ;
#713 = FACE_OUTER_BOUND ( 'NONE', #2905, .T. ) ;
#714 = CARTESIAN_POINT ( 'NONE',  ( -12.45173230864228309, -29.78637720350098306, -1.098135538924654098 ) ) ;
#715 = DIRECTION ( 'NONE',  ( 0.000000000000000000, 1.000000000000000000, 0.000000000000000000 ) ) ;
#716 = CARTESIAN_POINT ( 'NONE',  ( -4.000000000000000000, 2.500000000000002220, -11.84271928232701221 ) ) ;
#717 = CARTESIAN_POINT ( 'NONE',  ( 0.4999999999999970024, 29.00000000000000000, -12.48999599679679839 ) ) ;
#718 = FACE_OUTER_BOUND ( 'NONE', #2327, .T. ) ;
#719 = CARTESIAN_POINT ( 'NONE',  ( -7.749583580110264158, 2.642592419832911599, -9.807851681212738981 ) ) ;
#720 = CARTESIAN_POINT ( 'NONE',  ( -9.807522622966521553, -32.25000000000000000, -7.749999999999994671 ) ) ;
#721 = EDGE_LOOP ( 'NONE', ( #3187, #331, #1785 ) ) ;
#722 = EDGE_CURVE ( 'NONE', #2810, #998, #1985, .T. ) ;
#723 = CARTESIAN_POINT ( 'NONE',  ( -1.895245351296568126, 31.80578470015411341, -12.35701657525680197 ) ) ;
#724 = CARTESIAN_POINT ( 'NONE',  ( 4.993746088859545296, -45.00000000000000000, 0.2500000000000002220 ) ) ;
#725 = CARTESIAN_POINT ( 'NONE',  ( -11.91752551439250674, -2.500000000000002665, 3.778522698269924707 ) ) ;
#726 = ORIENTED_EDGE ( 'NONE', *, *, #2929, .T. ) ;
#727 = EDGE_CURVE ( 'NONE', #1591, #879, #2672, .T. ) ;
#728 = LINE ( 'NONE', #3361, #635 ) ;
#729 = VERTEX_POINT ( 'NONE', #1170 ) ;
#730 = CARTESIAN_POINT ( 'NONE',  ( 12.45993579437711318, -29.00000000000000000, -1.000000000000000000 ) ) ;
#731 = CARTESIAN_POINT ( 'NONE',  ( -11.90693847395054661, -32.00000000000000000, -3.809867535266131089 ) ) ;
#732 = EDGE_LOOP ( 'NONE', ( #711, #2869 ) ) ;
#733 = CARTESIAN_POINT ( 'NONE',  ( -12.07256515986861700, -31.91013578552166763, 3.246703485572017822 ) ) ;
#734 = CARTESIAN_POINT ( 'NONE',  ( 9.146134535278115152, 48.02763602907911888, -8.520875691304453881 ) ) ;
#735 = CARTESIAN_POINT ( 'NONE',  ( -6.490628035480971530E-15, 45.00000000000000000, -12.50000000000000000 ) ) ;
#736 = CIRCLE ( 'NONE', #1942, 5.000000000000000000 ) ;
#737 = CARTESIAN_POINT ( 'NONE',  ( -9.807522622966521553, -32.25000000000000000, -7.749999999999994671 ) ) ;
#738 = AXIS2_PLACEMENT_3D ( 'NONE', #3156, #923, #3489 ) ;
#739 = PLANE ( 'NONE',  #557 ) ;
#740 = CARTESIAN_POINT ( 'NONE',  ( 12.39397753572420768, -4.151986884631019059, -1.628464786153791533 ) ) ;
#741 = EDGE_LOOP ( 'NONE', ( #2692, #3264, #2587, #705 ) ) ;
#742 = DIRECTION ( 'NONE',  ( 1.000000000000000000, 0.000000000000000000, -0.000000000000000000 ) ) ;
#743 = CARTESIAN_POINT ( 'NONE',  ( 10.64210154081627380, -50.43398280727150507, 6.558991228951664532 ) ) ;
#744 = CARTESIAN_POINT ( 'NONE',  ( 10.64066978257860363, -47.56336508759365955, 6.561322875073241967 ) ) ;
#745 = EDGE_CURVE ( 'NONE', #3593, #1901, #360, .T. ) ;
#746 = CARTESIAN_POINT ( 'NONE',  ( 9.807522622966521553, -32.25000000000000000, -7.749999999999994671 ) ) ;
#747 = ORIENTED_EDGE ( 'NONE', *, *, #722, .T. ) ;
#748 = CARTESIAN_POINT ( 'NONE',  ( 0.000000000000000000, 45.00000000000000000, 0.000000000000000000 ) ) ;
#749 = LINE ( 'NONE', #146, #3472 ) ;
#750 = EDGE_CURVE ( 'NONE', #3288, #464, #1510, .T. ) ;
#751 = ORIENTED_EDGE ( 'NONE', *, *, #1419, .T. ) ;
#752 = CARTESIAN_POINT ( 'NONE',  ( 0.4999999999999993339, 6.000000000000001776, -12.48999599679679839 ) ) ;
#753 = CARTESIAN_POINT ( 'NONE',  ( -11.84271928232701221, -32.00000000000000000, 4.000000000000000888 ) ) ;
#754 = CARTESIAN_POINT ( 'NONE',  ( 11.48554595523435928, -32.97482676088799280, 4.933106070158395084 ) ) ;
#755 = EDGE_CURVE ( 'NONE', #1875, #147, #1771, .T. ) ;
#756 = AXIS2_PLACEMENT_3D ( 'NONE', #3576, #3300, #460 ) ;
#757 = CARTESIAN_POINT ( 'NONE',  ( 4.770980054225089084, 2.500000000000003997, 11.55368985745187693 ) ) ;
#758 = CARTESIAN_POINT ( 'NONE',  ( 11.90693847395054839, -3.000000000000002220, -3.809867535266133309 ) ) ;
#759 = ORIENTED_EDGE ( 'NONE', *, *, #3310, .F. ) ;
#760 = DIRECTION ( 'NONE',  ( 0.000000000000000000, -0.000000000000000000, 1.000000000000000000 ) ) ;
#761 = DIRECTION ( 'NONE',  ( 0.000000000000000000, -0.000000000000000000, 1.000000000000000000 ) ) ;
#762 = CARTESIAN_POINT ( 'NONE',  ( 7.063633543393876835, -46.14335813300040456, 10.31540691957062350 ) ) ;
#763 = VECTOR ( 'NONE', #599, 1000.000000000000000 ) ;
#764 = CARTESIAN_POINT ( 'NONE',  ( 8.000000000000000000, -49.00000000000000000, -12.50000000000000000 ) ) ;
#765 = ORIENTED_EDGE ( 'NONE', *, *, #750, .F. ) ;
#766 = VERTEX_POINT ( 'NONE', #2915 ) ;
#767 = AXIS2_PLACEMENT_3D ( 'NONE', #1349, #529, #3068 ) ;
#768 = FACE_OUTER_BOUND ( 'NONE', #2515, .T. ) ;
#769 = DIRECTION ( 'NONE',  ( -0.000000000000000000, -0.000000000000000000, 1.000000000000000000 ) ) ;
#770 = EDGE_LOOP ( 'NONE', ( #1897, #1989, #260, #18 ) ) ;
#771 = EDGE_CURVE ( 'NONE', #2200, #2205, #930, .T. ) ;
#772 = FACE_OUTER_BOUND ( 'NONE', #1434, .T. ) ;
#773 = B_SPLINE_CURVE_WITH_KNOTS ( 'NONE', 3,
 ( #1842, #1259, #2513, #2407, #3546, #2985, #1563, #782, #3071, #499, #2796, #1369, #3652, #568, #551, #274, #325, #1476 ),
 .UNSPECIFIED., .F., .F.,
 ( 4, 2, 2, 2, 2, 2, 2, 2, 4 ),
 ( 8.741117365843378158E-19, 0.0006917567136071128223, 0.001383513427214224777, 0.002075270140821336515, 0.002767026854428448687, 0.003458783568035560425, 0.004150540281642673031, 0.004842296995249785636, 0.005534053708856897374 ),
 .UNSPECIFIED. ) ;
#774 = CARTESIAN_POINT ( 'NONE',  ( 12.42095066949019433, -30.52374101761956737, -1.408103081394471046 ) ) ;
#775 = CARTESIAN_POINT ( 'NONE',  ( 9.807851681212753192, -32.14259241983292270, 7.749583580110242842 ) ) ;
#776 = CARTESIAN_POINT ( 'NONE',  ( -6.227979984382484346, 1.240211693737068188, -10.83985442447990977 ) ) ;
#777 = CARTESIAN_POINT ( 'NONE',  ( 9.500000000000001776, 49.00000000000000000, -0.2500000000000002220 ) ) ;
#778 = EDGE_LOOP ( 'NONE', ( #1780, #1874, #3413, #3072 ) ) ;
#779 = DIRECTION ( 'NONE',  ( 0.000000000000000000, 1.000000000000000000, 0.000000000000000000 ) ) ;
#780 = CARTESIAN_POINT ( 'NONE',  ( 6.230339181691685546, 4.259844855871670610, -10.83850298422407832 ) ) ;
#781 = LINE ( 'NONE', #3070, #134 ) ;
#782 = CARTESIAN_POINT ( 'NONE',  ( 1.231658851972128099, 3.845990242868181141, 12.43985370341645869 ) ) ;
#783 = ORIENTED_EDGE ( 'NONE', *, *, #2468, .T. ) ;
#784 = ORIENTED_EDGE ( 'NONE', *, *, #287, .T. ) ;
#785 = DIRECTION ( 'NONE',  ( 1.000000000000000000, -0.000000000000000000, -0.000000000000000000 ) ) ;
#786 = CARTESIAN_POINT ( 'NONE',  ( 11.20970400379120235, -33.58120142001277486, -5.533649237558822875 ) ) ;
#787 = VERTEX_POINT ( 'NONE', #2580 ) ;
#788 = B_SPLINE_CURVE_WITH_KNOTS ( 'NONE', 3,
 ( #4, #2312, #1959, #1144, #299, #3173, #223, #576, #1731, #20, #1451, #3117, #1126, #2258, #242, #2589, #847, #541, #1163, #3659 ),
 .UNSPECIFIED., .F., .F.,
 ( 4, 2, 2, 2, 2, 2, 2, 2, 2, 4 ),
 ( 0.005462390346420176526, 0.006142797099907459230, 0.006823203853394741933, 0.007503610606882024636, 0.008184017360369307340, 0.008864424113856595247, 0.009544830867343881420, 0.009885034244087518435, 0.01022523762083115545, 0.01090564437431842948 ),
 .UNSPECIFIED. ) ;
#789 = CARTESIAN_POINT ( 'NONE',  ( 9.500000000000001776, 49.00000000000000000, -8.124038404635960831 ) ) ;
#790 = EDGE_CURVE ( 'NONE', #3205, #2664, #3460, .T. ) ;
#791 = DIRECTION ( 'NONE',  ( -0.000000000000000000, -0.000000000000000000, 1.000000000000000000 ) ) ;
#792 = B_SPLINE_CURVE_WITH_KNOTS ( 'NONE', 3,
 ( #2501, #2748, #3044, #2786, #1922, #205, #1624, #2767, #1340, #2484, #1283, #3621, #2206, #3006, #3349, #2730, #1074, #2428, #2226, #789 ),
 .UNSPECIFIED., .F., .F.,
 ( 4, 2, 2, 2, 2, 2, 2, 2, 2, 4 ),
 ( 0.005462390346420176526, 0.006142797099907459230, 0.006823203853394741933, 0.007503610606882024636, 0.008184017360369307340, 0.008864424113856595247, 0.009544830867343881420, 0.009885034244087518435, 0.01022523762083115545, 0.01090564437431842948 ),
 .UNSPECIFIED. ) ;
#793 = CARTESIAN_POINT ( 'NONE',  ( 11.54668978730895290, -31.89971187347032711, 4.787931841592165227 ) ) ;
#794 = B_SPLINE_CURVE_WITH_KNOTS ( 'NONE', 3,
 ( #948, #929, #2932, #1750, #2094, #640, #1509, #2895, #679, #77, #1166, #887, #2949, #2036, #658, #1223, #3234, #1243 ),
 .UNSPECIFIED., .F., .F.,
 ( 4, 2, 2, 2, 2, 2, 2, 2, 4 ),
 ( 0.000000000000000000, 0.0005938174045434778826, 0.001187634809086955765, 0.001781452213630433648, 0.002375269618173911530, 0.002969087022717382257, 0.003562904427260852550, 0.004156721831804322843, 0.004750539236347793570 ),
 .UNSPECIFIED. ) ;
#795 = FACE_OUTER_BOUND ( 'NONE', #3329, .T. ) ;
#796 = DIRECTION ( 'NONE',  ( -1.000000000000000000, 0.000000000000000000, -0.000000000000000000 ) ) ;
#797 = DIRECTION ( 'NONE',  ( -0.000000000000000000, -1.000000000000000000, -0.000000000000000000 ) ) ;
#798 = VERTEX_POINT ( 'NONE', #41 ) ;
#799 = VECTOR ( 'NONE', #1975, 1000.000000000000000 ) ;
#800 = CARTESIAN_POINT ( 'NONE',  ( -3.621146260811279660, 3.017917544210773517, -11.96558451645014998 ) ) ;
#801 = LINE ( 'NONE', #2545, #3578 ) ;
#802 = CIRCLE ( 'NONE', #2481, 5.000000000000000000 ) ;
#803 = CARTESIAN_POINT ( 'NONE',  ( -0.5000000000000038858, 29.23389624670461018, 12.48999599679679839 ) ) ;
#804 = AXIS2_PLACEMENT_3D ( 'NONE', #2648, #1452, #2590 ) ;
#805 = CARTESIAN_POINT ( 'NONE',  ( 1.712483258192832869, 3.341015698081830188, -12.38324591824120091 ) ) ;
#806 = ORIENTED_EDGE ( 'NONE', *, *, #2556, .T. ) ;
#807 = CARTESIAN_POINT ( 'NONE',  ( 0.000000000000000000, -32.50000000000000000, 0.000000000000000000 ) ) ;
#808 = CARTESIAN_POINT ( 'NONE',  ( 3.809867535266129757, 3.000000000000004441, -11.90693847395054839 ) ) ;
#809 = AXIS2_PLACEMENT_3D ( 'NONE', #1167, #1683, #2825 ) ;
#810 = EDGE_CURVE ( 'NONE', #1976, #381, #2039, .T. ) ;
#811 = ORIENTED_EDGE ( 'NONE', *, *, #399, .T. ) ;
#812 = CARTESIAN_POINT ( 'NONE',  ( 9.500000000000001776, -49.00000000000000000, -8.124038404635960831 ) ) ;
#813 = DIRECTION ( 'NONE',  ( 0.000000000000000000, -1.000000000000000000, -0.000000000000000000 ) ) ;
#814 = CARTESIAN_POINT ( 'NONE',  ( 10.04041871819754839, -31.32910614714827346, 7.447391324155615777 ) ) ;
#815 = DIRECTION ( 'NONE',  ( -1.000000000000000000, 0.000000000000000000, 0.000000000000000000 ) ) ;
#816 = CARTESIAN_POINT ( 'NONE',  ( -6.229229451334018286, 1.240124669484615083, 10.83914932541863685 ) ) ;
#817 = EDGE_CURVE ( 'NONE', #2067, #2528, #974, .T. ) ;
#818 = CARTESIAN_POINT ( 'NONE',  ( -6.490628035480971530E-15, -45.00000000000000000, -12.50000000000000000 ) ) ;
#819 = CARTESIAN_POINT ( 'NONE',  ( -12.50000000000000000, 32.50000000000000000, -12.50000000000000000 ) ) ;
#820 = VECTOR ( 'NONE', #10, 1000.000000000000000 ) ;
#821 = DIRECTION ( 'NONE',  ( -0.000000000000000000, -0.000000000000000000, 1.000000000000000000 ) ) ;
#822 = CARTESIAN_POINT ( 'NONE',  ( 7.450011844266820837, 1.832466619744460790, 10.03847241626109543 ) ) ;
#823 = ORIENTED_EDGE ( 'NONE', *, *, #3430, .F. ) ;
#824 = VECTOR ( 'NONE', #567, 1000.000000000000000 ) ;
#825 = CYLINDRICAL_SURFACE ( 'NONE', #1880, 1.500000000000001332 ) ;
#826 =( GEOMETRIC_REPRESENTATION_CONTEXT ( 3 ) GLOBAL_UNCERTAINTY_ASSIGNED_CONTEXT ( ( #623 ) ) GLOBAL_UNIT_ASSIGNED_CONTEXT ( ( #1597, #1955, #1708 ) ) REPRESENTATION_CONTEXT ( 'NONE', 'WORKASPACE' ) );
#827 = ORIENTED_EDGE ( 'NONE', *, *, #1625, .F. ) ;
#828 = DIRECTION ( 'NONE',  ( 8.881784197001252323E-16, 0.000000000000000000, 1.000000000000000000 ) ) ;
#829 = DIRECTION ( 'NONE',  ( 1.000000000000000000, 0.000000000000000000, 0.000000000000000000 ) ) ;
#830 = CARTESIAN_POINT ( 'NONE',  ( 9.816232959557529725, -32.04312929850404146, 7.739007193877031732 ) ) ;
#831 = CARTESIAN_POINT ( 'NONE',  ( -0.9999999999999986677, 6.000000000000005329, -12.45993579437711496 ) ) ;
#832 = CARTESIAN_POINT ( 'NONE',  ( -4.814849347050189188, 3.197682750118109318, -11.53554380110634447 ) ) ;
#833 = CARTESIAN_POINT ( 'NONE',  ( -4.887301402315941345, 2.115074986092467579, 11.50503498582047968 ) ) ;
#834 = B_SPLINE_CURVE_WITH_KNOTS ( 'NONE', 3,
 ( #238, #2871, #535, #17, #2833, #1394, #3672, #257, #1412, #1727, #1956, #1938, #2549, #3690, #1122, #220, #808, #1087 ),
 .UNSPECIFIED., .F., .F.,
 ( 4, 2, 2, 2, 2, 2, 2, 2, 4 ),
 ( 0.000000000000000000, 0.0005938174045434745215, 0.001187634809086949043, 0.001781452213630423456, 0.002375269618173898086, 0.002969087022717372716, 0.003562904427260846912, 0.004156721831804321976, 0.004750539236347796172 ),
 .UNSPECIFIED. ) ;
#835 = CARTESIAN_POINT ( 'NONE',  ( -2.040828643371752626, 3.719533370946802364, -12.33309842161320979 ) ) ;
#836 = CARTESIAN_POINT ( 'NONE',  ( -0.4999999999999946154, -53.00000000000000000, 12.48999599679679839 ) ) ;
#837 = AXIS2_PLACEMENT_3D ( 'NONE', #2608, #1541, #3544 ) ;
#838 = EDGE_CURVE ( 'NONE', #729, #1918, #25, .T. ) ;
#839 = CARTESIAN_POINT ( 'NONE',  ( 0.000000000000000000, -53.00000000000000000, -5.000000000000000000 ) ) ;
#840 = CARTESIAN_POINT ( 'NONE',  ( 6.051673733849549208, 1.252420897809264799, 10.93919092387964298 ) ) ;
#841 = ORIENTED_EDGE ( 'NONE', *, *, #1337, .T. ) ;
#842 = CARTESIAN_POINT ( 'NONE',  ( 8.000000000000000000, -49.00000000000000000, 0.2500000000000002220 ) ) ;
#843 = CYLINDRICAL_SURFACE ( 'NONE', #920, 3.499999999999999556 ) ;
#844 = EDGE_CURVE ( 'NONE', #2819, #1033, #3698, .T. ) ;
#845 = VERTEX_POINT ( 'NONE', #737 ) ;
#846 = ORIENTED_EDGE ( 'NONE', *, *, #1002, .T. ) ;
#847 = CARTESIAN_POINT ( 'NONE',  ( 9.312221028997500483, -49.73390586030642169, -8.338879910122138028 ) ) ;
#848 = CARTESIAN_POINT ( 'NONE',  ( 0.000000000000000000, 32.49999999999999289, 0.000000000000000000 ) ) ;
#849 = DIRECTION ( 'NONE',  ( 0.000000000000000000, 0.000000000000000000, -1.000000000000000000 ) ) ;
#850 = EDGE_CURVE ( 'NONE', #2937, #3239, #1021, .T. ) ;
#851 = CARTESIAN_POINT ( 'NONE',  ( 12.45993579437711318, -6.000000000000001776, 1.000000000000000444 ) ) ;
#852 = CARTESIAN_POINT ( 'NONE',  ( 8.000000000000000000, 49.00000000000000000, 4.000000000000000000 ) ) ;
#853 = CARTESIAN_POINT ( 'NONE',  ( 7.750000000000014211, 2.750000000000003997, -9.807522622966505566 ) ) ;
#854 = DIRECTION ( 'NONE',  ( 0.000000000000000000, 0.000000000000000000, -1.000000000000000000 ) ) ;
#855 = CARTESIAN_POINT ( 'NONE',  ( -12.10746891143192094, -2.605950400769232456, -3.116336186049079693 ) ) ;
#856 = VERTEX_POINT ( 'NONE', #986 ) ;
#857 = AXIS2_PLACEMENT_3D ( 'NONE', #40, #3196, #23 ) ;
#858 = DIRECTION ( 'NONE',  ( 0.000000000000000000, 1.000000000000000000, 0.000000000000000000 ) ) ;
#859 = DIRECTION ( 'NONE',  ( -1.000000000000000000, 0.000000000000000000, 0.000000000000000000 ) ) ;
#860 = VECTOR ( 'NONE', #1100, 1000.000000000000000 ) ;
#861 = ORIENTED_EDGE ( 'NONE', *, *, #524, .F. ) ;
#862 = ORIENTED_EDGE ( 'NONE', *, *, #3680, .F. ) ;
#863 = CARTESIAN_POINT ( 'NONE',  ( -12.33309842161321335, -31.28046662905320474, 2.040828643371755735 ) ) ;
#864 = EDGE_CURVE ( 'NONE', #1838, #458, #97, .T. ) ;
#865 = LINE ( 'NONE', #2821, #497 ) ;
#866 = DIRECTION ( 'NONE',  ( 1.000000000000000000, 0.000000000000000000, 0.000000000000000000 ) ) ;
#867 = LINE ( 'NONE', #1735, #1099 ) ;
#868 = DIRECTION ( 'NONE',  ( 1.224646799147349263E-16, 1.000000000000000000, 0.000000000000000000 ) ) ;
#869 = CARTESIAN_POINT ( 'NONE',  ( 6.500000000000010658, -48.77053154498965881, -10.67707825203130234 ) ) ;
#870 = EDGE_CURVE ( 'NONE', #873, #2183, #2693, .T. ) ;
#871 = DIRECTION ( 'NONE',  ( -1.000000000000000000, 0.000000000000000000, 0.000000000000000000 ) ) ;
#872 = DIRECTION ( 'NONE',  ( -1.000000000000000000, -1.131341397376178572E-16, 0.000000000000000000 ) ) ;
#873 = VERTEX_POINT ( 'NONE', #1606 ) ;
#874 = CARTESIAN_POINT ( 'NONE',  ( 6.499999999999999112, 49.00000000000000000, -0.2500000000000002220 ) ) ;
#875 = FACE_OUTER_BOUND ( 'NONE', #3617, .T. ) ;
#876 = VECTOR ( 'NONE', #2117, 1000.000000000000000 ) ;
#877 = ORIENTED_EDGE ( 'NONE', *, *, #450, .F. ) ;
#878 = VECTOR ( 'NONE', #797, 1000.000000000000000 ) ;
#879 = VERTEX_POINT ( 'NONE', #2154 ) ;
#880 = LINE ( 'NONE', #2962, #259 ) ;
#881 = CARTESIAN_POINT ( 'NONE',  ( -4.000000000000000888, 6.000000000000001776, -12.50000000000000000 ) ) ;
#882 = CIRCLE ( 'NONE', #2445, 12.50000000000000000 ) ;
#883 = DIRECTION ( 'NONE',  ( 0.000000000000000000, 1.000000000000000000, 0.000000000000000000 ) ) ;
#884 = ADVANCED_FACE ( 'NONE', ( #378, #718 ), #117, .T. ) ;
#885 = VECTOR ( 'NONE', #1081, 1000.000000000000000 ) ;
#886 = DIRECTION ( 'NONE',  ( 0.000000000000000000, -1.000000000000000000, 0.000000000000000000 ) ) ;
#887 = CARTESIAN_POINT ( 'NONE',  ( -2.522820760758097247, 31.61860506102814128, -12.24392902302150965 ) ) ;
#888 =( LENGTH_UNIT ( ) NAMED_UNIT ( * ) SI_UNIT ( .MILLI., .METRE. ) );
#889 = LINE ( 'NONE', #1965, #820 ) ;
#890 = DIRECTION ( 'NONE',  ( 0.000000000000000000, 1.000000000000000000, 0.000000000000000000 ) ) ;
#891 = DIRECTION ( 'NONE',  ( -0.000000000000000000, 1.000000000000000000, -0.000000000000000000 ) ) ;
#892 = CARTESIAN_POINT ( 'NONE',  ( 5.090396960129433879, 1.778396950734490778, 11.41714203183629195 ) ) ;
#893 = EDGE_LOOP ( 'NONE', ( #2510, #3056, #1315, #2534 ) ) ;
#894 = AXIS2_PLACEMENT_3D ( 'NONE', #1336, #997, #1579 ) ;
#895 = DIRECTION ( 'NONE',  ( 0.000000000000000000, -0.000000000000000000, 1.000000000000000000 ) ) ;
#896 = CARTESIAN_POINT ( 'NONE',  ( 10.03847241626110254, -33.16753338025552722, -7.450011844266803074 ) ) ;
#897 = EDGE_CURVE ( 'NONE', #913, #2810, #165, .T. ) ;
#898 = AXIS2_PLACEMENT_3D ( 'NONE', #2765, #2146, #2480 ) ;
#899 = ORIENTED_EDGE ( 'NONE', *, *, #2806, .F. ) ;
#900 = EDGE_LOOP ( 'NONE', ( #1761, #116, #1414, #261 ) ) ;
#901 = CARTESIAN_POINT ( 'NONE',  ( -12.45838005474008980, -5.601841069303164389, 1.019953704630664593 ) ) ;
#902 = DIRECTION ( 'NONE',  ( -1.000000000000000000, -1.224646799147349263E-16, 0.000000000000000000 ) ) ;
#903 = VECTOR ( 'NONE', #1882, 1000.000000000000000 ) ;
#904 = DIRECTION ( 'NONE',  ( 0.000000000000000000, 0.000000000000000000, -1.000000000000000000 ) ) ;
#905 = LINE ( 'NONE', #2409, #56 ) ;
#906 = CARTESIAN_POINT ( 'NONE',  ( 3.246703485572009829, 3.089864214478331039, 12.07256515986862233 ) ) ;
#907 = ADVANCED_FACE ( 'NONE', ( #950 ), #2096, .F. ) ;
#908 = CARTESIAN_POINT ( 'NONE',  ( 1.099420946476975303, 29.79164618571407175, -12.45162091521704895 ) ) ;
#909 = CARTESIAN_POINT ( 'NONE',  ( 7.369105046341523746, -47.62670218898866636, -10.09924816829568961 ) ) ;
#910 = EDGE_CURVE ( 'NONE', #2205, #32, #3253, .T. ) ;
#911 = CARTESIAN_POINT ( 'NONE',  ( -1.757636746882043743, 3.997354647872099598, 12.37662814290725954 ) ) ;
#912 = CARTESIAN_POINT ( 'NONE',  ( -0.8634959952463301391, 4.429800060369633918, 12.47046141535685315 ) ) ;
#913 = VERTEX_POINT ( 'NONE', #3352 ) ;
#914 = CARTESIAN_POINT ( 'NONE',  ( -12.50000000000000000, -32.00000000000000000, -4.770980054225103295 ) ) ;
#915 = LINE ( 'NONE', #629, #2299 ) ;
#916 = ORIENTED_EDGE ( 'NONE', *, *, #3346, .F. ) ;
#917 = VERTEX_POINT ( 'NONE', #3388 ) ;
#918 = CARTESIAN_POINT ( 'NONE',  ( -11.96586563452860830, -3.017917072968532288, 3.620307008339262111 ) ) ;
#919 = CARTESIAN_POINT ( 'NONE',  ( 12.47046141535685315, -30.57019993963037408, 0.8634959952463254762 ) ) ;
#920 = AXIS2_PLACEMENT_3D ( 'NONE', #1991, #3656, #279 ) ;
#921 = AXIS2_PLACEMENT_3D ( 'NONE', #848, #813, #3368 ) ;
#922 = ADVANCED_FACE ( 'NONE', ( #1400 ), #2769, .F. ) ;
#923 = DIRECTION ( 'NONE',  ( -0.000000000000000000, -0.000000000000000000, 1.000000000000000000 ) ) ;
#924 = B_SPLINE_CURVE_WITH_KNOTS ( 'NONE', 3,
 ( #2603, #64, #329, #2362, #1536, #3483, #1480, #936, #1516, #2045, #1211, #2958, #2680, #3169, #85, #956, #3186, #1743, #3204, #648, #3503, #2921, #106, #3242, #2082, #1195, #1796, #2887, #311, #2939, #366, #2661, #3466, #1252, #1231, #3447, #2380, #1176, #2325, #609 ),
 .UNSPECIFIED., .F., .F.,
 ( 4, 2, 2, 2, 2, 2, 2, 2, 2, 2, 2, 2, 2, 2, 2, 2, 2, 2, 2, 4 ),
 ( 0.000000000000000000, 0.0003013219635431950579, 0.0006026439270863901158, 0.001205287854172778931, 0.001807931781259167637, 0.002410575708345556560, 0.003013219635431945050, 0.003615863562518334406, 0.004218507489604722896, 0.004519829453147918008, 0.004821151416691113120, 0.005423795343777524161, 0.006026439270863934335, 0.006629083197950344508, 0.007231727125036755549, 0.007834371052123166590, 0.008437014979209575896, 0.009039658906295986937, 0.009340980869839182049, 0.009642302833382378896 ),
 .UNSPECIFIED. ) ;
#925 = AXIS2_PLACEMENT_3D ( 'NONE', #1850, #2415, #2694 ) ;
#926 = EDGE_LOOP ( 'NONE', ( #1519, #2756, #2742, #2293 ) ) ;
#927 = PLANE ( 'NONE',  #1925 ) ;
#928 = CARTESIAN_POINT ( 'NONE',  ( 4.000000000000000000, 3.000000000000002665, 11.84271928232701221 ) ) ;
#929 = CARTESIAN_POINT ( 'NONE',  ( -1.000000000000004219, 29.20078131043234393, -12.45993579437711674 ) ) ;
#930 = LINE ( 'NONE', #3424, #1183 ) ;
#931 = FACE_OUTER_BOUND ( 'NONE', #280, .T. ) ;
#932 = CARTESIAN_POINT ( 'NONE',  ( 3.809867535266126204, 32.00000000000000711, 11.90693847395055016 ) ) ;
#933 = ORIENTED_EDGE ( 'NONE', *, *, #35, .T. ) ;
#934 = EDGE_CURVE ( 'NONE', #856, #1918, #3139, .T. ) ;
#935 = FACE_OUTER_BOUND ( 'NONE', #1068, .T. ) ;
#936 = CARTESIAN_POINT ( 'NONE',  ( -11.21038795065250682, -33.58042051585685783, 5.532254152595914576 ) ) ;
#937 = EDGE_CURVE ( 'NONE', #83, #201, #3367, .T. ) ;
#938 = ORIENTED_EDGE ( 'NONE', *, *, #771, .T. ) ;
#939 = ORIENTED_EDGE ( 'NONE', *, *, #227, .T. ) ;
#940 = DIRECTION ( 'NONE',  ( 0.000000000000000000, -1.000000000000000000, -0.000000000000000000 ) ) ;
#941 = CARTESIAN_POINT ( 'NONE',  ( -6.490628035480971530E-15, 45.00000000000000000, -12.50000000000000000 ) ) ;
#942 = VECTOR ( 'NONE', #2437, 1000.000000000000000 ) ;
#943 = CARTESIAN_POINT ( 'NONE',  ( 11.55368985745187160, -32.50000000000000000, -4.770980054225103295 ) ) ;
#944 = EDGE_CURVE ( 'NONE', #147, #3537, #2805, .T. ) ;
#945 = CARTESIAN_POINT ( 'NONE',  ( -1.632432602011769207, 4.146802508787475361, -12.39346334248948622 ) ) ;
#946 = CIRCLE ( 'NONE', #2616, 12.50000000000000000 ) ;
#947 = CARTESIAN_POINT ( 'NONE',  ( 6.739299884815713959, 1.321436197528537138, -10.52934970068123732 ) ) ;
#948 = CARTESIAN_POINT ( 'NONE',  ( -1.000000000000003553, 29.00000000000000000, -12.45993579437711318 ) ) ;
#949 = CIRCLE ( 'NONE', #2388, 12.50000000000000000 ) ;
#950 = FACE_OUTER_BOUND ( 'NONE', #1255, .T. ) ;
#951 = ORIENTED_EDGE ( 'NONE', *, *, #1966, .T. ) ;
#952 = CARTESIAN_POINT ( 'NONE',  ( 4.993746088859545296, 53.00000000000000000, -0.2500000000000000555 ) ) ;
#953 = CARTESIAN_POINT ( 'NONE',  ( 12.10746891143192094, -32.39404959923076888, -3.116336186049081025 ) ) ;
#954 = ORIENTED_EDGE ( 'NONE', *, *, #3098, .T. ) ;
#955 = CARTESIAN_POINT ( 'NONE',  ( 12.48498595091598595, -5.083848761808801520, 0.6141646781687618573 ) ) ;
#956 = CARTESIAN_POINT ( 'NONE',  ( -10.04041871819754661, -33.17089385285171232, 7.447391324155618442 ) ) ;
#957 = EDGE_CURVE ( 'NONE', #2533, #2683, #98, .T. ) ;
#958 = ORIENTED_EDGE ( 'NONE', *, *, #2725, .F. ) ;
#959 = EDGE_LOOP ( 'NONE', ( #3362, #1032, #1902, #1289 ) ) ;
#960 = DIRECTION ( 'NONE',  ( 0.000000000000000000, 1.000000000000000000, 0.000000000000000000 ) ) ;
#961 = CARTESIAN_POINT ( 'NONE',  ( 7.450031251729998694, 3.667881414990158628, 10.03848655161233161 ) ) ;
#962 = CARTESIAN_POINT ( 'NONE',  ( -6.429395695523603956E-15, 44.50000000000000000, -12.50000000000000000 ) ) ;
#963 = CARTESIAN_POINT ( 'NONE',  ( 9.995693049413153730, 46.75381972499101124, 7.508468337764946376 ) ) ;
#964 = FACE_OUTER_BOUND ( 'NONE', #558, .T. ) ;
#965 = CARTESIAN_POINT ( 'NONE',  ( -12.50000000000000000, -32.00000000000000000, 4.000000000000000888 ) ) ;
#966 = VERTEX_POINT ( 'NONE', #2576 ) ;
#967 = CARTESIAN_POINT ( 'NONE',  ( 3.121207739997220898, 32.39518313558358642, 12.10617681082283248 ) ) ;
#968 = CARTESIAN_POINT ( 'NONE',  ( 5.991866485719649305, 51.23919307407001611, 10.97205499480364566 ) ) ;
#969 = CARTESIAN_POINT ( 'NONE',  ( 3.055342693378648722, 31.85395316288372314, 12.12224613910771254 ) ) ;
#970 = EDGE_LOOP ( 'NONE', ( #3525, #502 ) ) ;
#971 = LINE ( 'NONE', #685, #876 ) ;
#972 = CARTESIAN_POINT ( 'NONE',  ( 4.993746088859545296, 53.00000000000000000, 0.2500000000000000000 ) ) ;
#973 = CARTESIAN_POINT ( 'NONE',  ( -11.55368985745187160, -32.00000000000000000, 4.770980054225103295 ) ) ;
#974 = B_SPLINE_CURVE_WITH_KNOTS ( 'NONE', 3,
 ( #2597, #324, #343, #622, #1492, #3180, #2318, #1188, #2636, #3441, #59, #3478, #1441, #909, #11, #2057, #2285, #3197, #1206, #2002, #869, #603 ),
 .UNSPECIFIED., .F., .F.,
 ( 4, 2, 2, 2, 2, 2, 2, 2, 2, 2, 4 ),
 ( 0.000000000000000000, 0.0006827987933025300889, 0.001024198189953796434, 0.001365597586605062563, 0.002048396379907583328, 0.002731195173210104743, 0.003413993966512621388, 0.004096792759815138033, 0.004438192156466397656, 0.004779591553117657279, 0.005462390346420176526 ),
 .UNSPECIFIED. ) ;
#975 = ORIENTED_EDGE ( 'NONE', *, *, #1936, .T. ) ;
#976 = ORIENTED_EDGE ( 'NONE', *, *, #1580, .F. ) ;
#977 = DIRECTION ( 'NONE',  ( 1.000000000000000000, 0.000000000000000000, -0.000000000000000000 ) ) ;
#978 = CYLINDRICAL_SURFACE ( 'NONE', #837, 3.000000000000001332 ) ;
#979 = CARTESIAN_POINT ( 'NONE',  ( -11.98530761904896558, -32.47915183644247605, 3.557352378179055918 ) ) ;
#980 = VECTOR ( 'NONE', #1105, 1000.000000000000000 ) ;
#981 = EDGE_CURVE ( 'NONE', #1444, #995, #563, .T. ) ;
#982 = CARTESIAN_POINT ( 'NONE',  ( 9.867673409016232355, 46.64654948328796991, 7.676235569128682990 ) ) ;
#983 = CARTESIAN_POINT ( 'NONE',  ( 6.049092098842403509, 1.252859842333412743, -10.94060169784108894 ) ) ;
#984 = AXIS2_PLACEMENT_3D ( 'NONE', #1117, #2021, #871 ) ;
#985 = CARTESIAN_POINT ( 'NONE',  ( 12.33309842161321512, -31.28046662905320474, -2.040828643371755735 ) ) ;
#986 = CARTESIAN_POINT ( 'NONE',  ( 11.55368985745187160, -32.00000000000000000, 4.770980054225103295 ) ) ;
#987 = DIRECTION ( 'NONE',  ( 0.000000000000000000, 0.000000000000000000, -1.000000000000000000 ) ) ;
#988 = CARTESIAN_POINT ( 'NONE',  ( 12.35804545169544255, -31.80102218265140479, -1.888684029851528168 ) ) ;
#989 = EDGE_LOOP ( 'NONE', ( #688, #2104 ) ) ;
#990 = FACE_OUTER_BOUND ( 'NONE', #1917, .T. ) ;
#991 = CARTESIAN_POINT ( 'NONE',  ( 10.80037321725668598, -50.08087268627831179, 6.293364011023282245 ) ) ;
#992 = EDGE_CURVE ( 'NONE', #1672, #2140, #3456, .T. ) ;
#993 = CARTESIAN_POINT ( 'NONE',  ( 11.00000000000000533, -48.88303168862120174, 5.937171043518960190 ) ) ;
#994 = ORIENTED_EDGE ( 'NONE', *, *, #1440, .T. ) ;
#995 = VERTEX_POINT ( 'NONE', #1698 ) ;
#996 = CARTESIAN_POINT ( 'NONE',  ( 8.247982249431890622, 47.51049308227717205, -9.395337122904061644 ) ) ;
#997 = DIRECTION ( 'NONE',  ( 0.000000000000000000, 1.000000000000000000, 0.000000000000000000 ) ) ;
#998 = VERTEX_POINT ( 'NONE', #1733 ) ;
#999 = PLANE ( 'NONE',  #2102 ) ;
#1000 = CARTESIAN_POINT ( 'NONE',  ( -12.50000000000000000, -29.00000000000000000, -4.000000000000000000 ) ) ;
#1001 = CIRCLE ( 'NONE', #2914, 12.50000000000000000 ) ;
#1002 = EDGE_CURVE ( 'NONE', #298, #1500, #2147, .T. ) ;
#1003 = LINE ( 'NONE', #735, #2951 ) ;
#1004 = AXIS2_PLACEMENT_3D ( 'NONE', #2541, #2191, #1041 ) ;
#1005 = CARTESIAN_POINT ( 'NONE',  ( -11.98496280990864804, -32.47915545896193379, -3.558387440432781990 ) ) ;
#1006 = PRODUCT_DEFINITION_CONTEXT ( 'detailed design', #1377, 'design' ) ;
#1007 = MECHANICAL_DESIGN_GEOMETRIC_PRESENTATION_REPRESENTATION (  '', ( #3580 ), #826 ) ;
#1008 = CARTESIAN_POINT ( 'NONE',  ( -12.50000000000000000, -29.00000000000000000, -1.000000000000000000 ) ) ;
#1009 = CARTESIAN_POINT ( 'NONE',  ( -9.870300859728240894, -31.75720911624320308, -7.670032637423706667 ) ) ;
#1010 = EDGE_LOOP ( 'NONE', ( #2550, #2986 ) ) ;
#1011 = DIRECTION ( 'NONE',  ( 0.000000000000000000, 1.387778780781445676E-16, 1.000000000000000000 ) ) ;
#1012 = LINE ( 'NONE', #122, #3401 ) ;
#1013 = CIRCLE ( 'NONE', #2028, 12.50000000000000000 ) ;
#1014 = CARTESIAN_POINT ( 'NONE',  ( -12.42423584141003978, -3.663332462260592060, 1.384103369784999815 ) ) ;
#1015 = ORIENTED_EDGE ( 'NONE', *, *, #2604, .F. ) ;
#1016 = ORIENTED_EDGE ( 'NONE', *, *, #1486, .T. ) ;
#1017 = CARTESIAN_POINT ( 'NONE',  ( 6.554683991855188019, 48.54214392351939011, -10.64420396018823745 ) ) ;
#1018 = CARTESIAN_POINT ( 'NONE',  ( 0.000000000000000000, -45.00000000000000000, -12.50000000000000000 ) ) ;
#1019 = FACE_OUTER_BOUND ( 'NONE', #2668, .T. ) ;
#1020 = CARTESIAN_POINT ( 'NONE',  ( -2.197467749649374635, 31.40608140519196567, 12.30646342865237486 ) ) ;
#1021 = B_SPLINE_CURVE_WITH_KNOTS ( 'NONE', 3,
 ( #3313, #3588, #2133, #967, #700, #1286, #420, #2950, #1865, #2394, #3292, #1023, #1887, #3515, #2173, #3030, #2413, #3552 ),
 .UNSPECIFIED., .F., .F.,
 ( 4, 2, 2, 2, 2, 2, 2, 2, 4 ),
 ( 8.673617379884035472E-19, 0.0006918256289551161491, 0.001383651257910231431, 0.002075476886865346930, 0.002767302515820461994, 0.003459128144775577493, 0.004150953773730693859, 0.004842779402685809358, 0.005534605031640925724 ),
 .UNSPECIFIED. ) ;
#1022 = CARTESIAN_POINT ( 'NONE',  ( 0.5232106911776878144, 29.46384266713856093, -12.48912819291711251 ) ) ;
#1023 = CARTESIAN_POINT ( 'NONE',  ( 0.9744646605799630601, 30.77492058349088566, 12.46265152086179917 ) ) ;
#1024 = EDGE_CURVE ( 'NONE', #2047, #381, #3281, .T. ) ;
#1025 = CARTESIAN_POINT ( 'NONE',  ( -5.534040636332238527, 4.081290220841844452, -11.20950059167640234 ) ) ;
#1026 = CARTESIAN_POINT ( 'NONE',  ( 1.000000000000004441, -53.00000000000000000, -12.45993579437711318 ) ) ;
#1027 = EDGE_LOOP ( 'NONE', ( #1560, #368, #3628, #3282 ) ) ;
#1028 = ADVANCED_FACE ( 'NONE', ( #39 ), #340, .F. ) ;
#1029 = PLANE ( 'NONE',  #1607 ) ;
#1030 = CARTESIAN_POINT ( 'NONE',  ( 5.000000000000000000, -49.00000000000000000, 11.45643923738960090 ) ) ;
#1031 = CARTESIAN_POINT ( 'NONE',  ( 5.548783371644312901, -47.25581940103472078, 11.20210211929407684 ) ) ;
#1032 = ORIENTED_EDGE ( 'NONE', *, *, #1714, .T. ) ;
#1033 = VERTEX_POINT ( 'NONE', #2333 ) ;
#1034 = CARTESIAN_POINT ( 'NONE',  ( 6.499999999999941380, 48.99999999999992895, -10.67707825203135030 ) ) ;
#1035 = CARTESIAN_POINT ( 'NONE',  ( -12.12224613910771076, -31.85395316288372314, -3.055342693378656715 ) ) ;
#1036 = ORIENTED_EDGE ( 'NONE', *, *, #545, .T. ) ;
#1037 = CYLINDRICAL_SURFACE ( 'NONE', #5, 5.000000000000000000 ) ;
#1038 = EDGE_CURVE ( 'NONE', #3599, #2275, #1128, .T. ) ;
#1039 = CARTESIAN_POINT ( 'NONE',  ( 11.96558451645015175, -31.98208245578922870, -3.621146260811279216 ) ) ;
#1040 = VECTOR ( 'NONE', #1162, 1000.000000000000000 ) ;
#1041 = DIRECTION ( 'NONE',  ( 1.508455196501571676E-16, -1.000000000000000000, 0.000000000000000000 ) ) ;
#1042 = CIRCLE ( 'NONE', #3141, 5.000000000000000000 ) ;
#1043 = CARTESIAN_POINT ( 'NONE',  ( 10.80037321725668598, 50.08087268627831179, 6.293364011023282245 ) ) ;
#1044 = CARTESIAN_POINT ( 'NONE',  ( -11.41714203183628307, -31.27839695073449278, -5.090396960129441872 ) ) ;
#1045 = VERTEX_POINT ( 'NONE', #3421 ) ;
#1046 = CARTESIAN_POINT ( 'NONE',  ( -0.9744646605799703876, 30.77492058349088211, -12.46265152086179917 ) ) ;
#1047 = CARTESIAN_POINT ( 'NONE',  ( 6.333090507429262495, -51.50359712767782128, 10.77870212114591197 ) ) ;
#1048 = CARTESIAN_POINT ( 'NONE',  ( 6.329367168541181421, -46.49917826492998785, 10.78083166830574946 ) ) ;
#1049 = EDGE_CURVE ( 'NONE', #462, #1178, #2023, .T. ) ;
#1050 = CARTESIAN_POINT ( 'NONE',  ( 4.000000000000000888, 2.500000000000004885, -11.84271928232701221 ) ) ;
#1051 = FACE_OUTER_BOUND ( 'NONE', #2645, .T. ) ;
#1052 = ORIENTED_EDGE ( 'NONE', *, *, #1714, .F. ) ;
#1053 = CARTESIAN_POINT ( 'NONE',  ( 8.882154827062112901, 47.77313664937173598, -8.797440877451162322 ) ) ;
#1054 = CARTESIAN_POINT ( 'NONE',  ( -0.5000000000000013323, 6.000000000000001776, -12.48999599679679839 ) ) ;
#1055 = VERTEX_POINT ( 'NONE', #2015 ) ;
#1056 = PLANE ( 'NONE',  #1565 ) ;
#1057 = CARTESIAN_POINT ( 'NONE',  ( 12.20676672984231814, -31.70974071204653910, -2.698009041175392309 ) ) ;
#1058 = CARTESIAN_POINT ( 'NONE',  ( 11.50503498582047435, -32.88492501390753375, 4.887301402315952892 ) ) ;
#1059 = CARTESIAN_POINT ( 'NONE',  ( 10.86723922953159338, 49.88843408337709917, 6.177184126720540291 ) ) ;
#1060 = CARTESIAN_POINT ( 'NONE',  ( 12.30751450026828842, -3.598090458245242207, -2.191690976708659200 ) ) ;
#1061 = ORIENTED_EDGE ( 'NONE', *, *, #727, .T. ) ;
#1062 = CARTESIAN_POINT ( 'NONE',  ( 4.770980054225089084, 3.000000000000002665, -12.50000000000000000 ) ) ;
#1063 = CARTESIAN_POINT ( 'NONE',  ( 1.530808498934191521E-15, 53.00000000000000000, -12.50000000000000000 ) ) ;
#1064 = DIRECTION ( 'NONE',  ( -0.000000000000000000, -0.000000000000000000, 1.000000000000000000 ) ) ;
#1065 = ORIENTED_EDGE ( 'NONE', *, *, #771, .F. ) ;
#1066 = CARTESIAN_POINT ( 'NONE',  ( -12.10746891143192094, -32.39404959923076888, 3.116336186049080137 ) ) ;
#1067 = ORIENTED_EDGE ( 'NONE', *, *, #810, .F. ) ;
#1068 = EDGE_LOOP ( 'NONE', ( #349, #3201, #3010, #759 ) ) ;
#1069 = CIRCLE ( 'NONE', #2402, 12.50000000000000000 ) ;
#1070 = DIRECTION ( 'NONE',  ( 0.000000000000000000, 1.000000000000000000, 0.000000000000000000 ) ) ;
#1071 = CARTESIAN_POINT ( 'NONE',  ( 6.123233995736766282E-16, 53.00000000000000000, -5.000000000000000000 ) ) ;
#1072 = EDGE_CURVE ( 'NONE', #2683, #428, #1418, .T. ) ;
#1073 = EDGE_LOOP ( 'NONE', ( #1744, #3060, #1229 ) ) ;
#1074 = CARTESIAN_POINT ( 'NONE',  ( 9.312221028997500483, 49.73390586030642169, -8.338879910122138028 ) ) ;
#1075 = FACE_OUTER_BOUND ( 'NONE', #778, .T. ) ;
#1076 = CARTESIAN_POINT ( 'NONE',  ( 10.32253362682746811, -30.97072396269344807, 7.051952603454999746 ) ) ;
#1077 = CARTESIAN_POINT ( 'NONE',  ( 12.45838136214608660, -5.600701217386936825, 1.019962582232253112 ) ) ;
#1078 = CARTESIAN_POINT ( 'NONE',  ( -6.049505707728674686, 1.252733541230331316, -10.94038455320425030 ) ) ;
#1079 = CARTESIAN_POINT ( 'NONE',  ( 0.000000000000000000, -45.00000000000000000, 0.000000000000000000 ) ) ;
#1080 = ORIENTED_EDGE ( 'NONE', *, *, #2128, .T. ) ;
#1081 = DIRECTION ( 'NONE',  ( 1.000000000000000000, -0.000000000000000000, -0.000000000000000000 ) ) ;
#1082 = CARTESIAN_POINT ( 'NONE',  ( 6.051673733849550985, 4.247579102190739420, -10.93919092387964653 ) ) ;
#1083 = CARTESIAN_POINT ( 'NONE',  ( -12.48999599679679662, -29.23389624670460307, 0.4999999999999970024 ) ) ;
#1084 = CARTESIAN_POINT ( 'NONE',  ( 2.278700861452767512, 2.943932397590963923, -12.29208428082059967 ) ) ;
#1085 = ORIENTED_EDGE ( 'NONE', *, *, #844, .F. ) ;
#1086 = DIRECTION ( 'NONE',  ( -0.000000000000000000, 1.000000000000000000, -0.000000000000000000 ) ) ;
#1087 = CARTESIAN_POINT ( 'NONE',  ( 4.000000000000000000, 3.000000000000002665, -11.84271928232701221 ) ) ;
#1088 = EDGE_LOOP ( 'NONE', ( #765, #2237, #3579, #3067 ) ) ;
#1089 = CARTESIAN_POINT ( 'NONE',  ( -12.45838136214608838, -29.39929878261306584, 1.019962582232256665 ) ) ;
#1090 = CARTESIAN_POINT ( 'NONE',  ( -11.12456105866068157, -33.65832198446054946, -5.703720012694448727 ) ) ;
#1091 = EDGE_CURVE ( 'NONE', #1921, #3688, #3699, .T. ) ;
#1092 = CARTESIAN_POINT ( 'NONE',  ( 10.22069943957657934, -31.07363235643026300, -7.198019232017538904 ) ) ;
#1093 = EDGE_CURVE ( 'NONE', #566, #2159, #2746, .T. ) ;
#1094 = FACE_OUTER_BOUND ( 'NONE', #2123, .T. ) ;
#1095 = CARTESIAN_POINT ( 'NONE',  ( -12.37641014440912812, -3.995585528234157913, -1.759195886242288065 ) ) ;
#1096 = CARTESIAN_POINT ( 'NONE',  ( 0.000000000000000000, -53.00000000000000000, 0.000000000000000000 ) ) ;
#1097 = PLANE ( 'NONE',  #2866 ) ;
#1098 = DIRECTION ( 'NONE',  ( 0.000000000000000000, 1.000000000000000000, 0.000000000000000000 ) ) ;
#1099 = VECTOR ( 'NONE', #2229, 1000.000000000000000 ) ;
#1100 = DIRECTION ( 'NONE',  ( 0.000000000000000000, 1.000000000000000000, 0.000000000000000000 ) ) ;
#1101 = CARTESIAN_POINT ( 'NONE',  ( -12.46280486602700144, -4.228919712113805573, -0.9723366502293706581 ) ) ;
#1102 = EDGE_LOOP ( 'NONE', ( #594, #3486 ) ) ;
#1103 = EDGE_CURVE ( 'NONE', #3188, #2708, #1165, .T. ) ;
#1104 = DIRECTION ( 'NONE',  ( -0.000000000000000000, 1.000000000000000000, -0.000000000000000000 ) ) ;
#1105 = DIRECTION ( 'NONE',  ( -0.000000000000000000, -0.000000000000000000, 1.000000000000000000 ) ) ;
#1106 = ORIENTED_EDGE ( 'NONE', *, *, #267, .F. ) ;
#1107 = CARTESIAN_POINT ( 'NONE',  ( -6.490628035480971530E-15, -45.00000000000000000, -12.50000000000000000 ) ) ;
#1108 = DIRECTION ( 'NONE',  ( 0.000000000000000000, 1.000000000000000000, 0.000000000000000000 ) ) ;
#1109 = CARTESIAN_POINT ( 'NONE',  ( 9.806892784135351704, -32.44686901374237920, 7.750797054728688629 ) ) ;
#1110 = ADVANCED_FACE ( 'NONE', ( #964 ), #2410, .F. ) ;
#1111 = CARTESIAN_POINT ( 'NONE',  ( 12.44642090734302542, -5.017082385302818359, 1.158693683254492290 ) ) ;
#1112 = CARTESIAN_POINT ( 'NONE',  ( -5.534040636332239416, 1.418709779158160433, 11.20950059167640234 ) ) ;
#1113 = DIRECTION ( 'NONE',  ( 0.000000000000000000, 1.000000000000000000, 0.000000000000000000 ) ) ;
#1114 = DIRECTION ( 'NONE',  ( 0.000000000000000000, 1.000000000000000000, 0.000000000000000000 ) ) ;
#1115 = EDGE_CURVE ( 'NONE', #538, #125, #3290, .T. ) ;
#1116 = AXIS2_PLACEMENT_3D ( 'NONE', #2563, #513, #3053 ) ;
#1117 = CARTESIAN_POINT ( 'NONE',  ( 8.000000000000000000, -49.00000000000000000, 12.00000000000000000 ) ) ;
#1118 = CARTESIAN_POINT ( 'NONE',  ( 6.230339181691683770, 1.240155144128334053, 10.83850298422407654 ) ) ;
#1119 = VERTEX_POINT ( 'NONE', #716 ) ;
#1120 = VECTOR ( 'NONE', #2555, 1000.000000000000000 ) ;
#1121 = CARTESIAN_POINT ( 'NONE',  ( 0.000000000000000000, -32.50000000000004263, 0.000000000000000000 ) ) ;
#1122 = CARTESIAN_POINT ( 'NONE',  ( 3.242645323653435607, 3.090807801841750191, -12.07368272414061572 ) ) ;
#1123 = AXIS2_PLACEMENT_3D ( 'NONE', #3521, #3240, #2081 ) ;
#1124 = ORIENTED_EDGE ( 'NONE', *, *, #239, .T. ) ;
#1125 = ORIENTED_EDGE ( 'NONE', *, *, #3202, .T. ) ;
#1126 = CARTESIAN_POINT ( 'NONE',  ( 8.883772368538140896, -50.22543195976719943, -8.795764769989689924 ) ) ;
#1127 = CARTESIAN_POINT ( 'NONE',  ( 2.478511834130731728, 32.16008838615806553, -12.25369393517421734 ) ) ;
#1128 = LINE ( 'NONE', #2351, #763 ) ;
#1129 = CARTESIAN_POINT ( 'NONE',  ( 6.250000000000002665, 2.750000000000002665, -12.50000000000000000 ) ) ;
#1130 = CARTESIAN_POINT ( 'NONE',  ( -12.33309842161321335, -3.719533370946800588, -2.040828643371753959 ) ) ;
#1131 = CARTESIAN_POINT ( 'NONE',  ( -4.770980054225089084, 2.500000000000002220, 11.55368985745187693 ) ) ;
#1132 = EDGE_CURVE ( 'NONE', #879, #386, #3625, .T. ) ;
#1133 = CARTESIAN_POINT ( 'NONE',  ( 0.000000000000000000, -53.00000000000000000, 12.50000000000000000 ) ) ;
#1134 = DIRECTION ( 'NONE',  ( -0.000000000000000000, -1.000000000000000000, -0.000000000000000000 ) ) ;
#1135 = CARTESIAN_POINT ( 'NONE',  ( 0.000000000000000000, 45.00000000000000000, 0.000000000000000000 ) ) ;
#1136 = CARTESIAN_POINT ( 'NONE',  ( 4.886301639583948031, 2.117361588169881514, 11.50545810714601025 ) ) ;
#1137 = ORIENTED_EDGE ( 'NONE', *, *, #1696, .F. ) ;
#1138 = ADVANCED_FACE ( 'NONE', ( #2170 ), #433, .T. ) ;
#1139 = ORIENTED_EDGE ( 'NONE', *, *, #2652, .T. ) ;
#1140 = FACE_OUTER_BOUND ( 'NONE', #423, .T. ) ;
#1141 = CARTESIAN_POINT ( 'NONE',  ( 8.000000000000000000, 49.00000000000000000, -12.50000000000000000 ) ) ;
#1142 = ORIENTED_EDGE ( 'NONE', *, *, #1576, .F. ) ;
#1143 = VERTEX_POINT ( 'NONE', #1584 ) ;
#1144 = CARTESIAN_POINT ( 'NONE',  ( 6.746188724785313617, -49.85237292430314682, -10.52386902456005480 ) ) ;
#1145 = CARTESIAN_POINT ( 'NONE',  ( 3.999999999999994671, 32.49999999999999289, -11.84271928232701399 ) ) ;
#1146 = CARTESIAN_POINT ( 'NONE',  ( 0.000000000000000000, 53.00000000000000000, 0.000000000000000000 ) ) ;
#1147 = DIRECTION ( 'NONE',  ( 0.000000000000000000, 0.000000000000000000, 1.000000000000000000 ) ) ;
#1148 = CARTESIAN_POINT ( 'NONE',  ( -12.45993579437711318, -5.799185343854243335, -1.000000000000000666 ) ) ;
#1149 = CARTESIAN_POINT ( 'NONE',  ( -7.447391324155633541, 3.670893852851719874, 10.04041871819754128 ) ) ;
#1150 = CARTESIAN_POINT ( 'NONE',  ( 12.44654530129164982, -29.97930008908796751, 1.157372252901227583 ) ) ;
#1151 = ORIENTED_EDGE ( 'NONE', *, *, #148, .F. ) ;
#1152 = DIRECTION ( 'NONE',  ( 1.000000000000000000, 0.000000000000000000, 0.000000000000000000 ) ) ;
#1153 = PLANE ( 'NONE',  #3455 ) ;
#1154 = ORIENTED_EDGE ( 'NONE', *, *, #1900, .T. ) ;
#1155 = CIRCLE ( 'NONE', #2063, 12.50000000000000000 ) ;
#1156 = DIRECTION ( 'NONE',  ( 0.000000000000000000, 3.388131789017204438E-18, 1.000000000000000000 ) ) ;
#1157 = CARTESIAN_POINT ( 'NONE',  ( 11.48605722304382581, -32.97272456901508519, -4.931917255557642932 ) ) ;
#1158 = EDGE_CURVE ( 'NONE', #689, #3561, #578, .T. ) ;
#1159 = AXIS2_PLACEMENT_3D ( 'NONE', #3425, #821, #1152 ) ;
#1160 = ORIENTED_EDGE ( 'NONE', *, *, #3092, .F. ) ;
#1161 = ORIENTED_EDGE ( 'NONE', *, *, #1072, .T. ) ;
#1162 = DIRECTION ( 'NONE',  ( -0.000000000000000000, -1.000000000000000000, -0.000000000000000000 ) ) ;
#1163 = CARTESIAN_POINT ( 'NONE',  ( 9.500000000000001776, -49.23117360133354481, -8.124038404635960831 ) ) ;
#1164 = DIRECTION ( 'NONE',  ( 1.000000000000000000, -0.000000000000000000, -0.000000000000000000 ) ) ;
#1165 = LINE ( 'NONE', #1242, #2504 ) ;
#1166 = CARTESIAN_POINT ( 'NONE',  ( -2.191690976708663641, 31.40190954175476534, -12.30751450026828842 ) ) ;
#1167 = CARTESIAN_POINT ( 'NONE',  ( 0.000000000000000000, 0.000000000000000000, 0.000000000000000000 ) ) ;
#1168 = CARTESIAN_POINT ( 'NONE',  ( -7.750797054728706392, 2.553130986257620361, 9.806892784135333940 ) ) ;
#1169 = ORIENTED_EDGE ( 'NONE', *, *, #2763, .F. ) ;
#1170 = CARTESIAN_POINT ( 'NONE',  ( -11.55368985745187160, -32.50000000000000000, 4.770980054225103295 ) ) ;
#1171 = EDGE_CURVE ( 'NONE', #2085, #2571, #358, .T. ) ;
#1172 = CARTESIAN_POINT ( 'NONE',  ( 6.123233995736766282E-16, 45.00000000000000000, -5.000000000000000000 ) ) ;
#1173 = CARTESIAN_POINT ( 'NONE',  ( -12.48912819291711251, -5.536157332861446179, -0.5232106911776917002 ) ) ;
#1174 = ORIENTED_EDGE ( 'NONE', *, *, #1266, .F. ) ;
#1175 = CARTESIAN_POINT ( 'NONE',  ( 0.000000000000000000, 53.00000000000000000, 0.000000000000000000 ) ) ;
#1176 = CARTESIAN_POINT ( 'NONE',  ( -11.53554380110633915, -31.80231724988189512, 4.814849347050202510 ) ) ;
#1177 = CIRCLE ( 'NONE', #2319, 12.50000000000000000 ) ;
#1178 = VERTEX_POINT ( 'NONE', #1547 ) ;
#1179 = VECTOR ( 'NONE', #2488, 1000.000000000000000 ) ;
#1180 = VERTEX_POINT ( 'NONE', #1222 ) ;
#1181 = DIRECTION ( 'NONE',  ( 0.000000000000000000, -0.000000000000000000, -1.000000000000000000 ) ) ;
#1182 = DIRECTION ( 'NONE',  ( 0.000000000000000000, -1.000000000000000000, 3.388131789017204438E-18 ) ) ;
#1183 = VECTOR ( 'NONE', #1720, 1000.000000000000000 ) ;
#1184 = CARTESIAN_POINT ( 'NONE',  ( 12.49749974994998780, 45.00000000000000711, 0.2500000000000002220 ) ) ;
#1185 = CIRCLE ( 'NONE', #3222, 1.500000000000001332 ) ;
#1186 = DIRECTION ( 'NONE',  ( -1.000000000000000000, 0.000000000000000000, 0.000000000000000000 ) ) ;
#1187 = DIRECTION ( 'NONE',  ( -0.000000000000000000, -1.000000000000000000, 9.000095224099380108E-15 ) ) ;
#1188 = CARTESIAN_POINT ( 'NONE',  ( 8.882154827062112901, -47.77313664937173598, -8.797440877451162322 ) ) ;
#1189 = CARTESIAN_POINT ( 'NONE',  ( -1.382271808924407708, 3.665402235649316331, -12.42443616589256195 ) ) ;
#1190 = CARTESIAN_POINT ( 'NONE',  ( -1.384103369785000481, 3.663332462260592948, 12.42423584141003978 ) ) ;
#1191 = ORIENTED_EDGE ( 'NONE', *, *, #1958, .F. ) ;
#1192 = AXIS2_PLACEMENT_3D ( 'NONE', #941, #902, #652 ) ;
#1193 = CARTESIAN_POINT ( 'NONE',  ( -2.480188189542885002, 32.16098543156890344, -12.25337736127782229 ) ) ;
#1194 = EDGE_CURVE ( 'NONE', #3445, #3670, #882, .T. ) ;
#1195 = CARTESIAN_POINT ( 'NONE',  ( -10.21862456564308452, -31.07596745648635306, 7.200961024264216803 ) ) ;
#1196 = AXIS2_PLACEMENT_3D ( 'NONE', #445, #1614, #1893 ) ;
#1197 = ORIENTED_EDGE ( 'NONE', *, *, #2155, .T. ) ;
#1198 = ORIENTED_EDGE ( 'NONE', *, *, #3709, .T. ) ;
#1199 = CARTESIAN_POINT ( 'NONE',  ( -12.30751450026828842, -3.598090458245242207, 2.191690976708659200 ) ) ;
#1200 = CARTESIAN_POINT ( 'NONE',  ( 12.35701657525679842, -31.80578470015409920, 1.895245351296560576 ) ) ;
#1201 = DIRECTION ( 'NONE',  ( 1.000000000000000000, 9.427844978134822666E-17, 0.000000000000000000 ) ) ;
#1202 = CARTESIAN_POINT ( 'NONE',  ( 1.530808498934191521E-15, -53.00000000000000000, -12.50000000000000000 ) ) ;
#1203 = CARTESIAN_POINT ( 'NONE',  ( -4.000000000000000000, 3.000000000000002665, -12.50000000000000000 ) ) ;
#1204 = EDGE_CURVE ( 'NONE', #346, #1245, #1622, .T. ) ;
#1205 = DIRECTION ( 'NONE',  ( -0.000000000000000000, -0.000000000000000000, 1.000000000000000000 ) ) ;
#1206 = CARTESIAN_POINT ( 'NONE',  ( 6.699268376241300338, -48.24485770844398047, -10.55334275326476146 ) ) ;
#1207 = CARTESIAN_POINT ( 'NONE',  ( -1.231658851972129431, 3.845990242868182474, -12.43985370341646401 ) ) ;
#1208 = CARTESIAN_POINT ( 'NONE',  ( 12.48999599679679839, -29.00000000000000000, -0.5000000000000000000 ) ) ;
#1209 = ORIENTED_EDGE ( 'NONE', *, *, #490, .T. ) ;
#1210 = CARTESIAN_POINT ( 'NONE',  ( -12.48999599679679839, -6.000000000000001776, 0.5000000000000001110 ) ) ;
#1211 = CARTESIAN_POINT ( 'NONE',  ( -10.83985442447990799, -33.75978830626291227, 6.227979984382482570 ) ) ;
#1212 = EDGE_CURVE ( 'NONE', #2183, #1314, #1368, .T. ) ;
#1213 = VECTOR ( 'NONE', #1528, 1000.000000000000000 ) ;
#1214 = VERTEX_POINT ( 'NONE', #3058 ) ;
#1215 = ORIENTED_EDGE ( 'NONE', *, *, #2747, .F. ) ;
#1216 = FACE_OUTER_BOUND ( 'NONE', #1857, .T. ) ;
#1217 = CARTESIAN_POINT ( 'NONE',  ( 4.887100245444141677, 3.384473539627886218, 11.50512018309705731 ) ) ;
#1218 = AXIS2_PLACEMENT_3D ( 'NONE', #2503, #3644, #3678 ) ;
#1219 = PLANE ( 'NONE',  #2598 ) ;
#1220 = VERTEX_POINT ( 'NONE', #3326 ) ;
#1221 = CARTESIAN_POINT ( 'NONE',  ( 5.423762700506318701, 47.44590040324711566, 11.26258026614085495 ) ) ;
#1222 = CARTESIAN_POINT ( 'NONE',  ( -6.490628035480971530E-15, -45.00000000000000000, 5.000000000000000000 ) ) ;
#1223 = CARTESIAN_POINT ( 'NONE',  ( -3.620307008339264776, 31.98208292703147393, -11.96586563452860652 ) ) ;
#1224 = ORIENTED_EDGE ( 'NONE', *, *, #2592, .F. ) ;
#1225 = ADVANCED_FACE ( 'NONE', ( #2479 ), #2201, .F. ) ;
#1226 = CARTESIAN_POINT ( 'NONE',  ( 11.90693847395054839, -32.00000000000000711, 3.809867535266133309 ) ) ;
#1227 = CARTESIAN_POINT ( 'NONE',  ( 5.000000000000000000, 49.00000000000000000, 11.45643923738960090 ) ) ;
#1228 = CARTESIAN_POINT ( 'NONE',  ( 12.45993579437711851, -5.799218689567660512, -1.000000000000000666 ) ) ;
#1229 = ORIENTED_EDGE ( 'NONE', *, *, #524, .T. ) ;
#1230 = CARTESIAN_POINT ( 'NONE',  ( 12.43985370341645869, -3.845990242868180697, 1.231658851972128099 ) ) ;
#1231 = CARTESIAN_POINT ( 'NONE',  ( -11.41679257445792395, -31.27765429834042976, 5.091174016740927399 ) ) ;
#1232 = ORIENTED_EDGE ( 'NONE', *, *, #1038, .T. ) ;
#1233 = ORIENTED_EDGE ( 'NONE', *, *, #607, .T. ) ;
#1234 = CARTESIAN_POINT ( 'NONE',  ( -12.45993579437711318, -6.000000000000001776, 1.000000000000000444 ) ) ;
#1235 = CARTESIAN_POINT ( 'NONE',  ( -11.55368985745187160, -32.00000000000000000, -4.770980054225103295 ) ) ;
#1236 = VECTOR ( 'NONE', #3667, 1000.000000000000000 ) ;
#1237 = CARTESIAN_POINT ( 'NONE',  ( 12.49749974994998780, -53.00000000000000000, -0.2500000000000000000 ) ) ;
#1238 = ADVANCED_FACE ( 'NONE', ( #2723 ), #1637, .F. ) ;
#1239 = ORIENTED_EDGE ( 'NONE', *, *, #1002, .F. ) ;
#1240 = CARTESIAN_POINT ( 'NONE',  ( 10.54697116859181527, 47.40511208063767157, 6.711599962989835078 ) ) ;
#1241 = AXIS2_PLACEMENT_3D ( 'NONE', #1914, #2512, #2234 ) ;
#1242 = CARTESIAN_POINT ( 'NONE',  ( 12.49749974994998780, -53.00000000000000000, 0.2500000000000000000 ) ) ;
#1243 = CARTESIAN_POINT ( 'NONE',  ( -4.000000000000003553, 31.99999999999999289, -11.84271928232701043 ) ) ;
#1244 = VECTOR ( 'NONE', #1666, 1000.000000000000000 ) ;
#1245 = VERTEX_POINT ( 'NONE', #1034 ) ;
#1246 = CARTESIAN_POINT ( 'NONE',  ( 11.96586563452860830, -31.98208292703147393, 3.620307008339262556 ) ) ;
#1247 = CARTESIAN_POINT ( 'NONE',  ( 5.834302047205282449, 51.08793417896474409, 11.05606230732101558 ) ) ;
#1248 = CARTESIAN_POINT ( 'NONE',  ( 1.757636746882040413, 31.00264535212791017, 12.37662814290725954 ) ) ;
#1249 = EDGE_LOOP ( 'NONE', ( #486, #447, #3530, #1449, #2606, #2257, #385, #3021 ) ) ;
#1250 = CARTESIAN_POINT ( 'NONE',  ( -0.5232156341741156513, 29.46497126518822895, -12.48913036041778035 ) ) ;
#1251 = DIRECTION ( 'NONE',  ( 0.000000000000000000, 1.387778780781445676E-16, 1.000000000000000000 ) ) ;
#1252 = CARTESIAN_POINT ( 'NONE',  ( -11.35488841379708802, -31.13510375197420643, 5.229246445673286559 ) ) ;
#1253 = ADVANCED_FACE ( 'NONE', ( #768 ), #2405, .F. ) ;
#1254 = ORIENTED_EDGE ( 'NONE', *, *, #37, .F. ) ;
#1255 = EDGE_LOOP ( 'NONE', ( #3152, #2048, #1829, #3134 ) ) ;
#1256 = DIRECTION ( 'NONE',  ( 0.000000000000000000, 0.000000000000000000, -1.000000000000000000 ) ) ;
#1257 = CARTESIAN_POINT ( 'NONE',  ( 7.707370082892310847, 3.154349249451524617, 9.841516587131252436 ) ) ;
#1258 = AXIS2_PLACEMENT_3D ( 'NONE', #3577, #2719, #1575 ) ;
#1259 = CARTESIAN_POINT ( 'NONE',  ( 0.4999999999999994449, 5.766103753295393375, 12.48999599679679839 ) ) ;
#1260 = ORIENTED_EDGE ( 'NONE', *, *, #3293, .F. ) ;
#1261 = CARTESIAN_POINT ( 'NONE',  ( 4.993746088859545296, -45.00000000000000711, -0.2500000000000000555 ) ) ;
#1262 = CARTESIAN_POINT ( 'NONE',  ( -1.408103081394471934, 30.52374101761957803, 12.42095066949019433 ) ) ;
#1263 = CARTESIAN_POINT ( 'NONE',  ( 12.37641014440912812, -31.00441447176584475, -1.759195886242290285 ) ) ;
#1264 = ORIENTED_EDGE ( 'NONE', *, *, #3582, .T. ) ;
#1265 = VERTEX_POINT ( 'NONE', #730 ) ;
#1266 = EDGE_CURVE ( 'NONE', #1119, #2928, #3217, .T. ) ;
#1267 = CARTESIAN_POINT ( 'NONE',  ( -12.35701657525679309, -31.80578470015409920, -1.895245351296563463 ) ) ;
#1268 = DIRECTION ( 'NONE',  ( 0.000000000000000000, 0.000000000000000000, 1.000000000000000000 ) ) ;
#1269 = CARTESIAN_POINT ( 'NONE',  ( 2.191690976708654759, 31.40190954175476534, 12.30751450026829197 ) ) ;
#1270 = ORIENTED_EDGE ( 'NONE', *, *, #2712, .F. ) ;
#1271 = CARTESIAN_POINT ( 'NONE',  ( -9.797174393178997235E-16, 1.199807826129503165E-31, -12.50000000000000000 ) ) ;
#1272 = DIRECTION ( 'NONE',  ( -0.000000000000000000, 1.000000000000000000, -0.000000000000000000 ) ) ;
#1273 = CARTESIAN_POINT ( 'NONE',  ( 8.515302918665192067, -46.03944237730982536, 9.153894446698851439 ) ) ;
#1274 = ORIENTED_EDGE ( 'NONE', *, *, #3043, .F. ) ;
#1275 = ORIENTED_EDGE ( 'NONE', *, *, #2493, .T. ) ;
#1276 = CARTESIAN_POINT ( 'NONE',  ( 0.000000000000000000, 2.500000000000002220, 0.000000000000000000 ) ) ;
#1277 = CARTESIAN_POINT ( 'NONE',  ( 4.993746088859545296, 45.00000000000000000, -0.2500000000000002220 ) ) ;
#1278 = EDGE_CURVE ( 'NONE', #3013, #1591, #221, .T. ) ;
#1279 = ORIENTED_EDGE ( 'NONE', *, *, #2401, .T. ) ;
#1280 = VECTOR ( 'NONE', #2517, 1000.000000000000000 ) ;
#1281 = ADVANCED_FACE ( 'NONE', ( #145 ), #183, .F. ) ;
#1282 = CIRCLE ( 'NONE', #2121, 12.50000000000000000 ) ;
#1283 = CARTESIAN_POINT ( 'NONE',  ( 8.418400606023309862, 50.45058075893468441, -9.242706810660676453 ) ) ;
#1284 = CARTESIAN_POINT ( 'NONE',  ( -1.000000000000003553, 29.00000000000000000, 12.45993579437711318 ) ) ;
#1285 = DIRECTION ( 'NONE',  ( 1.000000000000000000, 1.131341397376178572E-16, 0.000000000000000000 ) ) ;
#1286 = CARTESIAN_POINT ( 'NONE',  ( 2.480188189542877453, 32.16098543156890344, 12.25337736127782584 ) ) ;
#1287 = CARTESIAN_POINT ( 'NONE',  ( 9.876710824204396388, 51.36460627815429092, 7.672403768060929607 ) ) ;
#1288 = CARTESIAN_POINT ( 'NONE',  ( -10.32053862704894875, -30.97252797794025980, -7.054874744467069192 ) ) ;
#1289 = ORIENTED_EDGE ( 'NONE', *, *, #2847, .F. ) ;
#1290 = ADVANCED_FACE ( 'NONE', ( #713, #1858 ), #690, .T. ) ;
#1291 = PLANE ( 'NONE',  #2506 ) ;
#1292 = LINE ( 'NONE', #1813, #2554 ) ;
#1293 = CARTESIAN_POINT ( 'NONE',  ( 9.459276284671455315, -46.37370605591523542, 8.174410702872535239 ) ) ;
#1294 = ORIENTED_EDGE ( 'NONE', *, *, #1212, .T. ) ;
#1295 = EDGE_LOOP ( 'NONE', ( #841, #2736, #976, #363 ) ) ;
#1296 = DIRECTION ( 'NONE',  ( 0.000000000000000000, 0.000000000000000000, -1.000000000000000000 ) ) ;
#1297 = LINE ( 'NONE', #1562, #1381 ) ;
#1298 = MANIFOLD_SOLID_BREP ( 'Cut-Extrude8', #2381 ) ;
#1299 = ADVANCED_FACE ( 'NONE', ( #1373, #534 ), #3003, .T. ) ;
#1300 = CARTESIAN_POINT ( 'NONE',  ( -11.84271928232701221, -32.00000000000000000, 4.000000000000000888 ) ) ;
#1301 = CARTESIAN_POINT ( 'NONE',  ( 4.787968713788598230, 2.399493734614356111, -11.54667456130618142 ) ) ;
#1302 = CIRCLE ( 'NONE', #3158, 3.000000000000000000 ) ;
#1303 = CARTESIAN_POINT ( 'NONE',  ( -4.770980054225089084, 3.000000000000002665, -12.50000000000000000 ) ) ;
#1304 = EDGE_CURVE ( 'NONE', #1314, #1143, #1937, .T. ) ;
#1305 = EDGE_LOOP ( 'NONE', ( #2440, #899, #1395, #674 ) ) ;
#1306 = AXIS2_PLACEMENT_3D ( 'NONE', #1998, #2610, #866 ) ;
#1307 = CARTESIAN_POINT ( 'NONE',  ( -12.48913036041778213, -29.46497126518822895, -0.5232156341741125427 ) ) ;
#1308 = CARTESIAN_POINT ( 'NONE',  ( -6.051233628480245486, 4.247447113786710027, -10.93942235635133109 ) ) ;
#1309 = CARTESIAN_POINT ( 'NONE',  ( 12.44654530129164449, -5.020699910912035158, -1.157372252901223808 ) ) ;
#1310 = ORIENTED_EDGE ( 'NONE', *, *, #790, .F. ) ;
#1311 = DIRECTION ( 'NONE',  ( 1.000000000000000000, -1.224646799147349263E-16, 0.000000000000000000 ) ) ;
#1312 = LINE ( 'NONE', #3611, #942 ) ;
#1313 = CARTESIAN_POINT ( 'NONE',  ( 9.164231810227558839, -46.23025787341221360, 8.503866973171563259 ) ) ;
#1314 = VERTEX_POINT ( 'NONE', #518 ) ;
#1315 = ORIENTED_EDGE ( 'NONE', *, *, #602, .F. ) ;
#1316 = LINE ( 'NONE', #3598, #2144 ) ;
#1317 = ORIENTED_EDGE ( 'NONE', *, *, #1204, .T. ) ;
#1318 = CARTESIAN_POINT ( 'NONE',  ( 6.887537362628093796, 47.98827189888831413, -10.43158310904297537 ) ) ;
#1319 = CARTESIAN_POINT ( 'NONE',  ( -12.37662814290725777, -31.00264535212790307, -1.757636746882045298 ) ) ;
#1320 = CARTESIAN_POINT ( 'NONE',  ( 0.000000000000000000, -45.00000000000000000, 0.000000000000000000 ) ) ;
#1321 = CARTESIAN_POINT ( 'NONE',  ( 0.000000000000000000, 44.50000000000000711, 0.000000000000000000 ) ) ;
#1322 = CARTESIAN_POINT ( 'NONE',  ( 11.41705332724605881, -31.27840337111909719, -5.090584250741835959 ) ) ;
#1323 = EDGE_CURVE ( 'NONE', #1918, #1578, #2268, .T. ) ;
#1324 = CARTESIAN_POINT ( 'NONE',  ( -4.770980054225089084, 2.500000000000002220, -11.55368985745187693 ) ) ;
#1325 = CARTESIAN_POINT ( 'NONE',  ( -9.797174393178997235E-16, 1.199807826129503165E-31, 12.50000000000000000 ) ) ;
#1326 = EDGE_LOOP ( 'NONE', ( #186, #3057, #137, #372 ) ) ;
#1327 = CARTESIAN_POINT ( 'NONE',  ( -1.384103369785001592, 31.33666753773941238, -12.42423584141004511 ) ) ;
#1328 = DIRECTION ( 'NONE',  ( 1.000000000000000000, -0.000000000000000000, -0.000000000000000000 ) ) ;
#1329 = EDGE_CURVE ( 'NONE', #3013, #462, #1690, .T. ) ;
#1330 = CARTESIAN_POINT ( 'NONE',  ( 6.499999999999941380, -48.99999999999992895, -10.67707825203135030 ) ) ;
#1331 = B_SPLINE_CURVE_WITH_KNOTS ( 'NONE', 3,
 ( #2330, #2106, #1764, #2908, #3246, #1820, #2628, #1200, #670, #2963, #2347, #3488, #919, #3508, #3208, #634, #1782, #2925 ),
 .UNSPECIFIED., .F., .F.,
 ( 4, 2, 2, 2, 2, 2, 2, 2, 4 ),
 ( 0.000000000000000000, 0.0006918256289551167997, 0.001383651257910233599, 0.002075476886865350399, 0.002767302515820467199, 0.003459128144775583998, 0.004150953773730700798, 0.004842779402685817164, 0.005534605031640934397 ),
 .UNSPECIFIED. ) ;
#1332 = CARTESIAN_POINT ( 'NONE',  ( -12.50000000000000000, -2.500000000000002220, 4.000000000000000000 ) ) ;
#1333 = CARTESIAN_POINT ( 'NONE',  ( 8.000000000000000000, -49.00000000000000000, 4.000000000000000000 ) ) ;
#1334 = ORIENTED_EDGE ( 'NONE', *, *, #2584, .T. ) ;
#1335 = DIRECTION ( 'NONE',  ( 0.000000000000000000, 1.000000000000000000, 0.000000000000000000 ) ) ;
#1336 = CARTESIAN_POINT ( 'NONE',  ( 12.50000000000000000, 45.00000000000000000, -12.50000000000000000 ) ) ;
#1337 = EDGE_CURVE ( 'NONE', #2683, #2533, #3461, .T. ) ;
#1338 = ORIENTED_EDGE ( 'NONE', *, *, #3680, .T. ) ;
#1339 = EDGE_LOOP ( 'NONE', ( #684, #241, #1894 ) ) ;
#1340 = CARTESIAN_POINT ( 'NONE',  ( 7.901252516452081487, 50.50678703872294761, -9.688747855988552260 ) ) ;
#1341 = LINE ( 'NONE', #1885, #1699 ) ;
#1342 = VECTOR ( 'NONE', #1946, 1000.000000000000000 ) ;
#1343 = CARTESIAN_POINT ( 'NONE',  ( 9.871634462271250854, -31.75233100810740439, 7.668317862541465857 ) ) ;
#1344 = AXIS2_PLACEMENT_3D ( 'NONE', #2071, #2313, #354 ) ;
#1345 = CARTESIAN_POINT ( 'NONE',  ( -5.702992712916766571, 1.341885005524094288, -11.12494528509018643 ) ) ;
#1346 = CARTESIAN_POINT ( 'NONE',  ( 6.499999999999999112, -49.00000000000000000, -12.50000000000000000 ) ) ;
#1347 = ORIENTED_EDGE ( 'NONE', *, *, #365, .F. ) ;
#1348 = EDGE_CURVE ( 'NONE', #332, #2937, #213, .T. ) ;
#1349 = CARTESIAN_POINT ( 'NONE',  ( -12.50000000000000000, -32.00000000000000000, -4.770980054225103295 ) ) ;
#1350 = CARTESIAN_POINT ( 'NONE',  ( 6.499999999999999112, -49.00000000000000000, -12.50000000000000000 ) ) ;
#1351 = FACE_OUTER_BOUND ( 'NONE', #3556, .T. ) ;
#1352 = CARTESIAN_POINT ( 'NONE',  ( -12.29275677521991028, -32.05425168757983556, 2.275202324205832571 ) ) ;
#1353 = LINE ( 'NONE', #2495, #1543 ) ;
#1354 = EDGE_LOOP ( 'NONE', ( #3365, #3297, #1852, #210 ) ) ;
#1355 = DIRECTION ( 'NONE',  ( 0.000000000000000000, -1.000000000000000000, 0.000000000000000000 ) ) ;
#1356 = CARTESIAN_POINT ( 'NONE',  ( -12.20705785871649773, -31.70898545973901150, -2.696610625404030070 ) ) ;
#1357 = ORIENTED_EDGE ( 'NONE', *, *, #1024, .F. ) ;
#1358 = CARTESIAN_POINT ( 'NONE',  ( 12.48999599679679839, -6.000000000000000888, -0.5000000000000001110 ) ) ;
#1359 = CYLINDRICAL_SURFACE ( 'NONE', #1218, 5.000000000000000000 ) ;
#1360 = VECTOR ( 'NONE', #2456, 1000.000000000000000 ) ;
#1361 = CARTESIAN_POINT ( 'NONE',  ( 11.20950059167639878, -33.58129022084183646, 5.534040636332245633 ) ) ;
#1362 = AXIS2_PLACEMENT_3D ( 'NONE', #2514, #3038, #2199 ) ;
#1363 = CARTESIAN_POINT ( 'NONE',  ( 10.96613975028047427, 49.46401838214850244, 5.999547389202775527 ) ) ;
#1364 = CARTESIAN_POINT ( 'NONE',  ( -12.45993579437711318, -29.00000000000000000, -1.000000000000000000 ) ) ;
#1365 = EDGE_LOOP ( 'NONE', ( #3464, #1080 ) ) ;
#1366 = CARTESIAN_POINT ( 'NONE',  ( -2.698009041175394973, 3.290259287953458234, -12.20676672984231992 ) ) ;
#1367 = CARTESIAN_POINT ( 'NONE',  ( 1.000000000000004441, -53.00000000000000000, 12.45993579437711318 ) ) ;
#1368 = CIRCLE ( 'NONE', #161, 12.50000000000000000 ) ;
#1369 = CARTESIAN_POINT ( 'NONE',  ( 2.275202324205836568, 2.945748312420166215, 12.29275677521991028 ) ) ;
#1370 = ORIENTED_EDGE ( 'NONE', *, *, #1800, .F. ) ;
#1371 = ORIENTED_EDGE ( 'NONE', *, *, #1194, .F. ) ;
#1372 = VECTOR ( 'NONE', #1393, 1000.000000000000000 ) ;
#1373 = FACE_OUTER_BOUND ( 'NONE', #1413, .T. ) ;
#1374 = CARTESIAN_POINT ( 'NONE',  ( 6.499999999999999112, -49.00000000000000000, -0.2500000000000002220 ) ) ;
#1375 = EDGE_CURVE ( 'NONE', #2140, #1392, #3643, .T. ) ;
#1376 = ORIENTED_EDGE ( 'NONE', *, *, #264, .F. ) ;
#1377 = APPLICATION_CONTEXT ( 'automotive_design' ) ;
#1378 = CARTESIAN_POINT ( 'NONE',  ( -12.24334387746706732, -31.61999381617082960, 2.525556835550721413 ) ) ;
#1379 = ADVANCED_FACE ( 'NONE', ( #1140 ), #2497, .T. ) ;
#1380 = DIRECTION ( 'NONE',  ( 0.000000000000000000, 1.000000000000000000, 0.000000000000000000 ) ) ;
#1381 = VECTOR ( 'NONE', #467, 1000.000000000000000 ) ;
#1382 = CARTESIAN_POINT ( 'NONE',  ( 11.21038795065250859, -30.91957948414312796, 5.532254152595913688 ) ) ;
#1383 = CARTESIAN_POINT ( 'NONE',  ( 8.000000000000000000, -49.00000000000000000, 4.000000000000000000 ) ) ;
#1384 = CARTESIAN_POINT ( 'NONE',  ( -4.887301402315940457, 3.384925013907538194, -11.50503498582048145 ) ) ;
#1385 = DIRECTION ( 'NONE',  ( 0.000000000000000000, 0.000000000000000000, 1.000000000000000000 ) ) ;
#1386 = ORIENTED_EDGE ( 'NONE', *, *, #1783, .T. ) ;
#1387 = DIRECTION ( 'NONE',  ( 0.000000000000000000, 0.000000000000000000, -1.000000000000000000 ) ) ;
#1388 = CARTESIAN_POINT ( 'NONE',  ( 7.670032637423722655, 3.242790883756814679, -9.870300859728226683 ) ) ;
#1389 = AXIS2_PLACEMENT_3D ( 'NONE', #2169, #715, #1861 ) ;
#1390 = CARTESIAN_POINT ( 'NONE',  ( -3.778475619130028829, 32.50000000000000711, 11.91754141585526838 ) ) ;
#1391 = CARTESIAN_POINT ( 'NONE',  ( 0.8634959952463284738, 4.429800060369633918, -12.47046141535685493 ) ) ;
#1392 = VERTEX_POINT ( 'NONE', #2832 ) ;
#1393 = DIRECTION ( 'NONE',  ( -0.000000000000000000, -0.000000000000000000, 1.000000000000000000 ) ) ;
#1394 = CARTESIAN_POINT ( 'NONE',  ( 1.311540307143526540, 4.653988984833466347, -12.43124541192992183 ) ) ;
#1395 = ORIENTED_EDGE ( 'NONE', *, *, #1091, .T. ) ;
#1396 = EDGE_CURVE ( 'NONE', #346, #298, #3381, .T. ) ;
#1397 = FACE_OUTER_BOUND ( 'NONE', #3468, .T. ) ;
#1398 = CARTESIAN_POINT ( 'NONE',  ( -10.84052725148963781, -33.75982045672653697, -6.226824914784544696 ) ) ;
#1399 = EDGE_CURVE ( 'NONE', #1499, #2289, #3428, .T. ) ;
#1400 = FACE_OUTER_BOUND ( 'NONE', #441, .T. ) ;
#1401 = CARTESIAN_POINT ( 'NONE',  ( 12.07256515986861878, -3.089864214478328819, 3.246703485572016934 ) ) ;
#1402 = CARTESIAN_POINT ( 'NONE',  ( -12.39346334248948445, -4.146802508787471808, -1.632432602011770539 ) ) ;
#1403 = DIRECTION ( 'NONE',  ( 0.000000000000000000, 1.000000000000000000, 9.000095224099380108E-15 ) ) ;
#1404 = CARTESIAN_POINT ( 'NONE',  ( 12.25337736127782762, -2.839014568431089458, -2.480188189542882338 ) ) ;
#1405 = DIRECTION ( 'NONE',  ( 0.000000000000000000, 0.000000000000000000, -1.000000000000000000 ) ) ;
#1406 = AXIS2_PLACEMENT_3D ( 'NONE', #2824, #246, #3406 ) ;
#1407 = DIRECTION ( 'NONE',  ( 0.000000000000000000, 0.000000000000000000, 1.000000000000000000 ) ) ;
#1408 = AXIS2_PLACEMENT_3D ( 'NONE', #2581, #1739, #2883 ) ;
#1409 = DIRECTION ( 'NONE',  ( -0.000000000000000000, -1.000000000000000000, 0.000000000000000000 ) ) ;
#1410 = ORIENTED_EDGE ( 'NONE', *, *, #2334, .F. ) ;
#1411 = DIRECTION ( 'NONE',  ( 0.000000000000000000, 1.000000000000000000, 0.000000000000000000 ) ) ;
#1412 = CARTESIAN_POINT ( 'NONE',  ( 1.757636746882042411, 3.997354647872099598, -12.37662814290725954 ) ) ;
#1413 = EDGE_LOOP ( 'NONE', ( #1693, #164, #3581, #1954 ) ) ;
#1414 = ORIENTED_EDGE ( 'NONE', *, *, #3328, .T. ) ;
#1415 = DIRECTION ( 'NONE',  ( -0.000000000000000000, -0.000000000000000000, 1.000000000000000000 ) ) ;
#1416 = EDGE_CURVE ( 'NONE', #2047, #566, #256, .T. ) ;
#1417 = CARTESIAN_POINT ( 'NONE',  ( 1.888684029851524393, 31.80102218265140479, -12.35804545169544255 ) ) ;
#1418 = LINE ( 'NONE', #2911, #1120 ) ;
#1419 = EDGE_CURVE ( 'NONE', #1724, #3135, #2782, .T. ) ;
#1420 = CYLINDRICAL_SURFACE ( 'NONE', #3383, 1.500000000000009992 ) ;
#1421 = CARTESIAN_POINT ( 'NONE',  ( -12.44642090734302542, -5.017082385302818359, -1.158693683254492290 ) ) ;
#1422 = CARTESIAN_POINT ( 'NONE',  ( -7.668317862541482732, 3.247668991892612933, 9.871634462271236643 ) ) ;
#1423 = CARTESIAN_POINT ( 'NONE',  ( 12.42423584141003978, -3.663332462260591171, -1.384103369784998927 ) ) ;
#1424 = FACE_OUTER_BOUND ( 'NONE', #1623, .T. ) ;
#1425 = AXIS2_PLACEMENT_3D ( 'NONE', #2735, #3012, #1645 ) ;
#1426 = CYLINDRICAL_SURFACE ( 'NONE', #984, 3.000000000000000000 ) ;
#1427 = CARTESIAN_POINT ( 'NONE',  ( 5.533649237558818434, 1.418798579987225139, 11.20970400379120058 ) ) ;
#1428 = ORIENTED_EDGE ( 'NONE', *, *, #2265, .T. ) ;
#1429 = AXIS2_PLACEMENT_3D ( 'NONE', #659, #1808, #1529 ) ;
#1430 = CARTESIAN_POINT ( 'NONE',  ( 0.000000000000000000, 45.00000000000000000, 5.000000000000000000 ) ) ;
#1431 = CIRCLE ( 'NONE', #1908, 12.50000000000000000 ) ;
#1432 = ADVANCED_FACE ( 'NONE', ( #555 ), #3671, .T. ) ;
#1433 = ORIENTED_EDGE ( 'NONE', *, *, #2035, .T. ) ;
#1434 = EDGE_LOOP ( 'NONE', ( #1154, #975, #2187, #1811 ) ) ;
#1435 = DIRECTION ( 'NONE',  ( 0.000000000000000000, 0.000000000000000000, 1.000000000000000000 ) ) ;
#1436 = CARTESIAN_POINT ( 'NONE',  ( -11.50512018309705375, -32.88447353962789066, -4.887100245444157665 ) ) ;
#1437 = CARTESIAN_POINT ( 'NONE',  ( 0.000000000000000000, -45.00000000000000000, 0.000000000000000000 ) ) ;
#1438 = DIRECTION ( 'NONE',  ( -1.000000000000000000, 0.000000000000000000, 0.000000000000000000 ) ) ;
#1439 = CARTESIAN_POINT ( 'NONE',  ( -4.770980054225089084, 3.000000000000002665, 11.55368985745187693 ) ) ;
#1440 = EDGE_CURVE ( 'NONE', #464, #511, #3363, .T. ) ;
#1441 = CARTESIAN_POINT ( 'NONE',  ( 7.720363118032622651, -47.51481363643351585, -9.833336975542007252 ) ) ;
#1442 = FACE_OUTER_BOUND ( 'NONE', #1694, .T. ) ;
#1443 = CARTESIAN_POINT ( 'NONE',  ( 4.993746088859545296, -53.00000000000000000, 0.2500000000000000000 ) ) ;
#1444 = VERTEX_POINT ( 'NONE', #2238 ) ;
#1445 = CIRCLE ( 'NONE', #1986, 5.000000000000000000 ) ;
#1446 = EDGE_CURVE ( 'NONE', #1581, #3317, #1549, .T. ) ;
#1447 = CARTESIAN_POINT ( 'NONE',  ( 12.10746891143191917, -2.605950400769232900, 3.116336186049080137 ) ) ;
#1448 = CARTESIAN_POINT ( 'NONE',  ( 11.54668118931705756, -32.60041130765234385, -4.787952663002150722 ) ) ;
#1449 = ORIENTED_EDGE ( 'NONE', *, *, #3582, .F. ) ;
#1450 = ORIENTED_EDGE ( 'NONE', *, *, #2556, .F. ) ;
#1451 = CARTESIAN_POINT ( 'NONE',  ( 8.418400606023309862, -50.45058075893468441, -9.242706810660676453 ) ) ;
#1452 = DIRECTION ( 'NONE',  ( 0.000000000000000000, 1.000000000000000000, 0.000000000000000000 ) ) ;
#1453 = CARTESIAN_POINT ( 'NONE',  ( 8.000000000000000000, 49.00000000000000000, -0.2500000000000002220 ) ) ;
#1454 = CARTESIAN_POINT ( 'NONE',  ( 1.408103081394465494, 30.52374101761957803, -12.42095066949019611 ) ) ;
#1455 = CARTESIAN_POINT ( 'NONE',  ( -11.90693265959579428, -3.000000000000002220, -3.809884749708929874 ) ) ;
#1456 = CYLINDRICAL_SURFACE ( 'NONE', #3095, 12.50000000000000000 ) ;
#1457 = CARTESIAN_POINT ( 'NONE',  ( 12.20705785871649773, -31.70898545973901150, 2.696610625404030959 ) ) ;
#1458 = EDGE_CURVE ( 'NONE', #1180, #538, #2970, .T. ) ;
#1459 = CARTESIAN_POINT ( 'NONE',  ( -12.50000000000000000, -29.00000000000000000, 4.000000000000000000 ) ) ;
#1460 = DIRECTION ( 'NONE',  ( 0.000000000000000000, 0.000000000000000000, -1.000000000000000000 ) ) ;
#1461 = VERTEX_POINT ( 'NONE', #1210 ) ;
#1462 = CARTESIAN_POINT ( 'NONE',  ( 12.48999599679680017, -5.766103753295393375, 0.5000000000000005551 ) ) ;
#1463 = CARTESIAN_POINT ( 'NONE',  ( -12.50000000000000000, -29.00000000000000000, -0.5000000000000000000 ) ) ;
#1464 = VERTEX_POINT ( 'NONE', #1775 ) ;
#1465 = ORIENTED_EDGE ( 'NONE', *, *, #1979, .T. ) ;
#1466 = CARTESIAN_POINT ( 'NONE',  ( 6.123233995736766282E-16, -45.00000000000000000, 5.000000000000000000 ) ) ;
#1467 = CARTESIAN_POINT ( 'NONE',  ( 4.932818701414173113, 3.474289064445913233, 11.48566882387564192 ) ) ;
#1468 = B_SPLINE_CURVE_WITH_KNOTS ( 'NONE', 3,
 ( #2444, #2223, #3286, #714, #2202, #3345, #2783, #2745, #1319, #1598, #203, #3004, #1356, #1035, #3364, #2498, #731, #1841 ),
 .UNSPECIFIED., .F., .F.,
 ( 4, 2, 2, 2, 2, 2, 2, 2, 4 ),
 ( 2.168404344971008868E-19, 0.0005938174045434769068, 0.001187634809086953597, 0.001781452213630430395, 0.002375269618173907193, 0.002969087022717376186, 0.003562904427260846045, 0.004156721831804315037, 0.004750539236347784029 ),
 .UNSPECIFIED. ) ;
#1469 = B_SPLINE_CURVE_WITH_KNOTS ( 'NONE', 3,
 ( #3089, #803, #2964, #1822, #3340, #515, #2235, #234, #1952, #2707, #3378, #2813, #692, #180, #3267, #1670, #1390, #1652 ),
 .UNSPECIFIED., .F., .F.,
 ( 4, 2, 2, 2, 2, 2, 2, 2, 4 ),
 ( 0.000000000000000000, 0.0006917567136071122802, 0.001383513427214224560, 0.002075270140821336949, 0.002767026854428448687, 0.003458783568035560425, 0.004150540281642671296, 0.004842296995249783902, 0.005534053708856894772 ),
 .UNSPECIFIED. ) ;
#1470 = DIRECTION ( 'NONE',  ( 0.000000000000000000, 1.000000000000000000, 0.000000000000000000 ) ) ;
#1471 = DIRECTION ( 'NONE',  ( -0.000000000000000000, 3.388131789017204438E-18, -1.000000000000000000 ) ) ;
#1472 = DIRECTION ( 'NONE',  ( 1.000000000000000000, 0.000000000000000000, 0.000000000000000000 ) ) ;
#1473 = ADVANCED_FACE ( 'NONE', ( #3168 ), #647, .F. ) ;
#1474 = DIRECTION ( 'NONE',  ( 1.000000000000000000, -0.000000000000000000, -0.000000000000000000 ) ) ;
#1475 = CARTESIAN_POINT ( 'NONE',  ( 1.530808498934191521E-15, -53.00000000000000000, -12.50000000000000000 ) ) ;
#1476 = CARTESIAN_POINT ( 'NONE',  ( 4.000000000000000888, 2.500000000000004885, 11.84271928232701221 ) ) ;
#1477 = FACE_OUTER_BOUND ( 'NONE', #3073, .T. ) ;
#1478 = ORIENTED_EDGE ( 'NONE', *, *, #376, .F. ) ;
#1479 = FACE_OUTER_BOUND ( 'NONE', #3, .T. ) ;
#1480 = CARTESIAN_POINT ( 'NONE',  ( -11.35603571829509129, -33.36273123744589952, 5.226766378733207929 ) ) ;
#1481 = ORIENTED_EDGE ( 'NONE', *, *, #3524, .F. ) ;
#1482 = AXIS2_PLACEMENT_3D ( 'NONE', #2131, #3251, #1826 ) ;
#1483 = ORIENTED_EDGE ( 'NONE', *, *, #239, .F. ) ;
#1484 = CARTESIAN_POINT ( 'NONE',  ( -12.37662814290725954, -3.997354647872096933, 1.757636746882045520 ) ) ;
#1485 = CARTESIAN_POINT ( 'NONE',  ( 8.000000000000000000, 49.00000000000000000, 4.000000000000000000 ) ) ;
#1486 = EDGE_CURVE ( 'NONE', #1983, #2403, #1185, .T. ) ;
#1487 = AXIS2_PLACEMENT_3D ( 'NONE', #2443, #3543, #977 ) ;
#1488 = CARTESIAN_POINT ( 'NONE',  ( 1.530808498934191521E-15, -53.00000000000000000, -12.50000000000000000 ) ) ;
#1489 = CARTESIAN_POINT ( 'NONE',  ( -1.099420946476977745, 5.208353814285938022, -12.45162091521704895 ) ) ;
#1490 = DIRECTION ( 'NONE',  ( -0.000000000000000000, -0.000000000000000000, 1.000000000000000000 ) ) ;
#1491 = CARTESIAN_POINT ( 'NONE',  ( 9.500000000000001776, 49.00000000000000000, -12.50000000000000000 ) ) ;
#1492 = CARTESIAN_POINT ( 'NONE',  ( 9.260171119248802540, -48.18080233452881345, -8.396804768857050405 ) ) ;
#1493 = ADVANCED_FACE ( 'NONE', ( #935, #364 ), #3185, .T. ) ;
#1494 = CARTESIAN_POINT ( 'NONE',  ( 12.49749974994998780, 53.00000000000000000, 0.2500000000000000000 ) ) ;
#1495 = CARTESIAN_POINT ( 'NONE',  ( 3.242645323653433831, 31.90919219815824803, 12.07368272414061749 ) ) ;
#1496 = VERTEX_POINT ( 'NONE', #2064 ) ;
#1497 = FACE_OUTER_BOUND ( 'NONE', #1615, .T. ) ;
#1498 = CARTESIAN_POINT ( 'NONE',  ( 10.32053862704894875, -33.52747202205973309, -7.054874744467069192 ) ) ;
#1499 = VERTEX_POINT ( 'NONE', #3482 ) ;
#1500 = VERTEX_POINT ( 'NONE', #874 ) ;
#1501 = DIRECTION ( 'NONE',  ( -0.000000000000000000, -0.000000000000000000, 1.000000000000000000 ) ) ;
#1502 = FACE_BOUND ( 'NONE', #517, .T. ) ;
#1503 = DIRECTION ( 'NONE',  ( 0.000000000000000000, 0.000000000000000000, 1.000000000000000000 ) ) ;
#1504 = EDGE_CURVE ( 'NONE', #2148, #201, #347, .T. ) ;
#1505 = VERTEX_POINT ( 'NONE', #29 ) ;
#1506 = CARTESIAN_POINT ( 'NONE',  ( 8.515302918665192067, 46.03944237730982536, 9.153894446698851439 ) ) ;
#1507 = DIRECTION ( 'NONE',  ( 0.000000000000000000, -1.000000000000000000, 0.000000000000000000 ) ) ;
#1508 = EDGE_CURVE ( 'NONE', #1220, #2148, #1013, .T. ) ;
#1509 = CARTESIAN_POINT ( 'NONE',  ( -1.405831036269092893, 30.51974311405041007, -12.42120025654694260 ) ) ;
#1510 = LINE ( 'NONE', #2654, #3347 ) ;
#1511 = CARTESIAN_POINT ( 'NONE',  ( -3.620307008339261667, 3.017917072968534509, 11.96586563452860830 ) ) ;
#1512 = CARTESIAN_POINT ( 'NONE',  ( 1.628464786153788202, 30.84801311536898538, 12.39397753572420413 ) ) ;
#1513 = ORIENTED_EDGE ( 'NONE', *, *, #2531, .T. ) ;
#1514 = APPLICATION_CONTEXT ( 'automotive_design' ) ;
#1515 = DIRECTION ( 'NONE',  ( -0.000000000000000000, -1.000000000000000000, 9.000095224099380108E-15 ) ) ;
#1516 = CARTESIAN_POINT ( 'NONE',  ( -11.12494528509017933, -33.65811499447588773, 5.702992712916771900 ) ) ;
#1517 = ORIENTED_EDGE ( 'NONE', *, *, #1530, .T. ) ;
#1518 = ADVANCED_FACE ( 'NONE', ( #1497, #2100 ), #295, .T. ) ;
#1519 = ORIENTED_EDGE ( 'NONE', *, *, #53, .T. ) ;
#1520 = ORIENTED_EDGE ( 'NONE', *, *, #3709, .F. ) ;
#1521 = DIRECTION ( 'NONE',  ( 0.000000000000000000, 0.000000000000000000, 1.000000000000000000 ) ) ;
#1522 = CARTESIAN_POINT ( 'NONE',  ( 6.572056358939750709, 4.225254079062714219, 10.63477572986804631 ) ) ;
#1523 = VECTOR ( 'NONE', #2108, 1000.000000000000000 ) ;
#1524 = FACE_OUTER_BOUND ( 'NONE', #2721, .T. ) ;
#1525 = ORIENTED_EDGE ( 'NONE', *, *, #2265, .F. ) ;
#1526 = CARTESIAN_POINT ( 'NONE',  ( 10.64066978257860363, 47.56336508759365955, 6.561322875073241967 ) ) ;
#1527 = CARTESIAN_POINT ( 'NONE',  ( -1.632432602011773204, 30.85319749121252286, 12.39346334248947734 ) ) ;
#1528 = DIRECTION ( 'NONE',  ( -0.000000000000000000, -0.000000000000000000, 1.000000000000000000 ) ) ;
#1529 = DIRECTION ( 'NONE',  ( 1.000000000000000000, -1.125011903012444010E-15, 0.000000000000000000 ) ) ;
#1530 = EDGE_CURVE ( 'NONE', #3649, #1646, #404, .T. ) ;
#1531 = CARTESIAN_POINT ( 'NONE',  ( 5.217211839581382904, 50.14383387706050854, 11.35973541260463904 ) ) ;
#1532 = CARTESIAN_POINT ( 'NONE',  ( 1.311540307143524764, 30.34601101516653898, 12.43124541192992183 ) ) ;
#1533 = ORIENTED_EDGE ( 'NONE', *, *, #1588, .F. ) ;
#1534 = CARTESIAN_POINT ( 'NONE',  ( 9.500000000000001776, 49.00000000000000000, 0.2500000000000002220 ) ) ;
#1535 = CARTESIAN_POINT ( 'NONE',  ( 9.876710824204396388, -51.36460627815429092, 7.672403768060929607 ) ) ;
#1536 = CARTESIAN_POINT ( 'NONE',  ( -11.48618049085165538, -32.97218309880377518, 4.931628877826200963 ) ) ;
#1537 = ORIENTED_EDGE ( 'NONE', *, *, #65, .F. ) ;
#1538 = EDGE_LOOP ( 'NONE', ( #179, #916, #650, #2625, #1533, #62, #2232, #1939, #3039, #632, #2030, #1797, #2461, #3037, #631, #862, #1174, #1610, #1065, #2224 ) ) ;
#1539 = AXIS2_PLACEMENT_3D ( 'NONE', #2273, #219, #278 ) ;
#1540 = CYLINDRICAL_SURFACE ( 'NONE', #554, 3.500000000000003109 ) ;
#1541 = DIRECTION ( 'NONE',  ( -0.000000000000000000, -0.000000000000000000, 1.000000000000000000 ) ) ;
#1542 = ADVANCED_FACE ( 'NONE', ( #1479 ), #2602, .T. ) ;
#1543 = VECTOR ( 'NONE', #163, 1000.000000000000000 ) ;
#1544 = CARTESIAN_POINT ( 'NONE',  ( -12.47052934731761908, -30.56847724308363112, 0.8625436909129590157 ) ) ;
#1545 = CARTESIAN_POINT ( 'NONE',  ( 5.548783371644312901, 47.25581940103472078, 11.20210211929407684 ) ) ;
#1546 = VECTOR ( 'NONE', #1134, 1000.000000000000000 ) ;
#1547 = CARTESIAN_POINT ( 'NONE',  ( 0.9999999999999974465, 6.000000000000005329, 12.45993579437711318 ) ) ;
#1548 = DIRECTION ( 'NONE',  ( 1.776356839400250465E-15, 0.000000000000000000, -1.000000000000000000 ) ) ;
#1549 = CIRCLE ( 'NONE', #708, 12.50000000000000000 ) ;
#1550 = ORIENTED_EDGE ( 'NONE', *, *, #65, .T. ) ;
#1551 = DIRECTION ( 'NONE',  ( 1.000000000000000000, -0.000000000000000000, -0.000000000000000000 ) ) ;
#1552 = CARTESIAN_POINT ( 'NONE',  ( -1.157372252901222476, 5.020699910912038710, 12.44654530129164982 ) ) ;
#1553 = CARTESIAN_POINT ( 'NONE',  ( 0.9999999999999967804, 29.20078131043234393, 12.45993579437711141 ) ) ;
#1554 = ORIENTED_EDGE ( 'NONE', *, *, #1681, .F. ) ;
#1555 = EDGE_CURVE ( 'NONE', #1496, #2200, #494, .T. ) ;
#1556 = CARTESIAN_POINT ( 'NONE',  ( 11.84271928232701221, -32.50000000000000711, 4.000000000000000000 ) ) ;
#1557 = CARTESIAN_POINT ( 'NONE',  ( 0.000000000000000000, -32.50000000000000000, 0.000000000000000000 ) ) ;
#1558 = CARTESIAN_POINT ( 'NONE',  ( 5.218086155914321012, -47.85405953731687845, 11.35933505765740037 ) ) ;
#1559 = ORIENTED_EDGE ( 'NONE', *, *, #1783, .F. ) ;
#1560 = ORIENTED_EDGE ( 'NONE', *, *, #2438, .T. ) ;
#1561 = CARTESIAN_POINT ( 'NONE',  ( 0.000000000000000000, -3.000000000000002665, 0.000000000000000000 ) ) ;
#1562 = CARTESIAN_POINT ( 'NONE',  ( 0.000000000000000000, -53.00000000000000000, 12.50000000000000000 ) ) ;
#1563 = CARTESIAN_POINT ( 'NONE',  ( 0.9723366502293707692, 4.228919712113804685, 12.46280486602699789 ) ) ;
#1564 = ORIENTED_EDGE ( 'NONE', *, *, #2464, .F. ) ;
#1565 = AXIS2_PLACEMENT_3D ( 'NONE', #487, #1904, #1640 ) ;
#1566 = CARTESIAN_POINT ( 'NONE',  ( 7.437066318890948935, 46.04698618898842000, 10.04950662073032142 ) ) ;
#1567 = CARTESIAN_POINT ( 'NONE',  ( 9.500000000000001776, 49.00000000000000000, -8.124038404635960831 ) ) ;
#1568 = FACE_OUTER_BOUND ( 'NONE', #2906, .T. ) ;
#1569 = CARTESIAN_POINT ( 'NONE',  ( -12.29208428082059967, -32.05606760240904407, -2.278700861452770621 ) ) ;
#1570 = CARTESIAN_POINT ( 'NONE',  ( 10.64210154081627380, 50.43398280727150507, 6.558991228951664532 ) ) ;
#1571 = CARTESIAN_POINT ( 'NONE',  ( -3.778522698269926483, 2.500000000000002665, 11.91752551439250496 ) ) ;
#1572 = ORIENTED_EDGE ( 'NONE', *, *, #2095, .F. ) ;
#1573 = CARTESIAN_POINT ( 'NONE',  ( -0.6154617601134870775, 29.92148179941220576, -12.48492445236219162 ) ) ;
#1574 = CARTESIAN_POINT ( 'NONE',  ( 10.94661058208656890, -49.57390447523124521, 6.035254553031078828 ) ) ;
#1575 = DIRECTION ( 'NONE',  ( 0.000000000000000000, 0.000000000000000000, 1.000000000000000000 ) ) ;
#1576 = EDGE_CURVE ( 'NONE', #3657, #142, #1834, .T. ) ;
#1577 = ORIENTED_EDGE ( 'NONE', *, *, #992, .T. ) ;
#1578 = VERTEX_POINT ( 'NONE', #1556 ) ;
#1579 = DIRECTION ( 'NONE',  ( 0.000000000000000000, -0.000000000000000000, 1.000000000000000000 ) ) ;
#1580 = EDGE_CURVE ( 'NONE', #428, #2349, #2686, .T. ) ;
#1581 = VERTEX_POINT ( 'NONE', #2956 ) ;
#1582 = CIRCLE ( 'NONE', #921, 12.50000000000000000 ) ;
#1583 = CARTESIAN_POINT ( 'NONE',  ( 12.49749974994998780, 53.00000000000000000, -0.2500000000000000000 ) ) ;
#1584 = CARTESIAN_POINT ( 'NONE',  ( 11.84271928232701221, -3.000000000000002665, -4.000000000000000888 ) ) ;
#1585 = CIRCLE ( 'NONE', #2066, 5.000000000000000000 ) ;
#1586 = DIRECTION ( 'NONE',  ( -1.776356839400250465E-15, 0.000000000000000000, 1.000000000000000000 ) ) ;
#1587 = CARTESIAN_POINT ( 'NONE',  ( -12.48492445236219339, -29.92148179941220221, -0.6154617601134837468 ) ) ;
#1588 = EDGE_CURVE ( 'NONE', #31, #3091, #949, .T. ) ;
#1589 = DIRECTION ( 'NONE',  ( 0.000000000000000000, 0.000000000000000000, -1.000000000000000000 ) ) ;
#1590 = CARTESIAN_POINT ( 'NONE',  ( -11.54668118931705756, -31.89958869234766325, -4.787952663002150722 ) ) ;
#1591 = VERTEX_POINT ( 'NONE', #382 ) ;
#1592 = LINE ( 'NONE', #2738, #1360 ) ;
#1593 = CARTESIAN_POINT ( 'NONE',  ( 6.511408881134195248, -51.61256249273134955, 10.67232860028929764 ) ) ;
#1594 = CARTESIAN_POINT ( 'NONE',  ( 5.836381053476925374, -46.90969332987223339, 11.05498733582019355 ) ) ;
#1595 = DIRECTION ( 'NONE',  ( -0.000000000000000000, -1.000000000000000000, -0.000000000000000000 ) ) ;
#1596 = ORIENTED_EDGE ( 'NONE', *, *, #3371, .T. ) ;
#1597 =( LENGTH_UNIT ( ) NAMED_UNIT ( * ) SI_UNIT ( .MILLI., .METRE. ) );
#1598 = CARTESIAN_POINT ( 'NONE',  ( -12.33345172442782456, -31.27858950819833339, -2.038671058067594632 ) ) ;
#1599 = ADVANCED_FACE ( 'NONE', ( #3575, #990 ), #3278, .T. ) ;
#1600 = CARTESIAN_POINT ( 'NONE',  ( -12.12133672423717101, -31.85524633802721439, 3.059019908517888631 ) ) ;
#1601 = CARTESIAN_POINT ( 'NONE',  ( 9.444779412664640716, 48.54682875969901090, -8.189252118492850840 ) ) ;
#1602 = CIRCLE ( 'NONE', #2681, 2.999999999999999112 ) ;
#1603 = B_SPLINE_CURVE_WITH_KNOTS ( 'NONE', 3,
 ( #717, #1864, #1022, #434, #1604, #2750, #170, #3331, #1905, #3079, #1417, #263, #1127, #488, #6, #3140, #3660, #1145 ),
 .UNSPECIFIED., .F., .F.,
 ( 4, 2, 2, 2, 2, 2, 2, 2, 4 ),
 ( 0.000000000000000000, 0.0006917567136071114129, 0.001383513427214222826, 0.002075270140821334347, 0.002767026854428445651, 0.003458783568035556956, 0.004150540281642668694, 0.004842296995249779565, 0.005534053708856891303 ),
 .UNSPECIFIED. ) ;
#1604 = CARTESIAN_POINT ( 'NONE',  ( 0.6830675358651344675, 30.14092593180693669, -12.48164662865004004 ) ) ;
#1605 = VECTOR ( 'NONE', #1114, 1000.000000000000000 ) ;
#1606 = CARTESIAN_POINT ( 'NONE',  ( -6.429396968688866299E-15, -44.50000000000000000, -12.50000000000000000 ) ) ;
#1607 = AXIS2_PLACEMENT_3D ( 'NONE', #139, #121, #3259 ) ;
#1608 = CARTESIAN_POINT ( 'NONE',  ( 7.067107965874236619, 51.85777215062578449, 10.31302723037937419 ) ) ;
#1609 = CARTESIAN_POINT ( 'NONE',  ( -11.48605722304382581, -31.52727543098490770, -4.931917255557642932 ) ) ;
#1610 = ORIENTED_EDGE ( 'NONE', *, *, #3639, .F. ) ;
#1611 = DIRECTION ( 'NONE',  ( 0.000000000000000000, 1.000000000000000000, 0.000000000000000000 ) ) ;
#1612 = DIRECTION ( 'NONE',  ( -0.000000000000000000, -1.000000000000000000, 1.530638361156006492E-16 ) ) ;
#1613 = EDGE_CURVE ( 'NONE', #2085, #1993, #2624, .T. ) ;
#1614 = DIRECTION ( 'NONE',  ( -0.000000000000000000, -0.000000000000000000, -1.000000000000000000 ) ) ;
#1615 = EDGE_LOOP ( 'NONE', ( #129, #994, #3674, #2340 ) ) ;
#1616 = FACE_OUTER_BOUND ( 'NONE', #1856, .T. ) ;
#1617 = VERTEX_POINT ( 'NONE', #1534 ) ;
#1618 = DIRECTION ( 'NONE',  ( 1.000000000000000000, -0.000000000000000000, -0.000000000000000000 ) ) ;
#1619 = DIRECTION ( 'NONE',  ( 0.000000000000000000, -1.000000000000000000, -0.000000000000000000 ) ) ;
#1620 = AXIS2_PLACEMENT_3D ( 'NONE', #34, #2367, #1182 ) ;
#1621 = VERTEX_POINT ( 'NONE', #664 ) ;
#1622 = B_SPLINE_CURVE_WITH_KNOTS ( 'NONE', 3,
 ( #1567, #452, #1601, #3309, #3028, #734, #1883, #1053, #2424, #166, #996, #127, #2145, #484, #2981, #412, #1318, #2462, #3040, #1017, #2165, #2184 ),
 .UNSPECIFIED., .F., .F.,
 ( 4, 2, 2, 2, 2, 2, 2, 2, 2, 2, 4 ),
 ( 0.000000000000000000, 0.0006827987933025300889, 0.001024198189953796434, 0.001365597586605062563, 0.002048396379907583328, 0.002731195173210104743, 0.003413993966512621388, 0.004096792759815138033, 0.004438192156466397656, 0.004779591553117657279, 0.005462390346420176526 ),
 .UNSPECIFIED. ) ;
#1623 = EDGE_LOOP ( 'NONE', ( #1803, #156, #3206, #2194 ) ) ;
#1624 = CARTESIAN_POINT ( 'NONE',  ( 7.368822626029772671, 50.37321464618452893, -10.09946335958012398 ) ) ;
#1625 = EDGE_CURVE ( 'NONE', #386, #3380, #2749, .T. ) ;
#1626 = CARTESIAN_POINT ( 'NONE',  ( 12.49749974994998780, -53.00000000000000000, -0.2500000000000000000 ) ) ;
#1627 = CARTESIAN_POINT ( 'NONE',  ( 11.53554380110633737, -32.69768275011810488, 4.814849347050199846 ) ) ;
#1628 = CARTESIAN_POINT ( 'NONE',  ( -4.886103428101347568, 2.117808172732249972, -11.50554204049845097 ) ) ;
#1629 = CARTESIAN_POINT ( 'NONE',  ( 4.993746088859545296, -45.00000000000000000, -0.2500000000000000555 ) ) ;
#1630 = ORIENTED_EDGE ( 'NONE', *, *, #1304, .F. ) ;
#1631 = FACE_OUTER_BOUND ( 'NONE', #770, .T. ) ;
#1632 = LINE ( 'NONE', #3630, #2323 ) ;
#1633 = CARTESIAN_POINT ( 'NONE',  ( 10.54697116859181527, -47.40511208063767157, 6.711599962989835078 ) ) ;
#1634 = CARTESIAN_POINT ( 'NONE',  ( -12.48498595091598418, -29.91615123819119404, 0.6141646781687577494 ) ) ;
#1635 = CARTESIAN_POINT ( 'NONE',  ( 2.901761471833686823, 2.669004807411619051, -12.16044286093255877 ) ) ;
#1636 = ORIENTED_EDGE ( 'NONE', *, *, #472, .T. ) ;
#1637 = CYLINDRICAL_SURFACE ( 'NONE', #2262, 5.000000000000000000 ) ;
#1638 = CARTESIAN_POINT ( 'NONE',  ( -12.50000000000000000, -32.50000000000000000, -4.770980054225103295 ) ) ;
#1639 = ORIENTED_EDGE ( 'NONE', *, *, #1655, .F. ) ;
#1640 = DIRECTION ( 'NONE',  ( 0.000000000000000000, -0.000000000000000000, 1.000000000000000000 ) ) ;
#1641 = DIRECTION ( 'NONE',  ( 1.000000000000000000, 0.000000000000000000, 0.000000000000000000 ) ) ;
#1642 = CARTESIAN_POINT ( 'NONE',  ( 9.840345822462435166, -32.64913475750670813, 7.708858063356794688 ) ) ;
#1643 = AXIS2_PLACEMENT_3D ( 'NONE', #1332, #2127, #481 ) ;
#1644 = CARTESIAN_POINT ( 'NONE',  ( 10.54879805016620509, 50.59199817186881631, 6.708731082834273884 ) ) ;
#1645 = DIRECTION ( 'NONE',  ( 0.000000000000000000, -8.881784197001252323E-15, -1.000000000000000000 ) ) ;
#1646 = VERTEX_POINT ( 'NONE', #443 ) ;
#1647 = EDGE_CURVE ( 'NONE', #192, #3244, #971, .T. ) ;
#1648 = CARTESIAN_POINT ( 'NONE',  ( 11.91752551439251206, -2.500000000000001332, -3.778522698269923819 ) ) ;
#1649 = CARTESIAN_POINT ( 'NONE',  ( 0.000000000000000000, 31.99999999999999289, 0.000000000000000000 ) ) ;
#1650 = CARTESIAN_POINT ( 'NONE',  ( -12.48999599679679839, -6.000000000000001776, 0.5000000000000001110 ) ) ;
#1651 = B_SPLINE_CURVE_WITH_KNOTS ( 'NONE', 3,
 ( #3227, #315, #901, #3245, #50, #388, #2346, #3189, #1484, #2627, #1199, #3527, #2329, #2311, #3487, #918, #3207, #595 ),
 .UNSPECIFIED., .F., .F.,
 ( 4, 2, 2, 2, 2, 2, 2, 2, 4 ),
 ( 0.000000000000000000, 0.0005938174045434749552, 0.001187634809086949910, 0.001781452213630424757, 0.002375269618173899821, 0.002969087022717373583, 0.003562904427260847346, 0.004156721831804321109, 0.004750539236347795305 ),
 .UNSPECIFIED. ) ;
#1652 = CARTESIAN_POINT ( 'NONE',  ( -4.000000000000003553, 32.50000000000000000, 11.84271928232701043 ) ) ;
#1653 = ORIENTED_EDGE ( 'NONE', *, *, #2181, .T. ) ;
#1654 = ORIENTED_EDGE ( 'NONE', *, *, #214, .F. ) ;
#1655 = EDGE_CURVE ( 'NONE', #2888, #1178, #2996, .T. ) ;
#1656 = DIRECTION ( 'NONE',  ( -0.000000000000000000, 1.000000000000000000, -9.000095224099380108E-15 ) ) ;
#1657 = CARTESIAN_POINT ( 'NONE',  ( 11.35564587052140340, -33.36355348721828307, -5.227623226692803549 ) ) ;
#1658 = ORIENTED_EDGE ( 'NONE', *, *, #2995, .F. ) ;
#1659 = CARTESIAN_POINT ( 'NONE',  ( 8.000000000000000000, 49.00000000000000000, -0.2500000000000002220 ) ) ;
#1660 = CARTESIAN_POINT ( 'NONE',  ( -9.841516587131270200, -32.65434924945152062, -7.707370082892291308 ) ) ;
#1661 = CARTESIAN_POINT ( 'NONE',  ( 10.63477572986805164, -30.77474592093730266, -6.572056358939743603 ) ) ;
#1662 = DIRECTION ( 'NONE',  ( 0.000000000000000000, 0.000000000000000000, -1.000000000000000000 ) ) ;
#1663 = CARTESIAN_POINT ( 'NONE',  ( -12.42095066949019433, -4.476258982380431739, -1.408103081394468159 ) ) ;
#1664 = PLANE ( 'NONE',  #2977 ) ;
#1665 = ORIENTED_EDGE ( 'NONE', *, *, #2035, .F. ) ;
#1666 = DIRECTION ( 'NONE',  ( 0.000000000000000000, 1.000000000000000000, 0.000000000000000000 ) ) ;
#1667 = CARTESIAN_POINT ( 'NONE',  ( 4.814674665199595083, 3.196929257941864666, -11.53561519107575961 ) ) ;
#1668 = VECTOR ( 'NONE', #890, 1000.000000000000000 ) ;
#1669 = ADVANCED_FACE ( 'NONE', ( #3594 ), #1029, .F. ) ;
#1670 = CARTESIAN_POINT ( 'NONE',  ( -3.557352378179062580, 32.47915183644249026, 11.98530761904896735 ) ) ;
#1671 = CARTESIAN_POINT ( 'NONE',  ( 0.4999999999999996669, 5.766092349982757881, -12.48999599679679307 ) ) ;
#1672 = VERTEX_POINT ( 'NONE', #2974 ) ;
#1673 = CARTESIAN_POINT ( 'NONE',  ( 1.530808498934191521E-15, -53.00000000000000000, -12.50000000000000000 ) ) ;
#1674 = FACE_OUTER_BOUND ( 'NONE', #2619, .T. ) ;
#1675 = ADVANCED_FACE ( 'NONE', ( #406 ), #1291, .T. ) ;
#1676 = ORIENTED_EDGE ( 'NONE', *, *, #1944, .F. ) ;
#1677 = CARTESIAN_POINT ( 'NONE',  ( -12.45993579437711318, -6.000000000000001776, -1.000000000000000444 ) ) ;
#1678 = CARTESIAN_POINT ( 'NONE',  ( -0.9999999999999911182, -53.00000000000000000, -12.45993579437711496 ) ) ;
#1679 = AXIS2_PLACEMENT_3D ( 'NONE', #3327, #3041, #3059 ) ;
#1680 = CARTESIAN_POINT ( 'NONE',  ( 11.12456105866068157, -30.84167801553945765, -5.703720012694447838 ) ) ;
#1681 = EDGE_CURVE ( 'NONE', #2980, #1578, #2160, .T. ) ;
#1682 = CARTESIAN_POINT ( 'NONE',  ( 8.000000000000000000, 49.00000000000000000, 4.000000000000000000 ) ) ;
#1683 = DIRECTION ( 'NONE',  ( 0.000000000000000000, 0.000000000000000000, 1.000000000000000000 ) ) ;
#1684 = CARTESIAN_POINT ( 'NONE',  ( -6.051233628480249038, 1.252552886213295302, 10.93942235635133287 ) ) ;
#1685 = CARTESIAN_POINT ( 'NONE',  ( 0.000000000000000000, -53.00000000000000000, 12.50000000000000000 ) ) ;
#1686 = LINE ( 'NONE', #3338, #3514 ) ;
#1687 = DIRECTION ( 'NONE',  ( -0.000000000000000000, 1.000000000000000000, -0.000000000000000000 ) ) ;
#1688 = CARTESIAN_POINT ( 'NONE',  ( 12.48999599679679839, -29.00000000000000000, 0.4999999999999970024 ) ) ;
#1689 = ORIENTED_EDGE ( 'NONE', *, *, #2109, .F. ) ;
#1690 = LINE ( 'NONE', #3637, #1372 ) ;
#1691 = DIRECTION ( 'NONE',  ( -0.000000000000000000, -0.000000000000000000, 1.000000000000000000 ) ) ;
#1692 = EDGE_CURVE ( 'NONE', #1591, #2960, #1592, .T. ) ;
#1693 = ORIENTED_EDGE ( 'NONE', *, *, #1419, .F. ) ;
#1694 = EDGE_LOOP ( 'NONE', ( #1370, #2344, #3641, #1707 ) ) ;
#1695 = FACE_OUTER_BOUND ( 'NONE', #2639, .T. ) ;
#1696 = EDGE_CURVE ( 'NONE', #2275, #381, #2178, .T. ) ;
#1697 = DIRECTION ( 'NONE',  ( 0.000000000000000000, 0.000000000000000000, 1.000000000000000000 ) ) ;
#1698 = CARTESIAN_POINT ( 'NONE',  ( 11.00000000000000000, -49.00000000000000000, 4.000000000000000000 ) ) ;
#1699 = VECTOR ( 'NONE', #453, 1000.000000000000000 ) ;
#1700 = DIRECTION ( 'NONE',  ( 0.000000000000000000, 0.000000000000000000, 1.000000000000000000 ) ) ;
#1701 = CARTESIAN_POINT ( 'NONE',  ( -6.741066734132702187, 4.177770506924456839, 10.52818860413931645 ) ) ;
#1702 = LINE ( 'NONE', #1133, #1244 ) ;
#1703 = CARTESIAN_POINT ( 'NONE',  ( 4.787952663002136511, 3.100411307652345183, -11.54668118931706111 ) ) ;
#1704 = ADVANCED_FACE ( 'NONE', ( #2216 ), #1097, .F. ) ;
#1705 = CARTESIAN_POINT ( 'NONE',  ( 4.000000000000000888, 2.500000000000004885, 11.84271928232701221 ) ) ;
#1706 = CARTESIAN_POINT ( 'NONE',  ( -12.42443616589256195, -3.665402235649316776, -1.382271808924404821 ) ) ;
#1707 = ORIENTED_EDGE ( 'NONE', *, *, #2378, .F. ) ;
#1708 =( NAMED_UNIT ( * ) SI_UNIT ( $, .STERADIAN. ) SOLID_ANGLE_UNIT ( ) );
#1709 = CARTESIAN_POINT ( 'NONE',  ( 6.499999999999999112, -49.00000000000000000, 4.000000000000000000 ) ) ;
#1710 = EDGE_LOOP ( 'NONE', ( #1137, #3307, #3348, #3149 ) ) ;
#1711 = ORIENTED_EDGE ( 'NONE', *, *, #2095, .T. ) ;
#1712 = CARTESIAN_POINT ( 'NONE',  ( 1.530808498934191521E-15, -2.500000000000003997, -12.50000000000000000 ) ) ;
#1713 = CARTESIAN_POINT ( 'NONE',  ( -9.807522622966635240, -32.45275761129911984, -7.750000000000013323 ) ) ;
#1714 = EDGE_CURVE ( 'NONE', #1214, #3042, #2250, .T. ) ;
#1715 = CARTESIAN_POINT ( 'NONE',  ( 11.50512018309705198, -31.61552646037212000, -4.887100245444155888 ) ) ;
#1716 = EDGE_CURVE ( 'NONE', #147, #1464, #3052, .T. ) ;
#1717 = CARTESIAN_POINT ( 'NONE',  ( 12.20676672984232347, -3.290259287953457346, 2.698009041175395861 ) ) ;
#1718 = CARTESIAN_POINT ( 'NONE',  ( -12.45838136214608660, -5.600701217386936825, -1.019962582232253112 ) ) ;
#1719 = CARTESIAN_POINT ( 'NONE',  ( -7.051952603455008628, 4.029276037306575020, 10.32253362682745390 ) ) ;
#1720 = DIRECTION ( 'NONE',  ( -0.000000000000000000, -1.000000000000000000, -0.000000000000000000 ) ) ;
#1721 = B_SPLINE_CURVE_WITH_KNOTS ( 'NONE', 3,
 ( #1227, #2375, #3518, #379, #1531, #2675, #99, #1247, #968, #2971, #402, #3373, #1608, #3315, #2771, #3353, #3031, #3065, #2469, #1909, #1287, #2508, #3606, #1644, #1570, #2433, #1043, #1059, #2192, #1947, #1363, #3334, #456, #3049 ),
 .UNSPECIFIED., .F., .F.,
 ( 4, 2, 2, 2, 2, 2, 2, 2, 2, 2, 2, 2, 2, 2, 2, 2, 4 ),
 ( 0.000000000000000000, 0.0007006280639658557388, 0.001401256127931711478, 0.002101884191897566891, 0.002802512255863422955, 0.003503140319829278586, 0.004203768383795133783, 0.005605024511726839839, 0.006305652575692688964, 0.007006280639658538957, 0.008407536767590251953, 0.009108164831556107149, 0.009808792895521962346, 0.01015910692750489862, 0.01050942095948783316, 0.01085973499147076769, 0.01121004902345370396 ),
 .UNSPECIFIED. ) ;
#1722 = CARTESIAN_POINT ( 'NONE',  ( -1.000000000000003553, 29.00000000000000000, 12.45993579437711318 ) ) ;
#1723 = CARTESIAN_POINT ( 'NONE',  ( -11.98530761904896735, -2.520848163557518617, -3.557352378179055918 ) ) ;
#1724 = VERTEX_POINT ( 'NONE', #1685 ) ;
#1725 = VECTOR ( 'NONE', #3570, 1000.000000000000000 ) ;
#1726 = CARTESIAN_POINT ( 'NONE',  ( 12.50000000000000000, 60.99999999999999289, 0.2500000000000000000 ) ) ;
#1727 = CARTESIAN_POINT ( 'NONE',  ( 2.038671058067592856, 3.721410491801664389, -12.33345172442782456 ) ) ;
#1728 = CIRCLE ( 'NONE', #2211, 5.000000000000000000 ) ;
#1729 = EDGE_LOOP ( 'NONE', ( #2482, #611, #2024, #2489 ) ) ;
#1730 = ORIENTED_EDGE ( 'NONE', *, *, #2167, .T. ) ;
#1731 = CARTESIAN_POINT ( 'NONE',  ( 7.901252516452081487, -50.50678703872294761, -9.688747855988552260 ) ) ;
#1732 = DIRECTION ( 'NONE',  ( 1.000000000000000000, 0.000000000000000000, 0.000000000000000000 ) ) ;
#1733 = CARTESIAN_POINT ( 'NONE',  ( 12.48999599679679839, -29.00000000000000000, -0.5000000000000000000 ) ) ;
#1734 = EDGE_CURVE ( 'NONE', #1838, #152, #2090, .T. ) ;
#1735 = CARTESIAN_POINT ( 'NONE',  ( 0.000000000000000000, -53.00000000000000000, 0.2500000000000000000 ) ) ;
#1736 = CARTESIAN_POINT ( 'NONE',  ( -12.07256515986861878, -3.089864214478328819, -3.246703485572016934 ) ) ;
#1737 = CARTESIAN_POINT ( 'NONE',  ( -6.572337476543294699, 4.225142081981193343, 10.63459255092597289 ) ) ;
#1738 = CARTESIAN_POINT ( 'NONE',  ( 12.33345172442782456, -31.27858950819833339, 2.038671058067598185 ) ) ;
#1739 = DIRECTION ( 'NONE',  ( -0.000000000000000000, -0.000000000000000000, 1.000000000000000000 ) ) ;
#1740 = CYLINDRICAL_SURFACE ( 'NONE', #3343, 1.499999999999993561 ) ;
#1741 = ORIENTED_EDGE ( 'NONE', *, *, #1323, .F. ) ;
#1742 = DIRECTION ( 'NONE',  ( 0.000000000000000000, 1.000000000000000000, 0.000000000000000000 ) ) ;
#1743 = CARTESIAN_POINT ( 'NONE',  ( -9.871634462271249078, -32.74766899189260982, 7.668317862541464969 ) ) ;
#1744 = ORIENTED_EDGE ( 'NONE', *, *, #864, .F. ) ;
#1745 = ORIENTED_EDGE ( 'NONE', *, *, #624, .T. ) ;
#1746 = DIRECTION ( 'NONE',  ( 0.000000000000000000, -1.000000000000000000, 0.000000000000000000 ) ) ;
#1747 = CARTESIAN_POINT ( 'NONE',  ( -12.37641014440912812, -31.00441447176584120, 1.759195886242290507 ) ) ;
#1748 = CARTESIAN_POINT ( 'NONE',  ( -11.55368985745187160, -32.50000000000000000, -4.770980054225103295 ) ) ;
#1749 = CARTESIAN_POINT ( 'NONE',  ( 3.621146260811273443, 3.017917544210774405, 11.96558451645015175 ) ) ;
#1750 = CARTESIAN_POINT ( 'NONE',  ( -1.098135538924653654, 29.78637720350097950, -12.45173230864228664 ) ) ;
#1751 = CARTESIAN_POINT ( 'NONE',  ( 9.500000000000001776, -49.00000000000000000, 4.000000000000000000 ) ) ;
#1752 = DIRECTION ( 'NONE',  ( 1.000000000000000000, -0.000000000000000000, -0.000000000000000000 ) ) ;
#1753 = FACE_OUTER_BOUND ( 'NONE', #2427, .T. ) ;
#1754 = CARTESIAN_POINT ( 'NONE',  ( 4.931917255557631385, 2.027275430984901483, 11.48605722304383470 ) ) ;
#1755 = ORIENTED_EDGE ( 'NONE', *, *, #1588, .T. ) ;
#1756 = EDGE_CURVE ( 'NONE', #2571, #1901, #673, .T. ) ;
#1757 = CIRCLE ( 'NONE', #3494, 12.50000000000000000 ) ;
#1758 = CARTESIAN_POINT ( 'NONE',  ( -3.778522698269929148, 32.50000000000000000, -11.91752551439251029 ) ) ;
#1759 = CARTESIAN_POINT ( 'NONE',  ( 3.999999999999998224, 6.000000000000005329, -12.50000000000000000 ) ) ;
#1760 = EDGE_CURVE ( 'NONE', #1976, #566, #1431, .T. ) ;
#1761 = ORIENTED_EDGE ( 'NONE', *, *, #2056, .T. ) ;
#1762 = ORIENTED_EDGE ( 'NONE', *, *, #844, .T. ) ;
#1763 = CARTESIAN_POINT ( 'NONE',  ( -12.50000000000000000, -29.00000000000000000, 4.000000000000000000 ) ) ;
#1764 = CARTESIAN_POINT ( 'NONE',  ( 11.98496280990864626, -32.47915545896195511, 3.558387440432784210 ) ) ;
#1765 = FACE_OUTER_BOUND ( 'NONE', #1798, .T. ) ;
#1766 = ADVANCED_FACE ( 'NONE', ( #1631 ), #3666, .F. ) ;
#1767 = CARTESIAN_POINT ( 'NONE',  ( 10.34388405164244951, 47.11932534407942796, 7.020558212883729610 ) ) ;
#1768 = CARTESIAN_POINT ( 'NONE',  ( 0.9999999999999974465, 6.000000000000005329, 12.45993579437711318 ) ) ;
#1769 = CARTESIAN_POINT ( 'NONE',  ( 1.759195886242285178, 31.00441447176585541, -12.37641014440913345 ) ) ;
#1770 = ORIENTED_EDGE ( 'NONE', *, *, #3703, .F. ) ;
#1771 = LINE ( 'NONE', #1475, #2979 ) ;
#1772 = PLANE ( 'NONE',  #925 ) ;
#1773 = CARTESIAN_POINT ( 'NONE',  ( -2.278700861452770177, 2.943932397590962147, 12.29208428082060323 ) ) ;
#1774 = ORIENTED_EDGE ( 'NONE', *, *, #320, .F. ) ;
#1775 = CARTESIAN_POINT ( 'NONE',  ( -6.490628035480971530E-15, -45.00000000000000000, -5.000000000000000000 ) ) ;
#1776 = CARTESIAN_POINT ( 'NONE',  ( 9.846875574459641456, -32.64688952408552325, -7.699979327725348988 ) ) ;
#1777 = VECTOR ( 'NONE', #3016, 1000.000000000000000 ) ;
#1778 = ADVANCED_FACE ( 'NONE', ( #3376 ), #2544, .F. ) ;
#1779 = EDGE_LOOP ( 'NONE', ( #3124, #1275, #2221, #933 ) ) ;
#1780 = ORIENTED_EDGE ( 'NONE', *, *, #3043, .T. ) ;
#1781 = FACE_OUTER_BOUND ( 'NONE', #1073, .T. ) ;
#1782 = CARTESIAN_POINT ( 'NONE',  ( 12.48999599679680017, -29.23390765001725455, 0.4999999999999972800 ) ) ;
#1783 = EDGE_CURVE ( 'NONE', #3225, #152, #1702, .T. ) ;
#1784 = DIRECTION ( 'NONE',  ( 0.000000000000000000, 1.000000000000000000, 0.000000000000000000 ) ) ;
#1785 = ORIENTED_EDGE ( 'NONE', *, *, #1863, .T. ) ;
#1786 = CARTESIAN_POINT ( 'NONE',  ( -1.408103081394466605, 4.476258982380436180, -12.42095066949019611 ) ) ;
#1787 = CARTESIAN_POINT ( 'NONE',  ( 7.750000000000033751, 2.547242388700892590, -9.807522622966622805 ) ) ;
#1788 = B_SPLINE_CURVE_WITH_KNOTS ( 'NONE', 3,
 ( #2098, #1228, #3519, #3238, #1309, #440, #3374, #740, #492, #2454, #1060, #1948, #476, #1928, #457, #191, #758, #209 ),
 .UNSPECIFIED., .F., .F.,
 ( 4, 2, 2, 2, 2, 2, 2, 2, 4 ),
 ( 0.000000000000000000, 0.0005938174045434749552, 0.001187634809086949910, 0.001781452213630424757, 0.002375269618173899821, 0.002969087022717373583, 0.003562904427260847346, 0.004156721831804321109, 0.004750539236347795305 ),
 .UNSPECIFIED. ) ;
#1789 = CARTESIAN_POINT ( 'NONE',  ( 0.9999999999999974465, 6.000000000000005329, -12.45993579437711318 ) ) ;
#1790 = CARTESIAN_POINT ( 'NONE',  ( 12.42120025654694260, -30.51974311405041718, 1.405831036269093781 ) ) ;
#1791 = EDGE_CURVE ( 'NONE', #845, #83, #3704, .T. ) ;
#1792 = CARTESIAN_POINT ( 'NONE',  ( -2.275202324205837456, 2.945748312420165327, -12.29275677521990673 ) ) ;
#1793 = CARTESIAN_POINT ( 'NONE',  ( 0.9999999999999965583, 29.00000000000000000, 12.45993579437711496 ) ) ;
#1794 = EDGE_LOOP ( 'NONE', ( #2941, #2129, #2029, #784 ) ) ;
#1795 = CARTESIAN_POINT ( 'NONE',  ( 12.29275677521991028, -2.945748312420164883, 2.275202324205837456 ) ) ;
#1796 = CARTESIAN_POINT ( 'NONE',  ( -10.31985310007784484, -30.97298395526493664, 7.055921085992316932 ) ) ;
#1797 = ORIENTED_EDGE ( 'NONE', *, *, #2913, .F. ) ;
#1798 = EDGE_LOOP ( 'NONE', ( #2271, #1232, #3129, #1067 ) ) ;
#1799 = DIRECTION ( 'NONE',  ( 0.000000000000000000, -1.000000000000000000, 0.000000000000000000 ) ) ;
#1800 = EDGE_CURVE ( 'NONE', #2460, #2142, #1728, .T. ) ;
#1801 = FACE_OUTER_BOUND ( 'NONE', #2701, .T. ) ;
#1802 = CARTESIAN_POINT ( 'NONE',  ( 8.000000000000000000, 49.00000000000000000, 0.2500000000000002220 ) ) ;
#1803 = ORIENTED_EDGE ( 'NONE', *, *, #2046, .F. ) ;
#1804 = EDGE_CURVE ( 'NONE', #1672, #2785, #3088, .T. ) ;
#1805 = CARTESIAN_POINT ( 'NONE',  ( 10.87147217260404730, 48.10405319784116784, 6.170219233258163349 ) ) ;
#1806 = CARTESIAN_POINT ( 'NONE',  ( 7.750000000000014211, 2.750000000000003997, -9.807522622966505566 ) ) ;
#1807 = CARTESIAN_POINT ( 'NONE',  ( 1.019962582232249559, 29.39929878261306584, -12.45838136214609193 ) ) ;
#1808 = DIRECTION ( 'NONE',  ( -1.125011903012444010E-15, -1.000000000000000000, 0.000000000000000000 ) ) ;
#1809 = CARTESIAN_POINT ( 'NONE',  ( -3.055342693378656271, 3.146046837116280859, 12.12224613910771254 ) ) ;
#1810 = CARTESIAN_POINT ( 'NONE',  ( 2.038671058067589748, 31.27858950819833339, 12.33345172442782811 ) ) ;
#1811 = ORIENTED_EDGE ( 'NONE', *, *, #267, .T. ) ;
#1812 = CARTESIAN_POINT ( 'NONE',  ( -0.6845832522820506361, 30.14507511159851205, -12.48156156161581620 ) ) ;
#1813 = CARTESIAN_POINT ( 'NONE',  ( -12.50000000000000000, -32.00000000000000000, 4.770980054225103295 ) ) ;
#1814 = EDGE_CURVE ( 'NONE', #2960, #462, #1069, .T. ) ;
#1815 = CARTESIAN_POINT ( 'NONE',  ( 10.21855009435867601, -33.42364266201079914, -7.201030405492893749 ) ) ;
#1816 = VECTOR ( 'NONE', #2353, 1000.000000000000000 ) ;
#1817 = ORIENTED_EDGE ( 'NONE', *, *, #2631, .T. ) ;
#1818 = ORIENTED_EDGE ( 'NONE', *, *, #2712, .T. ) ;
#1819 = DIRECTION ( 'NONE',  ( -0.000000000000000000, -0.000000000000000000, 1.000000000000000000 ) ) ;
#1820 = CARTESIAN_POINT ( 'NONE',  ( 12.25337736127782762, -32.16098543156893896, 2.480188189542885002 ) ) ;
#1821 = B_SPLINE_CURVE_WITH_KNOTS ( 'NONE', 3,
 ( #1030, #444, #2758, #2457, #3539, #686, #3595, #3559, #2474, #1047, #1593, #2739, #1892, #3241, #2957, #3035, #177, #1854, #2997, #383, #1535, #3279, #2975, #407, #743, #707, #991, #2138, #425, #1574, #2679, #2718, #104, #2399 ),
 .UNSPECIFIED., .F., .F.,
 ( 4, 2, 2, 2, 2, 2, 2, 2, 2, 2, 2, 2, 2, 2, 2, 2, 4 ),
 ( 0.000000000000000000, 0.0007006280639658557388, 0.001401256127931711478, 0.002101884191897566891, 0.002802512255863422955, 0.003503140319829278586, 0.004203768383795133783, 0.005605024511726839839, 0.006305652575692688964, 0.007006280639658538957, 0.008407536767590251953, 0.009108164831556107149, 0.009808792895521962346, 0.01015910692750489862, 0.01050942095948783316, 0.01085973499147076769, 0.01121004902345370396 ),
 .UNSPECIFIED. ) ;
#1822 = CARTESIAN_POINT ( 'NONE',  ( -0.6141646781687642997, 29.91615123819120114, 12.48498595091598240 ) ) ;
#1823 = PRODUCT_DEFINITION_FORMATION_WITH_SPECIFIED_SOURCE ( 'ANY', '', #2591, .NOT_KNOWN. ) ;
#1824 = ORIENTED_EDGE ( 'NONE', *, *, #2468, .F. ) ;
#1825 = CARTESIAN_POINT ( 'NONE',  ( -1.019962582232251558, 5.600701217386942155, -12.45838136214608838 ) ) ;
#1826 = DIRECTION ( 'NONE',  ( 0.000000000000000000, 0.000000000000000000, -1.000000000000000000 ) ) ;
#1827 = EDGE_CURVE ( 'NONE', #766, #101, #114, .T. ) ;
#1828 = CARTESIAN_POINT ( 'NONE',  ( 1.632432602011766765, 30.85319749121253707, -12.39346334248948267 ) ) ;
#1829 = ORIENTED_EDGE ( 'NONE', *, *, #1194, .T. ) ;
#1830 = CARTESIAN_POINT ( 'NONE',  ( -0.5000000000000013323, 6.000000000000001776, -12.50000000000000000 ) ) ;
#1831 = CARTESIAN_POINT ( 'NONE',  ( -12.48999599679679839, -29.00000000000000000, 0.4999999999999970024 ) ) ;
#1832 = CARTESIAN_POINT ( 'NONE',  ( 4.993746088859545296, -53.00000000000000000, -0.2500000000000000555 ) ) ;
#1833 = ORIENTED_EDGE ( 'NONE', *, *, #3310, .T. ) ;
#1834 = LINE ( 'NONE', #2195, #2499 ) ;
#1835 = CARTESIAN_POINT ( 'NONE',  ( 11.84271928232701221, -3.000000000000002665, 4.000000000000000888 ) ) ;
#1836 = CARTESIAN_POINT ( 'NONE',  ( -12.16044286093255877, -2.669004807411616387, 2.901761471833691264 ) ) ;
#1837 = VERTEX_POINT ( 'NONE', #1261 ) ;
#1838 = VERTEX_POINT ( 'NONE', #2130 ) ;
#1839 = AXIS2_PLACEMENT_3D ( 'NONE', #2851, #858, #572 ) ;
#1840 = SURFACE_SIDE_STYLE ('',( #2124 ) ) ;
#1841 = CARTESIAN_POINT ( 'NONE',  ( -11.84271928232701399, -31.99999999999999289, -3.999999999999999112 ) ) ;
#1842 = CARTESIAN_POINT ( 'NONE',  ( 0.4999999999999993339, 6.000000000000001776, 12.48999599679679839 ) ) ;
#1843 = ORIENTED_EDGE ( 'NONE', *, *, #3395, .F. ) ;
#1844 = FACE_OUTER_BOUND ( 'NONE', #107, .T. ) ;
#1845 = AXIS2_PLACEMENT_3D ( 'NONE', #1276, #1335, #1296 ) ;
#1846 = CARTESIAN_POINT ( 'NONE',  ( 4.770980054225089084, 2.500000000000003997, -11.55368985745187693 ) ) ;
#1847 = CARTESIAN_POINT ( 'NONE',  ( 12.45993579437711674, -29.20081465614576643, -1.000000000000004441 ) ) ;
#1848 = VECTOR ( 'NONE', #1411, 1000.000000000000000 ) ;
#1849 = DIRECTION ( 'NONE',  ( 0.000000000000000000, 1.000000000000000000, 0.000000000000000000 ) ) ;
#1850 = CARTESIAN_POINT ( 'NONE',  ( -6.429395695523603956E-15, 44.50000000000000000, -12.50000000000000000 ) ) ;
#1851 = CARTESIAN_POINT ( 'NONE',  ( 12.47052934731761908, -30.56847724308363112, -0.8625436909129622354 ) ) ;
#1852 = ORIENTED_EDGE ( 'NONE', *, *, #1814, .T. ) ;
#1853 = DIRECTION ( 'NONE',  ( 0.000000000000000000, 1.000000000000000000, 0.000000000000000000 ) ) ;
#1854 = CARTESIAN_POINT ( 'NONE',  ( 9.008009655694594997, -51.83059525349329277, 8.669373900225235019 ) ) ;
#1855 = CARTESIAN_POINT ( 'NONE',  ( -12.35701657525679309, -3.194215299845898581, 1.895245351296563463 ) ) ;
#1856 = EDGE_LOOP ( 'NONE', ( #410, #2393 ) ) ;
#1857 = EDGE_LOOP ( 'NONE', ( #3402, #3304, #1197, #1142 ) ) ;
#1858 = FACE_BOUND ( 'NONE', #1365, .T. ) ;
#1859 = FACE_OUTER_BOUND ( 'NONE', #2568, .T. ) ;
#1860 = ORIENTED_EDGE ( 'NONE', *, *, #536, .T. ) ;
#1861 = DIRECTION ( 'NONE',  ( 0.000000000000000000, -0.000000000000000000, 1.000000000000000000 ) ) ;
#1862 = CARTESIAN_POINT ( 'NONE',  ( -1.019962582232256887, 29.39929878261306229, 12.45838136214608838 ) ) ;
#1863 = EDGE_CURVE ( 'NONE', #1055, #1646, #905, .T. ) ;
#1864 = CARTESIAN_POINT ( 'NONE',  ( 0.4999999999999970579, 29.23389624670460663, -12.48999599679679662 ) ) ;
#1865 = CARTESIAN_POINT ( 'NONE',  ( 1.712483258192828872, 31.65898430191817070, 12.38324591824119913 ) ) ;
#1866 = UNCERTAINTY_MEASURE_WITH_UNIT (LENGTH_MEASURE( 1.000000000000000082E-05 ), #888, 'distance_accuracy_value', 'NONE');
#1867 = CARTESIAN_POINT ( 'NONE',  ( -6.574745507022264235, 4.224684808716660633, -10.63311709584639786 ) ) ;
#1868 = CARTESIAN_POINT ( 'NONE',  ( 3.999999999999994671, 32.49999999999999289, -11.84271928232701399 ) ) ;
#1869 = ORIENTED_EDGE ( 'NONE', *, *, #3475, .F. ) ;
#1870 = CARTESIAN_POINT ( 'NONE',  ( -1.236222627283802611, 31.16003282425084109, -12.43941388976786477 ) ) ;
#1871 = CARTESIAN_POINT ( 'NONE',  ( 12.49749974994998780, -53.00000000000000000, 0.2500000000000000000 ) ) ;
#1872 = CARTESIAN_POINT ( 'NONE',  ( -12.46265152086180095, -4.225079416509117891, 0.9744646605799678341 ) ) ;
#1873 = ADVANCED_FACE ( 'NONE', ( #3193 ), #2946, .T. ) ;
#1874 = ORIENTED_EDGE ( 'NONE', *, *, #2860, .T. ) ;
#1875 = VERTEX_POINT ( 'NONE', #1202 ) ;
#1876 = CARTESIAN_POINT ( 'NONE',  ( 8.000000000000000000, 49.00000000000000000, -12.50000000000000000 ) ) ;
#1877 = DIRECTION ( 'NONE',  ( 0.000000000000000000, 1.000000000000000000, 0.000000000000000000 ) ) ;
#1878 = ADVANCED_FACE ( 'NONE', ( #1844 ), #927, .F. ) ;
#1879 = CIRCLE ( 'NONE', #3612, 12.50000000000000000 ) ;
#1880 = AXIS2_PLACEMENT_3D ( 'NONE', #1141, #1691, #2816 ) ;
#1881 = VECTOR ( 'NONE', #3507, 1000.000000000000000 ) ;
#1882 = DIRECTION ( 'NONE',  ( -1.000000000000000000, 0.000000000000000000, 0.000000000000000000 ) ) ;
#1883 = CARTESIAN_POINT ( 'NONE',  ( 9.083713025143435260, 47.95888819805921344, -8.587523960250559085 ) ) ;
#1884 = AXIS2_PLACEMENT_3D ( 'NONE', #52, #579, #1732 ) ;
#1885 = CARTESIAN_POINT ( 'NONE',  ( -4.000000000000003553, 32.00000000000000000, -12.50000000000000000 ) ) ;
#1886 = EDGE_CURVE ( 'NONE', #313, #1265, #2465, .T. ) ;
#1887 = CARTESIAN_POINT ( 'NONE',  ( 0.8634959952463238109, 30.57019993963036342, 12.47046141535685315 ) ) ;
#1888 = CARTESIAN_POINT ( 'NONE',  ( -5.091174016740914077, 3.722345701659583561, -11.41679257445793283 ) ) ;
#1889 = DIRECTION ( 'NONE',  ( -0.000000000000000000, 1.000000000000000000, -0.000000000000000000 ) ) ;
#1890 = ORIENTED_EDGE ( 'NONE', *, *, #193, .F. ) ;
#1891 = CARTESIAN_POINT ( 'NONE',  ( -0.5000000000000038858, 29.00000000000000000, -12.48999599679679839 ) ) ;
#1892 = CARTESIAN_POINT ( 'NONE',  ( 7.067107965874236619, -51.85777215062578449, 10.31302723037937419 ) ) ;
#1893 = DIRECTION ( 'NONE',  ( -1.000000000000000000, 0.000000000000000000, 0.000000000000000000 ) ) ;
#1894 = ORIENTED_EDGE ( 'NONE', *, *, #449, .T. ) ;
#1895 = ORIENTED_EDGE ( 'NONE', *, *, #2040, .T. ) ;
#1896 = CARTESIAN_POINT ( 'NONE',  ( 0.6154617601134824145, 5.078518200587804010, -12.48492445236219517 ) ) ;
#1897 = ORIENTED_EDGE ( 'NONE', *, *, #1508, .T. ) ;
#1898 = DIRECTION ( 'NONE',  ( -0.000000000000000000, 1.000000000000000000, -0.000000000000000000 ) ) ;
#1899 = CYLINDRICAL_SURFACE ( 'NONE', #2061, 1.500000000000001332 ) ;
#1900 = EDGE_CURVE ( 'NONE', #1837, #1464, #1445, .T. ) ;
#1901 = VERTEX_POINT ( 'NONE', #1358 ) ;
#1902 = ORIENTED_EDGE ( 'NONE', *, *, #3565, .F. ) ;
#1903 = ADVANCED_FACE ( 'NONE', ( #772 ), #1037, .F. ) ;
#1904 = DIRECTION ( 'NONE',  ( 0.000000000000000000, 1.000000000000000000, 0.000000000000000000 ) ) ;
#1905 = CARTESIAN_POINT ( 'NONE',  ( 1.382271808924401268, 31.33459776435068633, -12.42443616589256195 ) ) ;
#1906 = AXIS2_PLACEMENT_3D ( 'NONE', #2893, #849, #1186 ) ;
#1907 = CARTESIAN_POINT ( 'NONE',  ( 9.841516587131270200, -31.84565075054847938, -7.707370082892291308 ) ) ;
#1908 = AXIS2_PLACEMENT_3D ( 'NONE', #2529, #779, #2562 ) ;
#1909 = CARTESIAN_POINT ( 'NONE',  ( 9.610336991045864252, 51.55262769680757629, 8.005601013630760932 ) ) ;
#1910 = CARTESIAN_POINT ( 'NONE',  ( -11.50545810714600492, -31.61736158816987796, -4.886301639583961354 ) ) ;
#1911 = ORIENTED_EDGE ( 'NONE', *, *, #2615, .F. ) ;
#1912 = ADVANCED_FACE ( 'NONE', ( #2803 ), #999, .F. ) ;
#1913 = CARTESIAN_POINT ( 'NONE',  ( 12.48913036041778568, -5.535028734811771045, -0.5232156341741113215 ) ) ;
#1914 = CARTESIAN_POINT ( 'NONE',  ( 0.000000000000000000, -31.99999999999995737, 0.000000000000000000 ) ) ;
#1915 = CARTESIAN_POINT ( 'NONE',  ( -11.84271928232701221, -2.500000000000002220, 4.000000000000000000 ) ) ;
#1916 = FACE_OUTER_BOUND ( 'NONE', #721, .T. ) ;
#1917 = EDGE_LOOP ( 'NONE', ( #1357, #3418, #2601, #3184 ) ) ;
#1918 = VERTEX_POINT ( 'NONE', #3330 ) ;
#1919 = DIRECTION ( 'NONE',  ( -0.000000000000000000, -1.000000000000000000, -0.000000000000000000 ) ) ;
#1920 = FACE_OUTER_BOUND ( 'NONE', #1088, .T. ) ;
#1921 = VERTEX_POINT ( 'NONE', #752 ) ;
#1922 = CARTESIAN_POINT ( 'NONE',  ( 6.883634702743576916, 50.02211416901621988, -10.43556248851785639 ) ) ;
#1923 = DIRECTION ( 'NONE',  ( -0.000000000000000000, -1.000000000000000000, -0.000000000000000000 ) ) ;
#1924 = ADVANCED_FACE ( 'NONE', ( #3027 ), #1056, .F. ) ;
#1925 = AXIS2_PLACEMENT_3D ( 'NONE', #3212, #392, #638 ) ;
#1926 = CARTESIAN_POINT ( 'NONE',  ( 10.31985310007784307, -33.52701604473506336, 7.055921085992320485 ) ) ;
#1927 = FACE_OUTER_BOUND ( 'NONE', #900, .T. ) ;
#1928 = CARTESIAN_POINT ( 'NONE',  ( 12.12224613910771254, -3.146046837116279971, -3.055342693378657160 ) ) ;
#1929 = ORIENTED_EDGE ( 'NONE', *, *, #2040, .F. ) ;
#1930 = CARTESIAN_POINT ( 'NONE',  ( 12.29208428082060323, -2.943932397590961703, -2.278700861452769288 ) ) ;
#1931 = CARTESIAN_POINT ( 'NONE',  ( 5.704655636335048463, 4.158785292435461578, -11.12409803628528060 ) ) ;
#1932 = CARTESIAN_POINT ( 'NONE',  ( -12.48492445236219339, -5.078518200587802234, 0.6154617601134835247 ) ) ;
#1933 = CARTESIAN_POINT ( 'NONE',  ( -12.48999599679679839, -29.00000000000000000, 0.4999999999999970024 ) ) ;
#1934 = CARTESIAN_POINT ( 'NONE',  ( 11.84271928232701399, -31.99999999999999289, -3.999999999999999112 ) ) ;
#1935 = ORIENTED_EDGE ( 'NONE', *, *, #287, .F. ) ;
#1936 = EDGE_CURVE ( 'NONE', #1464, #3506, #3366, .T. ) ;
#1937 = LINE ( 'NONE', #2799, #3101 ) ;
#1938 = CARTESIAN_POINT ( 'NONE',  ( 2.522820760758091030, 3.381394938971872044, -12.24392902302150787 ) ) ;
#1939 = ORIENTED_EDGE ( 'NONE', *, *, #3658, .F. ) ;
#1940 = DIRECTION ( 'NONE',  ( 0.000000000000000000, 0.000000000000000000, 1.000000000000000000 ) ) ;
#1941 = CARTESIAN_POINT ( 'NONE',  ( -6.490628035480971530E-15, -45.00000000000000000, 12.50000000000000000 ) ) ;
#1942 = AXIS2_PLACEMENT_3D ( 'NONE', #2366, #2088, #651 ) ;
#1943 = CARTESIAN_POINT ( 'NONE',  ( 11.35603571829509306, -31.13726876255410403, 5.226766378733207929 ) ) ;
#1944 = EDGE_CURVE ( 'NONE', #3537, #1837, #432, .T. ) ;
#1945 = AXIS2_PLACEMENT_3D ( 'NONE', #2041, #1969, #3127 ) ;
#1946 = DIRECTION ( 'NONE',  ( -0.000000000000000000, -0.000000000000000000, 1.000000000000000000 ) ) ;
#1947 = CARTESIAN_POINT ( 'NONE',  ( 10.94661058208656890, 49.57390447523124521, 6.035254553031078828 ) ) ;
#1948 = CARTESIAN_POINT ( 'NONE',  ( 12.24392902302150965, -3.381394938971871600, -2.522820760758092806 ) ) ;
#1949 = ORIENTED_EDGE ( 'NONE', *, *, #1049, .T. ) ;
#1950 = CARTESIAN_POINT ( 'NONE',  ( 12.48156156161581265, -4.854924888401494165, -0.6845832522820463062 ) ) ;
#1951 = DIRECTION ( 'NONE',  ( 0.000000000000000000, 0.000000000000000000, -1.000000000000000000 ) ) ;
#1952 = CARTESIAN_POINT ( 'NONE',  ( -1.382271808924407708, 31.33459776435068633, 12.42443616589255839 ) ) ;
#1953 = CARTESIAN_POINT ( 'NONE',  ( 1.236222627283798614, 3.839967175749166017, -12.43941388976786833 ) ) ;
#1954 = ORIENTED_EDGE ( 'NONE', *, *, #560, .T. ) ;
#1955 =( NAMED_UNIT ( * ) PLANE_ANGLE_UNIT ( ) SI_UNIT ( $, .RADIAN. ) );
#1956 = CARTESIAN_POINT ( 'NONE',  ( 2.191690976708657868, 3.598090458245243539, -12.30751450026828842 ) ) ;
#1957 = ORIENTED_EDGE ( 'NONE', *, *, #3414, .F. ) ;
#1958 = EDGE_CURVE ( 'NONE', #1245, #346, #792, .T. ) ;
#1959 = CARTESIAN_POINT ( 'NONE',  ( 6.553983915111540881, -49.45565315557388431, -10.64463134152490653 ) ) ;
#1960 = CARTESIAN_POINT ( 'NONE',  ( 0.000000000000000000, -3.000000000000002665, 0.000000000000000000 ) ) ;
#1961 = CIRCLE ( 'NONE', #756, 12.50000000000000000 ) ;
#1962 = CARTESIAN_POINT ( 'NONE',  ( 10.52818860413932001, -30.82222949307556092, 6.741066734132693306 ) ) ;
#1963 = AXIS2_PLACEMENT_3D ( 'NONE', #1437, #3437, #286 ) ;
#1964 = CARTESIAN_POINT ( 'NONE',  ( 0.4999999999999993339, 6.000000000000001776, -12.50000000000000000 ) ) ;
#1965 = CARTESIAN_POINT ( 'NONE',  ( 5.000000000000000000, -49.00000000000000000, 12.00000000000000000 ) ) ;
#1966 = EDGE_CURVE ( 'NONE', #1500, #298, #537, .T. ) ;
#1967 = DIRECTION ( 'NONE',  ( 0.000000000000000000, 1.000000000000000000, 0.000000000000000000 ) ) ;
#1968 = LINE ( 'NONE', #1350, #3215 ) ;
#1969 = DIRECTION ( 'NONE',  ( -0.000000000000000000, -0.000000000000000000, -1.000000000000000000 ) ) ;
#1970 = CARTESIAN_POINT ( 'NONE',  ( -12.38356828857486747, -3.343062319249931580, -1.710124509001947457 ) ) ;
#1971 = ORIENTED_EDGE ( 'NONE', *, *, #193, .T. ) ;
#1972 = ADVANCED_FACE ( 'NONE', ( #1019 ), #3289, .F. ) ;
#1973 = ORIENTED_EDGE ( 'NONE', *, *, #1756, .F. ) ;
#1974 = DIRECTION ( 'NONE',  ( 0.000000000000000000, -8.881784197001252323E-15, -1.000000000000000000 ) ) ;
#1975 = DIRECTION ( 'NONE',  ( -0.000000000000000000, 1.000000000000000000, -0.000000000000000000 ) ) ;
#1976 = VERTEX_POINT ( 'NONE', #1583 ) ;
#1977 = CARTESIAN_POINT ( 'NONE',  ( -6.490628035480971530E-15, 45.00000000000000000, -12.50000000000000000 ) ) ;
#1978 = CYLINDRICAL_SURFACE ( 'NONE', #2720, 1.500000000000001332 ) ;
#1979 = EDGE_CURVE ( 'NONE', #2961, #3205, #3209, .T. ) ;
#1980 = CARTESIAN_POINT ( 'NONE',  ( 9.955569284522805873, -33.00688309692120015, 7.559466830914799651 ) ) ;
#1981 = FACE_OUTER_BOUND ( 'NONE', #539, .T. ) ;
#1982 = CARTESIAN_POINT ( 'NONE',  ( 0.9999999999999965583, 29.00000000000000000, 12.45993579437711496 ) ) ;
#1983 = VERTEX_POINT ( 'NONE', #2013 ) ;
#1984 = CARTESIAN_POINT ( 'NONE',  ( 12.38324591824119736, -3.341015698081826635, -1.712483258192833979 ) ) ;
#1985 = LINE ( 'NONE', #3357, #2861 ) ;
#1986 = AXIS2_PLACEMENT_3D ( 'NONE', #168, #187, #1940 ) ;
#1987 = CARTESIAN_POINT ( 'NONE',  ( 0.000000000000000000, 3.000000000000002665, 0.000000000000000000 ) ) ;
#1988 = DIRECTION ( 'NONE',  ( 0.000000000000000000, 0.000000000000000000, 1.000000000000000000 ) ) ;
#1989 = ORIENTED_EDGE ( 'NONE', *, *, #1504, .T. ) ;
#1990 = DIRECTION ( 'NONE',  ( 1.224646799147349263E-16, -1.000000000000000000, 0.000000000000000000 ) ) ;
#1991 = CARTESIAN_POINT ( 'NONE',  ( 3.999999999999999112, 6.000000000000002665, -12.50000000000000000 ) ) ;
#1992 = EDGE_CURVE ( 'NONE', #1724, #3188, #240, .T. ) ;
#1993 = VERTEX_POINT ( 'NONE', #1712 ) ;
#1994 = EDGE_LOOP ( 'NONE', ( #571, #1274, #281, #3167, #827, #3284, #3448, #3500, #308, #2548, #504, #1169, #1890, #3693, #2043, #66, #1689, #1151, #1371, #627, #2873, #3547 ) ) ;
#1995 = LINE ( 'NONE', #1107, #598 ) ;
#1996 = ORIENTED_EDGE ( 'NONE', *, *, #701, .T. ) ;
#1997 = CARTESIAN_POINT ( 'NONE',  ( -11.41705332724605881, -33.22159662888088860, -5.090584250741829742 ) ) ;
#1998 = CARTESIAN_POINT ( 'NONE',  ( 8.000000000000000000, 49.00000000000000000, -12.50000000000000000 ) ) ;
#1999 = AXIS2_PLACEMENT_3D ( 'NONE', #1383, #2281, #1438 ) ;
#2000 = DIRECTION ( 'NONE',  ( 1.000000000000000000, 0.000000000000000000, -0.000000000000000000 ) ) ;
#2001 = CARTESIAN_POINT ( 'NONE',  ( -5.532254152595908359, 4.080420515856880037, 11.21038795065251392 ) ) ;
#2002 = CARTESIAN_POINT ( 'NONE',  ( 6.554683991855188019, -48.54214392351939011, -10.64420396018823745 ) ) ;
#2003 = AXIS2_PLACEMENT_3D ( 'NONE', #2667, #597, #300 ) ;
#2004 = CYLINDRICAL_SURFACE ( 'NONE', #2841, 1.499999999999993561 ) ;
#2005 = DIRECTION ( 'NONE',  ( 1.000000000000000000, -0.000000000000000000, -0.000000000000000000 ) ) ;
#2006 = ORIENTED_EDGE ( 'NONE', *, *, #2128, .F. ) ;
#2007 = VERTEX_POINT ( 'NONE', #2820 ) ;
#2008 = DIRECTION ( 'NONE',  ( -1.000000000000000000, 0.000000000000000000, 0.000000000000000000 ) ) ;
#2009 = CYLINDRICAL_SURFACE ( 'NONE', #3493, 3.000000000000000000 ) ;
#2010 = ORIENTED_EDGE ( 'NONE', *, *, #3298, .T. ) ;
#2011 = ORIENTED_EDGE ( 'NONE', *, *, #469, .T. ) ;
#2012 = ADVANCED_FACE ( 'NONE', ( #1695 ), #3694, .F. ) ;
#2013 = CARTESIAN_POINT ( 'NONE',  ( 9.500000000000001776, -49.00000000000000000, -0.2500000000000002220 ) ) ;
#2014 = CARTESIAN_POINT ( 'NONE',  ( 0.4999999999999970024, 29.00000000000000000, 12.48999599679679839 ) ) ;
#2015 = CARTESIAN_POINT ( 'NONE',  ( -11.84271928232701221, -2.500000000000002220, 4.000000000000000000 ) ) ;
#2016 = DIRECTION ( 'NONE',  ( 0.000000000000000000, -0.000000000000000000, 1.000000000000000000 ) ) ;
#2017 = DIRECTION ( 'NONE',  ( 0.000000000000000000, 0.000000000000000000, 1.000000000000000000 ) ) ;
#2018 = VECTOR ( 'NONE', #3106, 1000.000000000000000 ) ;
#2019 = DIRECTION ( 'NONE',  ( -1.000000000000000000, 0.000000000000000000, 0.000000000000000000 ) ) ;
#2020 = VECTOR ( 'NONE', #1889, 1000.000000000000000 ) ;
#2021 = DIRECTION ( 'NONE',  ( 0.000000000000000000, 0.000000000000000000, -1.000000000000000000 ) ) ;
#2022 = DIRECTION ( 'NONE',  ( -0.000000000000000000, -0.000000000000000000, 1.000000000000000000 ) ) ;
#2023 = B_SPLINE_CURVE_WITH_KNOTS ( 'NONE', 3,
 ( #928, #3492, #1749, #906, #2633, #2074, #321, #2053, #3194, #3142, #3213, #620, #2842, #2859, #266, #2593, #2280, #1768 ),
 .UNSPECIFIED., .F., .F.,
 ( 4, 2, 2, 2, 2, 2, 2, 2, 4 ),
 ( 3.903127820947815962E-18, 0.0005938530314971858081, 0.001187706062994367713, 0.001781559094491549835, 0.002375412125988731523, 0.002969265157485912777, 0.003563118188983094466, 0.004156971220480275286, 0.004750824251977456975 ),
 .UNSPECIFIED. ) ;
#2024 = ORIENTED_EDGE ( 'NONE', *, *, #1396, .T. ) ;
#2025 = AXIS2_PLACEMENT_3D ( 'NONE', #195, #2775, #2530 ) ;
#2026 = DIRECTION ( 'NONE',  ( 0.000000000000000000, 0.000000000000000000, 1.000000000000000000 ) ) ;
#2027 = PLANE ( 'NONE',  #615 ) ;
#2028 = AXIS2_PLACEMENT_3D ( 'NONE', #2361, #1515, #3203 ) ;
#2029 = ORIENTED_EDGE ( 'NONE', *, *, #790, .T. ) ;
#2030 = ORIENTED_EDGE ( 'NONE', *, *, #660, .F. ) ;
#2031 = CARTESIAN_POINT ( 'NONE',  ( 9.500000000000001776, -49.00000000000000000, 0.2500000000000002220 ) ) ;
#2032 = CARTESIAN_POINT ( 'NONE',  ( -0.5000000000000038858, 29.00000000000000000, -12.50000000000000000 ) ) ;
#2033 = FACE_OUTER_BOUND ( 'NONE', #2072, .T. ) ;
#2034 = CARTESIAN_POINT ( 'NONE',  ( 11.00000000000000000, -49.00000000000000000, 12.00000000000000000 ) ) ;
#2035 = EDGE_CURVE ( 'NONE', #2200, #520, #2520, .T. ) ;
#2036 = CARTESIAN_POINT ( 'NONE',  ( -3.055342693378658048, 31.85395316288373735, -12.12224613910771254 ) ) ;
#2037 = DIRECTION ( 'NONE',  ( 0.000000000000000000, 0.000000000000000000, 1.000000000000000000 ) ) ;
#2038 = DIRECTION ( 'NONE',  ( 0.000000000000000000, -9.000095224099380108E-15, 1.000000000000000000 ) ) ;
#2039 = LINE ( 'NONE', #2337, #1546 ) ;
#2040 = EDGE_CURVE ( 'NONE', #1180, #3135, #1995, .T. ) ;
#2041 = CARTESIAN_POINT ( 'NONE',  ( 8.000000000000000000, 49.00000000000000000, 4.000000000000000000 ) ) ;
#2042 = CARTESIAN_POINT ( 'NONE',  ( 7.054874744467080738, 1.472527977940253141, 10.32053862704894698 ) ) ;
#2043 = ORIENTED_EDGE ( 'NONE', *, *, #1049, .F. ) ;
#2044 = CARTESIAN_POINT ( 'NONE',  ( -4.000000000000003553, 32.50000000000000000, -11.84271928232701043 ) ) ;
#2045 = CARTESIAN_POINT ( 'NONE',  ( -10.94038455320424852, -33.74726645876965136, 6.049505707728679127 ) ) ;
#2046 = EDGE_CURVE ( 'NONE', #879, #28, #3154, .T. ) ;
#2047 = VERTEX_POINT ( 'NONE', #1977 ) ;
#2048 = ORIENTED_EDGE ( 'NONE', *, *, #3062, .T. ) ;
#2049 = DIRECTION ( 'NONE',  ( 0.000000000000000000, 1.000000000000000000, 0.000000000000000000 ) ) ;
#2050 = CARTESIAN_POINT ( 'NONE',  ( 6.049092098842404397, 4.247140157666590810, 10.94060169784108894 ) ) ;
#2051 = CARTESIAN_POINT ( 'NONE',  ( 12.49749974994998780, -53.00000000000000000, 0.2500000000000000000 ) ) ;
#2052 = DIRECTION ( 'NONE',  ( 1.000000000000000000, -0.000000000000000000, -0.000000000000000000 ) ) ;
#2053 = CARTESIAN_POINT ( 'NONE',  ( 2.197467749649367974, 3.593918594808052980, 12.30646342865237841 ) ) ;
#2054 = CARTESIAN_POINT ( 'NONE',  ( 2.040828643371750850, 31.28046662905320474, -12.33309842161321512 ) ) ;
#2055 = ORIENTED_EDGE ( 'NONE', *, *, #309, .F. ) ;
#2056 = EDGE_CURVE ( 'NONE', #2080, #313, #3419, .T. ) ;
#2057 = CARTESIAN_POINT ( 'NONE',  ( 6.961563339567378605, -47.91287441220583077, -10.38245811451654710 ) ) ;
#2058 = CARTESIAN_POINT ( 'NONE',  ( -0.5000000000000013323, 6.000000000000001776, -12.48999599679679839 ) ) ;
#2059 = CARTESIAN_POINT ( 'NONE',  ( -0.6845832522820475274, 4.854924888401494165, 12.48156156161581620 ) ) ;
#2060 = ORIENTED_EDGE ( 'NONE', *, *, #2945, .T. ) ;
#2061 = AXIS2_PLACEMENT_3D ( 'NONE', #2704, #430, #128 ) ;
#2062 = EDGE_CURVE ( 'NONE', #2528, #2067, #788, .T. ) ;
#2063 = AXIS2_PLACEMENT_3D ( 'NONE', #2684, #88, #2105 ) ;
#2064 = CARTESIAN_POINT ( 'NONE',  ( -4.000000000000003553, 32.50000000000000000, -11.84271928232701043 ) ) ;
#2065 = CARTESIAN_POINT ( 'NONE',  ( 9.956992664342866561, -33.00995731292906044, -7.557595911730782490 ) ) ;
#2066 = AXIS2_PLACEMENT_3D ( 'NONE', #2097, #421, #1268 ) ;
#2067 = VERTEX_POINT ( 'NONE', #812 ) ;
#2068 = EDGE_LOOP ( 'NONE', ( #2922, #726, #120, #877 ) ) ;
#2069 = CARTESIAN_POINT ( 'NONE',  ( 0.4999999999999993339, 6.000000000000001776, 12.48999599679679839 ) ) ;
#2070 = FACE_OUTER_BOUND ( 'NONE', #2802, .T. ) ;
#2071 = CARTESIAN_POINT ( 'NONE',  ( 12.50000000000000000, 60.99999999999999289, -0.2500000000000000000 ) ) ;
#2072 = EDGE_LOOP ( 'NONE', ( #533, #108, #48, #405 ) ) ;
#2073 = CARTESIAN_POINT ( 'NONE',  ( 6.510178555191788341, 46.38808347368207308, 10.67309392263704027 ) ) ;
#2074 = CARTESIAN_POINT ( 'NONE',  ( 2.698009041175390088, 3.290259287953461786, 12.20676672984231992 ) ) ;
#2075 = CARTESIAN_POINT ( 'NONE',  ( 2.197467749649367086, 31.40608140519195857, -12.30646342865236953 ) ) ;
#2076 = CARTESIAN_POINT ( 'NONE',  ( -12.50000000000000000, -6.000000000000000888, -0.5000000000000001110 ) ) ;
#2077 = EDGE_CURVE ( 'NONE', #1646, #427, #2459, .T. ) ;
#2078 = CARTESIAN_POINT ( 'NONE',  ( -4.000000000000000000, 2.500000000000002220, -11.84271928232701221 ) ) ;
#2079 = CARTESIAN_POINT ( 'NONE',  ( 11.91754141585526661, -32.50000000000000711, -3.778475619130023055 ) ) ;
#2080 = VERTEX_POINT ( 'NONE', #1677 ) ;
#2081 = DIRECTION ( 'NONE',  ( 0.000000000000000000, 0.000000000000000000, -1.000000000000000000 ) ) ;
#2082 = CARTESIAN_POINT ( 'NONE',  ( -10.03653174742539633, -31.33551356007535560, 7.452661146829282934 ) ) ;
#2083 = CIRCLE ( 'NONE', #2260, 1.500000000000001332 ) ;
#2084 = ADVANCED_FACE ( 'NONE', ( #1397 ), #3403, .F. ) ;
#2085 = VERTEX_POINT ( 'NONE', #69 ) ;
#2086 = AXIS2_PLACEMENT_3D ( 'NONE', #466, #1618, #109 ) ;
#2087 = ORIENTED_EDGE ( 'NONE', *, *, #3298, .F. ) ;
#2088 = DIRECTION ( 'NONE',  ( 0.000000000000000000, 1.000000000000000000, 0.000000000000000000 ) ) ;
#2089 = CARTESIAN_POINT ( 'NONE',  ( 6.739299884815712183, 4.178563802471467525, 10.52934970068123377 ) ) ;
#2090 = CIRCLE ( 'NONE', #3045, 12.50000000000000000 ) ;
#2091 = CYLINDRICAL_SURFACE ( 'NONE', #738, 1.500000000000009992 ) ;
#2092 = CARTESIAN_POINT ( 'NONE',  ( 10.96597363979844886, 48.53478180844962964, 5.999851884682335879 ) ) ;
#2093 = CARTESIAN_POINT ( 'NONE',  ( -2.525556835550720969, 31.61999381617083671, 12.24334387746706909 ) ) ;
#2094 = CARTESIAN_POINT ( 'NONE',  ( -1.157372252901228249, 29.97930008908797461, -12.44654530129164449 ) ) ;
#2095 = EDGE_CURVE ( 'NONE', #1461, #3657, #51, .T. ) ;
#2096 = PLANE ( 'NONE',  #1429 ) ;
#2097 = CARTESIAN_POINT ( 'NONE',  ( 0.000000000000000000, 45.00000000000000000, 0.000000000000000000 ) ) ;
#2098 = CARTESIAN_POINT ( 'NONE',  ( 12.45993579437711496, -6.000000000000001776, -1.000000000000000444 ) ) ;
#2099 = ORIENTED_EDGE ( 'NONE', *, *, #330, .F. ) ;
#2100 = FACE_BOUND ( 'NONE', #3336, .T. ) ;
#2101 = DIRECTION ( 'NONE',  ( 0.000000000000000000, -1.000000000000000000, 4.713922489067411487E-18 ) ) ;
#2102 = AXIS2_PLACEMENT_3D ( 'NONE', #3642, #505, #3603 ) ;
#2103 = EDGE_LOOP ( 'NONE', ( #2677, #2781, #92, #1016 ) ) ;
#2104 = ORIENTED_EDGE ( 'NONE', *, *, #1348, .T. ) ;
#2105 = DIRECTION ( 'NONE',  ( 8.881784197001252323E-16, 0.000000000000000000, -1.000000000000000000 ) ) ;
#2106 = CARTESIAN_POINT ( 'NONE',  ( 11.91752551439250674, -32.50000000000000000, 3.778522698269925595 ) ) ;
#2107 = ADVANCED_FACE ( 'NONE', ( #2070 ), #978, .T. ) ;
#2108 = DIRECTION ( 'NONE',  ( -0.000000000000000000, -0.000000000000000000, 1.000000000000000000 ) ) ;
#2109 = EDGE_CURVE ( 'NONE', #28, #2960, #431, .T. ) ;
#2110 = CARTESIAN_POINT ( 'NONE',  ( 5.218086155914321012, 47.85405953731687845, 11.35933505765740037 ) ) ;
#2111 = CARTESIAN_POINT ( 'NONE',  ( 7.707370082892310847, 2.345650750548479824, -9.841516587131254212 ) ) ;
#2112 = CARTESIAN_POINT ( 'NONE',  ( 3.621146260811274331, 31.98208245578922160, -11.96558451645015353 ) ) ;
#2113 = CARTESIAN_POINT ( 'NONE',  ( -11.91752551439251029, -32.50000000000000000, -3.778522698269924263 ) ) ;
#2114 = CARTESIAN_POINT ( 'NONE',  ( -2.696610625404029182, 3.291014540260985388, 12.20705785871649773 ) ) ;
#2115 = CARTESIAN_POINT ( 'NONE',  ( 1.098135538924646548, 29.78637720350097950, 12.45173230864227953 ) ) ;
#2116 = ORIENTED_EDGE ( 'NONE', *, *, #582, .F. ) ;
#2117 = DIRECTION ( 'NONE',  ( 1.000000000000000000, 0.000000000000000000, 0.000000000000000000 ) ) ;
#2118 = LINE ( 'NONE', #1871, #1777 ) ;
#2119 = CARTESIAN_POINT ( 'NONE',  ( -11.98496280990864626, -2.520844541038066655, 3.558387440432784210 ) ) ;
#2120 = B_SPLINE_CURVE_WITH_KNOTS ( 'NONE', 3,
 ( #3275, #644, #3535, #2134, #1552, #2992, #3479, #3237, #911, #625, #2917, #661, #2114, #1809, #3218, #1511, #2952, #81 ),
 .UNSPECIFIED., .F., .F.,
 ( 4, 2, 2, 2, 2, 2, 2, 2, 4 ),
 ( 0.000000000000000000, 0.0005938174045434745215, 0.001187634809086949043, 0.001781452213630423456, 0.002375269618173898086, 0.002969087022717372716, 0.003562904427260846912, 0.004156721831804321976, 0.004750539236347796172 ),
 .UNSPECIFIED. ) ;
#2121 = AXIS2_PLACEMENT_3D ( 'NONE', #697, #2466, #1586 ) ;
#2122 = EDGE_LOOP ( 'NONE', ( #1762, #667, #1465, #2011 ) ) ;
#2123 = EDGE_LOOP ( 'NONE', ( #2728, #3490, #1215, #2116 ) ) ;
#2124 = SURFACE_STYLE_FILL_AREA ( #3583 ) ;
#2125 = CARTESIAN_POINT ( 'NONE',  ( -12.48999599679679839, -53.00000000000000000, 0.4999999999999998890 ) ) ;
#2126 = VECTOR ( 'NONE', #1470, 1000.000000000000000 ) ;
#2127 = DIRECTION ( 'NONE',  ( 0.000000000000000000, 1.000000000000000000, -0.000000000000000000 ) ) ;
#2128 = EDGE_CURVE ( 'NONE', #3042, #2136, #3231, .T. ) ;
#2129 = ORIENTED_EDGE ( 'NONE', *, *, #469, .F. ) ;
#2130 = CARTESIAN_POINT ( 'NONE',  ( -11.84271928232701221, -3.000000000000002665, 4.000000000000000888 ) ) ;
#2131 = CARTESIAN_POINT ( 'NONE',  ( -12.50000000000000000, -6.000000000000001776, 4.000000000000000000 ) ) ;
#2132 = CARTESIAN_POINT ( 'NONE',  ( 12.44642090734302720, -29.98291761469718253, -1.158693683254496065 ) ) ;
#2133 = CARTESIAN_POINT ( 'NONE',  ( 3.558387440432777549, 32.47915545896194089, 11.98496280990864626 ) ) ;
#2134 = CARTESIAN_POINT ( 'NONE',  ( -1.098135538924648325, 5.213622796499026713, 12.45173230864227953 ) ) ;
#2135 = CARTESIAN_POINT ( 'NONE',  ( 11.98530761904896558, -32.47915183644249026, -3.557352378179058583 ) ) ;
#2136 = VERTEX_POINT ( 'NONE', #2406 ) ;
#2137 = DIRECTION ( 'NONE',  ( -1.000000000000000000, 0.000000000000000000, 0.000000000000000000 ) ) ;
#2138 = CARTESIAN_POINT ( 'NONE',  ( 10.86723922953159338, -49.88843408337709917, 6.177184126720540291 ) ) ;
#2139 = CARTESIAN_POINT ( 'NONE',  ( 10.80262689478531080, -47.91264575193060438, 6.291109875443425814 ) ) ;
#2140 = VERTEX_POINT ( 'NONE', #89 ) ;
#2141 = B_SPLINE_CURVE_WITH_KNOTS ( 'NONE', 3,
 ( #296, #1448, #2536, #2586, #1157, #2308, #1657, #786, #3074, #2800, #2239, #3382, #3223, #1498, #1815, #896, #2065, #384, #1776, #666, #2642, #592 ),
 .UNSPECIFIED., .F., .F.,
 ( 4, 2, 2, 2, 2, 2, 2, 2, 2, 2, 4 ),
 ( 0.000000000000000000, 0.0003016920689488519964, 0.0006033841378977039928, 0.001206768275795425116, 0.001810152413693146348, 0.002413536551590867579, 0.003016920689488588811, 0.003620304827386309609, 0.004223688965284031274, 0.004525381034232891890, 0.004827073103181753373 ),
 .UNSPECIFIED. ) ;
#2142 = VERTEX_POINT ( 'NONE', #334 ) ;
#2143 = ADVANCED_FACE ( 'NONE', ( #1502, #1801 ), #353, .T. ) ;
#2144 = VECTOR ( 'NONE', #3324, 1000.000000000000000 ) ;
#2145 = CARTESIAN_POINT ( 'NONE',  ( 7.720363118032622651, 47.51481363643351585, -9.833336975542007252 ) ) ;
#2146 = DIRECTION ( 'NONE',  ( -0.000000000000000000, -0.000000000000000000, -1.000000000000000000 ) ) ;
#2147 = CIRCLE ( 'NONE', #2209, 1.500000000000001332 ) ;
#2148 = VERTEX_POINT ( 'NONE', #1235 ) ;
#2149 = DIRECTION ( 'NONE',  ( 0.000000000000000000, -1.000000000000000000, 0.000000000000000000 ) ) ;
#2150 = COLOUR_RGB ( '',0.7921568627450980005, 0.8196078431372548767, 0.9333333333333333481 ) ;
#2151 = DIRECTION ( 'NONE',  ( 0.000000000000000000, 0.000000000000000000, -1.000000000000000000 ) ) ;
#2152 = CARTESIAN_POINT ( 'NONE',  ( 12.45838136214608838, -29.39929878261306584, -1.019962582232256443 ) ) ;
#2153 = AXIS2_PLACEMENT_3D ( 'NONE', #3610, #1853, #2697 ) ;
#2154 = CARTESIAN_POINT ( 'NONE',  ( 7.750000000000014211, 2.750000000000003997, -9.807522622966505566 ) ) ;
#2155 = EDGE_CURVE ( 'NONE', #1578, #142, #1331, .T. ) ;
#2156 = B_SPLINE_CURVE_WITH_KNOTS ( 'NONE', 3,
 ( #3592, #1590, #2231, #1910, #1609, #1044, #510, #2715, #155, #3316, #3032, #136, #2755, #1288, #3607, #2434, #3573, #1009, #2158, #2193, #3296, #720 ),
 .UNSPECIFIED., .F., .F.,
 ( 4, 2, 2, 2, 2, 2, 2, 2, 2, 2, 4 ),
 ( 0.000000000000000000, 0.0003016920689488519964, 0.0006033841378977039928, 0.001206768275795425116, 0.001810152413693146348, 0.002413536551590867579, 0.003016920689488588811, 0.003620304827386309609, 0.004223688965284031274, 0.004525381034232891890, 0.004827073103181753373 ),
 .UNSPECIFIED. ) ;
#2157 = CARTESIAN_POINT ( 'NONE',  ( -7.739007193877049495, 2.543129298504044566, -9.816232959557519067 ) ) ;
#2158 = CARTESIAN_POINT ( 'NONE',  ( -9.846875574459641456, -31.85311047591447675, -7.699979327725348988 ) ) ;
#2159 = VERTEX_POINT ( 'NONE', #2647 ) ;
#2160 = LINE ( 'NONE', #3558, #3697 ) ;
#2161 = CARTESIAN_POINT ( 'NONE',  ( 0.000000000000000000, -2.500000000000002220, 0.000000000000000000 ) ) ;
#2162 = CARTESIAN_POINT ( 'NONE',  ( -12.43941388976786477, -3.839967175749163797, 1.236222627283800390 ) ) ;
#2163 = LINE ( 'NONE', #3302, #336 ) ;
#2164 = ORIENTED_EDGE ( 'NONE', *, *, #1555, .T. ) ;
#2165 = CARTESIAN_POINT ( 'NONE',  ( 6.500000000000010658, 48.77053154498965881, -10.67707825203130234 ) ) ;
#2166 = CARTESIAN_POINT ( 'NONE',  ( -0.5000000000000038858, 29.00000000000000000, -12.48999599679679839 ) ) ;
#2167 = EDGE_CURVE ( 'NONE', #1245, #1500, #3564, .T. ) ;
#2168 = AXIS2_PLACEMENT_3D ( 'NONE', #2669, #619, #2910 ) ;
#2169 = CARTESIAN_POINT ( 'NONE',  ( 0.000000000000000000, -45.00000000000000000, 0.000000000000000000 ) ) ;
#2170 = FACE_OUTER_BOUND ( 'NONE', #2850, .T. ) ;
#2171 = FACE_OUTER_BOUND ( 'NONE', #2605, .T. ) ;
#2172 = ORIENTED_EDGE ( 'NONE', *, *, #37, .T. ) ;
#2173 = CARTESIAN_POINT ( 'NONE',  ( 0.6154617601134795279, 29.92148179941220576, 12.48492445236219339 ) ) ;
#2174 = CARTESIAN_POINT ( 'NONE',  ( -5.229246445673278565, 3.864896248025812220, -11.35488841379709690 ) ) ;
#2175 = DIRECTION ( 'NONE',  ( -0.000000000000000000, -0.000000000000000000, 1.000000000000000000 ) ) ;
#2176 = VERTEX_POINT ( 'NONE', #1071 ) ;
#2177 = ADVANCED_FACE ( 'NONE', ( #1920 ), #184, .F. ) ;
#2178 = LINE ( 'NONE', #3318, #3453 ) ;
#2179 = CARTESIAN_POINT ( 'NONE',  ( -1.000000000000003553, 29.00000000000000000, -12.50000000000000000 ) ) ;
#2180 = CARTESIAN_POINT ( 'NONE',  ( 5.027843536466592766, -48.53026958662066903, 11.44440037068379645 ) ) ;
#2181 = EDGE_CURVE ( 'NONE', #1617, #1214, #2991, .T. ) ;
#2182 = CARTESIAN_POINT ( 'NONE',  ( -0.5000000000000013323, 6.000000000000001776, 12.48999599679679839 ) ) ;
#2183 = VERTEX_POINT ( 'NONE', #413 ) ;
#2184 = CARTESIAN_POINT ( 'NONE',  ( 6.499999999999941380, 48.99999999999992895, -10.67707825203135030 ) ) ;
#2185 = DIRECTION ( 'NONE',  ( 0.000000000000000000, 0.000000000000000000, -1.000000000000000000 ) ) ;
#2186 = AXIS2_PLACEMENT_3D ( 'NONE', #3631, #940, #369 ) ;
#2187 = ORIENTED_EDGE ( 'NONE', *, *, #3229, .F. ) ;
#2188 = AXIS2_PLACEMENT_3D ( 'NONE', #2617, #43, #987 ) ;
#2189 = DIRECTION ( 'NONE',  ( 0.000000000000000000, 0.000000000000000000, -1.000000000000000000 ) ) ;
#2190 = DIRECTION ( 'NONE',  ( -0.000000000000000000, 1.000000000000000000, -0.000000000000000000 ) ) ;
#2191 = DIRECTION ( 'NONE',  ( -1.000000000000000000, -1.508455196501571676E-16, 0.000000000000000000 ) ) ;
#2192 = CARTESIAN_POINT ( 'NONE',  ( 10.89719414258062002, 49.78622284967531186, 6.124029765982418105 ) ) ;
#2193 = CARTESIAN_POINT ( 'NONE',  ( -9.815622173953455487, -32.04871530850231665, -7.739780459708199167 ) ) ;
#2194 = ORIENTED_EDGE ( 'NONE', *, *, #148, .T. ) ;
#2195 = CARTESIAN_POINT ( 'NONE',  ( -12.50000000000000000, -29.00000000000000000, 0.4999999999999970024 ) ) ;
#2196 = CARTESIAN_POINT ( 'NONE',  ( 6.743869961193412976, 4.176832359759615088, -10.52639506949278214 ) ) ;
#2197 = DIRECTION ( 'NONE',  ( -0.000000000000000000, -0.000000000000000000, 1.000000000000000000 ) ) ;
#2198 = PLANE ( 'NONE',  #1643 ) ;
#2199 = DIRECTION ( 'NONE',  ( 0.000000000000000000, 1.000000000000000000, 4.713922489067411487E-18 ) ) ;
#2200 = VERTEX_POINT ( 'NONE', #2166 ) ;
#2201 = CYLINDRICAL_SURFACE ( 'NONE', #3457, 1.500000000000001332 ) ;
#2202 = CARTESIAN_POINT ( 'NONE',  ( -12.44654530129164627, -29.97930008908796395, -1.157372252901227361 ) ) ;
#2203 = EDGE_CURVE ( 'NONE', #1499, #2159, #1297, .T. ) ;
#2204 = EDGE_LOOP ( 'NONE', ( #938, #2345, #1745, #1665 ) ) ;
#2205 = VERTEX_POINT ( 'NONE', #1054 ) ;
#2206 = CARTESIAN_POINT ( 'NONE',  ( 8.883772368538140896, 50.22543195976719943, -8.795764769989689924 ) ) ;
#2207 = VECTOR ( 'NONE', #3319, 1000.000000000000000 ) ;
#2208 = CARTESIAN_POINT ( 'NONE',  ( 12.24334387746707087, -31.61999381617082960, -2.525556835550720081 ) ) ;
#2209 = AXIS2_PLACEMENT_3D ( 'NONE', #1453, #1471, #886 ) ;
#2210 = CARTESIAN_POINT ( 'NONE',  ( 9.807522622966521553, -32.25000000000000000, -7.749999999999994671 ) ) ;
#2211 = AXIS2_PLACEMENT_3D ( 'NONE', #2793, #1113, #3409 ) ;
#2212 = ADVANCED_FACE ( 'NONE', ( #167 ), #3619, .F. ) ;
#2213 = CARTESIAN_POINT ( 'NONE',  ( -7.051952603455005963, 1.470723962693429199, -10.32253362682745390 ) ) ;
#2214 = CARTESIAN_POINT ( 'NONE',  ( -12.50000000000000000, -6.000000000000001776, 1.000000000000000444 ) ) ;
#2215 = ORIENTED_EDGE ( 'NONE', *, *, #838, .T. ) ;
#2216 = FACE_OUTER_BOUND ( 'NONE', #1354, .T. ) ;
#2217 = LINE ( 'NONE', #836, #96 ) ;
#2218 = PLANE ( 'NONE',  #2186 ) ;
#2219 = CARTESIAN_POINT ( 'NONE',  ( -11.91754141585526661, -32.50000000000000711, 3.778475619130024388 ) ) ;
#2220 = CARTESIAN_POINT ( 'NONE',  ( -4.770980054225089084, 2.500000000000002220, 11.55368985745187693 ) ) ;
#2221 = ORIENTED_EDGE ( 'NONE', *, *, #365, .T. ) ;
#2222 = DIRECTION ( 'NONE',  ( 0.000000000000000000, -0.000000000000000000, -1.000000000000000000 ) ) ;
#2223 = CARTESIAN_POINT ( 'NONE',  ( -12.45993579437711674, -29.20078131043234393, -1.000000000000003997 ) ) ;
#2224 = ORIENTED_EDGE ( 'NONE', *, *, #1555, .F. ) ;
#2225 = ADVANCED_FACE ( 'NONE', ( #1859 ), #2724, .F. ) ;
#2226 = CARTESIAN_POINT ( 'NONE',  ( 9.500000000000001776, 49.23117360133354481, -8.124038404635960831 ) ) ;
#2227 = CARTESIAN_POINT ( 'NONE',  ( -4.000000000000000000, 2.500000000000002220, 11.84271928232701221 ) ) ;
#2228 = CARTESIAN_POINT ( 'NONE',  ( 9.957380666852372997, -31.48911370708236390, -7.557087572923688157 ) ) ;
#2229 = DIRECTION ( 'NONE',  ( -1.000000000000000000, 0.000000000000000000, 0.000000000000000000 ) ) ;
#2230 = CARTESIAN_POINT ( 'NONE',  ( -7.668317862541484509, 2.252331008107391064, -9.871634462271238419 ) ) ;
#2231 = CARTESIAN_POINT ( 'NONE',  ( -11.53561519107575251, -31.80307074205814644, -4.814674665199606629 ) ) ;
#2232 = ORIENTED_EDGE ( 'NONE', *, *, #1375, .F. ) ;
#2233 = CARTESIAN_POINT ( 'NONE',  ( -2.197467749649371083, 3.593918594808047207, -12.30646342865236953 ) ) ;
#2234 = DIRECTION ( 'NONE',  ( 0.000000000000000000, -8.881784197001252323E-15, 1.000000000000000000 ) ) ;
#2235 = CARTESIAN_POINT ( 'NONE',  ( -0.9723366502293735447, 30.77108028788619620, 12.46280486602700144 ) ) ;
#2236 = CARTESIAN_POINT ( 'NONE',  ( 4.000000000000000888, 2.500000000000004885, -11.84271928232701221 ) ) ;
#2237 = ORIENTED_EDGE ( 'NONE', *, *, #2934, .T. ) ;
#2238 = CARTESIAN_POINT ( 'NONE',  ( 11.00000000000000178, -49.00000000000000000, 5.937171043518958413 ) ) ;
#2239 = CARTESIAN_POINT ( 'NONE',  ( 10.83850298422407654, -33.75984485587165551, -6.230339181691681993 ) ) ;
#2240 = ORIENTED_EDGE ( 'NONE', *, *, #1038, .F. ) ;
#2241 = CARTESIAN_POINT ( 'NONE',  ( -12.45162091521704539, -29.79164618571407175, 1.099420946476982852 ) ) ;
#2242 = EDGE_CURVE ( 'NONE', #2349, #428, #2519, .T. ) ;
#2243 = CARTESIAN_POINT ( 'NONE',  ( -10.52934970068124443, -33.67856380247145154, -6.739299884815704189 ) ) ;
#2244 = CARTESIAN_POINT ( 'NONE',  ( 10.94060169784108894, -30.75285984233342518, -6.049092098842401732 ) ) ;
#2245 = VECTOR ( 'NONE', #337, 1000.000000000000000 ) ;
#2246 = EDGE_CURVE ( 'NONE', #3561, #3708, #749, .T. ) ;
#2247 = CARTESIAN_POINT ( 'NONE',  ( 8.000000000000000000, 49.00000000000000000, 12.00000000000000000 ) ) ;
#2248 = CARTESIAN_POINT ( 'NONE',  ( -12.43115354408383766, -4.652432188014032022, -1.312397050351509220 ) ) ;
#2249 = CARTESIAN_POINT ( 'NONE',  ( -4.814609351150228811, 3.196692344344138181, 11.53564220802629592 ) ) ;
#2250 = LINE ( 'NONE', #2490, #3155 ) ;
#2251 = PLANE ( 'NONE',  #2557 ) ;
#2252 = DIRECTION ( 'NONE',  ( 0.000000000000000000, 0.000000000000000000, 1.000000000000000000 ) ) ;
#2253 = CARTESIAN_POINT ( 'NONE',  ( -12.48999599679679662, -5.766103753295392487, -0.4999999999999998890 ) ) ;
#2254 = ORIENTED_EDGE ( 'NONE', *, *, #2926, .F. ) ;
#2255 = CARTESIAN_POINT ( 'NONE',  ( 0.000000000000000000, -45.00000000000000000, 0.000000000000000000 ) ) ;
#2256 = CYLINDRICAL_SURFACE ( 'NONE', #258, 3.000000000000000000 ) ;
#2257 = ORIENTED_EDGE ( 'NONE', *, *, #3229, .T. ) ;
#2258 = CARTESIAN_POINT ( 'NONE',  ( 9.083303362050530794, -50.04145959961134338, -8.587946342357405172 ) ) ;
#2259 = DIRECTION ( 'NONE',  ( -0.000000000000000000, -0.000000000000000000, 1.000000000000000000 ) ) ;
#2260 = AXIS2_PLACEMENT_3D ( 'NONE', #3020, #446, #2741 ) ;
#2261 = CARTESIAN_POINT ( 'NONE',  ( 10.83914932541863685, -33.75987533051537071, 6.229229451334017398 ) ) ;
#2262 = AXIS2_PLACEMENT_3D ( 'NONE', #748, #1898, #2703 ) ;
#2263 = CARTESIAN_POINT ( 'NONE',  ( 12.45162091521704717, -5.208353814285933581, 1.099420946476979966 ) ) ;
#2264 = CARTESIAN_POINT ( 'NONE',  ( -5.091174016740914077, 1.777654298340422656, 11.41679257445793283 ) ) ;
#2265 = EDGE_CURVE ( 'NONE', #313, #1220, #1468, .T. ) ;
#2266 = DIRECTION ( 'NONE',  ( 0.000000000000000000, 1.000000000000000000, 0.000000000000000000 ) ) ;
#2267 = CARTESIAN_POINT ( 'NONE',  ( 5.090396960129433879, 3.721603049265514329, -11.41714203183629195 ) ) ;
#2268 = CIRCLE ( 'NONE', #105, 12.50000000000000000 ) ;
#2269 = LINE ( 'NONE', #2546, #2303 ) ;
#2270 = CARTESIAN_POINT ( 'NONE',  ( -12.48164662865004004, -4.859074068193068641, -0.6830675358651370210 ) ) ;
#2271 = ORIENTED_EDGE ( 'NONE', *, *, #653, .F. ) ;
#2272 = ADVANCED_FACE ( 'NONE', ( #2982 ), #1899, .F. ) ;
#2273 = CARTESIAN_POINT ( 'NONE',  ( 0.000000000000000000, 3.000000000000002665, 0.000000000000000000 ) ) ;
#2274 = CARTESIAN_POINT ( 'NONE',  ( 8.000000000000000000, 49.00000000000000000, 12.00000000000000000 ) ) ;
#2275 = VERTEX_POINT ( 'NONE', #1277 ) ;
#2276 = ORIENTED_EDGE ( 'NONE', *, *, #817, .T. ) ;
#2277 = B_SPLINE_CURVE_WITH_KNOTS ( 'NONE', 3,
 ( #3118, #1713, #1660, #2804, #562, #523, #3387, #2243, #244, #1398, #2296, #1090, #2553, #284, #1997, #2857, #1436, #2539, #3063, #2787 ),
 .UNSPECIFIED., .F., .F.,
 ( 4, 2, 2, 2, 2, 2, 2, 2, 2, 4 ),
 ( 0.004827073103181753373, 0.005428976819456830805, 0.006030880535731909103, 0.006632784252006986535, 0.007234687968282064834, 0.007836591684557142265, 0.008438495400832220564, 0.009040399117107297128, 0.009341350975244838012, 0.009642302833382377161 ),
 .UNSPECIFIED. ) ;
#2278 = DIRECTION ( 'NONE',  ( 1.000000000000000000, 0.000000000000000000, 0.000000000000000000 ) ) ;
#2279 = CARTESIAN_POINT ( 'NONE',  ( -4.000000000000003553, 32.50000000000000000, 11.84271928232701043 ) ) ;
#2280 = CARTESIAN_POINT ( 'NONE',  ( 0.9999999999999976685, 5.799185343854246888, 12.45993579437711674 ) ) ;
#2281 = DIRECTION ( 'NONE',  ( -0.000000000000000000, 0.000000000000000000, -1.000000000000000000 ) ) ;
#2282 = APPLICATION_PROTOCOL_DEFINITION ( 'draft international standard', 'automotive_design', 1998, #1514 ) ;
#2283 = CARTESIAN_POINT ( 'NONE',  ( 0.000000000000000000, -2.500000000000002220, 12.50000000000000000 ) ) ;
#2284 = CARTESIAN_POINT ( 'NONE',  ( 5.993648288342178887, 46.75953660657570055, 10.97102549492088741 ) ) ;
#2285 = CARTESIAN_POINT ( 'NONE',  ( 6.887537362628093796, -47.98827189888831413, -10.43158310904297537 ) ) ;
#2286 = ADVANCED_FACE ( 'NONE', ( #2425 ), #3584, .T. ) ;
#2287 = DIRECTION ( 'NONE',  ( 0.000000000000000000, -1.000000000000000000, -0.000000000000000000 ) ) ;
#2288 = CARTESIAN_POINT ( 'NONE',  ( 5.704655636335047575, 1.341214707564543973, 11.12409803628528060 ) ) ;
#2289 = VERTEX_POINT ( 'NONE', #448 ) ;
#2290 = ORIENTED_EDGE ( 'NONE', *, *, #3224, .F. ) ;
#2291 = CARTESIAN_POINT ( 'NONE',  ( 9.500000000000001776, 49.00000000000000000, -12.50000000000000000 ) ) ;
#2292 = CARTESIAN_POINT ( 'NONE',  ( 0.000000000000000000, 53.00000000000000000, 5.000000000000000000 ) ) ;
#2293 = ORIENTED_EDGE ( 'NONE', *, *, #3062, .F. ) ;
#2294 = ORIENTED_EDGE ( 'NONE', *, *, #897, .F. ) ;
#2295 = CARTESIAN_POINT ( 'NONE',  ( -12.30646342865237486, -31.40608140519195857, 2.197467749649375524 ) ) ;
#2296 = CARTESIAN_POINT ( 'NONE',  ( -10.94060169784108894, -33.74714015766657127, -6.049092098842403509 ) ) ;
#2297 = CARTESIAN_POINT ( 'NONE',  ( 11.54667456130617609, -31.89949373461434945, -4.787968713788615105 ) ) ;
#2298 = PRODUCT_DEFINITION ( 'UNKNOWN', '', #1823, #1006 ) ;
#2299 = VECTOR ( 'NONE', #348, 1000.000000000000000 ) ;
#2300 = CARTESIAN_POINT ( 'NONE',  ( 12.33309842161321335, -3.719533370946800588, 2.040828643371753959 ) ) ;
#2301 = CARTESIAN_POINT ( 'NONE',  ( -9.797174393178997235E-16, 1.199807826129503165E-31, -12.50000000000000000 ) ) ;
#2302 = CARTESIAN_POINT ( 'NONE',  ( 12.39397753572420235, -30.84801311536898538, 1.628464786153795529 ) ) ;
#2303 = VECTOR ( 'NONE', #3462, 1000.000000000000000 ) ;
#2304 = FACE_OUTER_BOUND ( 'NONE', #2122, .T. ) ;
#2305 = CARTESIAN_POINT ( 'NONE',  ( 5.227623226692792890, 1.636446512781701612, 11.35564587052140340 ) ) ;
#2306 = ORIENTED_EDGE ( 'NONE', *, *, #2592, .T. ) ;
#2307 = CARTESIAN_POINT ( 'NONE',  ( 11.84271928232701221, -2.500000000000002220, 4.000000000000000000 ) ) ;
#2308 = CARTESIAN_POINT ( 'NONE',  ( 11.41714203183628307, -33.22160304926549657, -5.090396960129441872 ) ) ;
#2309 = ORIENTED_EDGE ( 'NONE', *, *, #3332, .T. ) ;
#2310 = EDGE_LOOP ( 'NONE', ( #396, #493 ) ) ;
#2311 = CARTESIAN_POINT ( 'NONE',  ( -12.12224613910771254, -3.146046837116279971, 3.055342693378657160 ) ) ;
#2312 = CARTESIAN_POINT ( 'NONE',  ( 6.499999999999988454, -49.22866456126269696, -10.67707825203131833 ) ) ;
#2313 = DIRECTION ( 'NONE',  ( 0.000000000000000000, -3.388131789017204438E-18, 1.000000000000000000 ) ) ;
#2314 = CARTESIAN_POINT ( 'NONE',  ( 0.5000000000000061062, -53.00000000000000000, -12.48999599679679839 ) ) ;
#2315 = CARTESIAN_POINT ( 'NONE',  ( 0.000000000000000000, -31.99999999999995737, 0.000000000000000000 ) ) ;
#2316 = CARTESIAN_POINT ( 'NONE',  ( -7.452661146829299810, 1.835513560075354711, 10.03653174742539278 ) ) ;
#2317 = AXIS2_PLACEMENT_3D ( 'NONE', #237, #3655, #3093 ) ;
#2318 = CARTESIAN_POINT ( 'NONE',  ( 9.083713025143435260, -47.95888819805921344, -8.587523960250559085 ) ) ;
#2319 = AXIS2_PLACEMENT_3D ( 'NONE', #2161, #1612, #1251 ) ;
#2320 = CARTESIAN_POINT ( 'NONE',  ( 0.000000000000000000, 53.00000000000000000, 0.000000000000000000 ) ) ;
#2321 = CARTESIAN_POINT ( 'NONE',  ( 4.814674665199594195, 2.303070742058140663, 11.53561519107576139 ) ) ;
#2322 = ORIENTED_EDGE ( 'NONE', *, *, #1323, .T. ) ;
#2323 = VECTOR ( 'NONE', #212, 1000.000000000000000 ) ;
#2324 = DIRECTION ( 'NONE',  ( 0.000000000000000000, 1.000000000000000000, 0.000000000000000000 ) ) ;
#2325 = CARTESIAN_POINT ( 'NONE',  ( -11.54666593401594632, -31.89937013374226282, 4.787989606149202437 ) ) ;
#2326 = AXIS2_PLACEMENT_3D ( 'NONE', #2535, #3689, #3112 ) ;
#2327 = EDGE_LOOP ( 'NONE', ( #1264, #2954, #2364, #2060 ) ) ;
#2328 = ORIENTED_EDGE ( 'NONE', *, *, #2181, .F. ) ;
#2329 = CARTESIAN_POINT ( 'NONE',  ( -12.20705785871649773, -3.291014540260983168, 2.696610625404030515 ) ) ;
#2330 = CARTESIAN_POINT ( 'NONE',  ( 11.84271928232701221, -32.50000000000000711, 4.000000000000000000 ) ) ;
#2331 = DIRECTION ( 'NONE',  ( 0.000000000000000000, 0.000000000000000000, 1.000000000000000000 ) ) ;
#2332 = ADVANCED_FACE ( 'NONE', ( #3151 ), #843, .F. ) ;
#2333 = CARTESIAN_POINT ( 'NONE',  ( 11.84271928232701221, -32.00000000000000000, 4.000000000000000888 ) ) ;
#2334 = EDGE_CURVE ( 'NONE', #1464, #1180, #3131, .T. ) ;
#2335 = CARTESIAN_POINT ( 'NONE',  ( 1.312397050351504113, 30.34756781198597153, -12.43115354408383944 ) ) ;
#2336 = ORIENTED_EDGE ( 'NONE', *, *, #2959, .T. ) ;
#2337 = CARTESIAN_POINT ( 'NONE',  ( 12.49749974994998780, -53.00000000000000000, -0.2500000000000003886 ) ) ;
#2338 = CARTESIAN_POINT ( 'NONE',  ( -3.557352378179059027, 2.520848163557519950, -11.98530761904896735 ) ) ;
#2339 = DIRECTION ( 'NONE',  ( -0.000000000000000000, -0.000000000000000000, 1.000000000000000000 ) ) ;
#2340 = ORIENTED_EDGE ( 'NONE', *, *, #542, .F. ) ;
#2341 = CARTESIAN_POINT ( 'NONE',  ( -2.278700861452774618, 32.05606760240904407, -12.29208428082059967 ) ) ;
#2342 = CYLINDRICAL_SURFACE ( 'NONE', #610, 3.000000000000000888 ) ;
#2343 = ADVANCED_FACE ( 'NONE', ( #1674 ), #2009, .F. ) ;
#2344 = ORIENTED_EDGE ( 'NONE', *, *, #3430, .T. ) ;
#2345 = ORIENTED_EDGE ( 'NONE', *, *, #910, .T. ) ;
#2346 = CARTESIAN_POINT ( 'NONE',  ( -12.42120025654693549, -4.480256885949588153, 1.405831036269089562 ) ) ;
#2347 = CARTESIAN_POINT ( 'NONE',  ( 12.43941388976787010, -31.16003282425084464, 1.236222627283797282 ) ) ;
#2348 = CARTESIAN_POINT ( 'NONE',  ( 0.000000000000000000, -44.50000000000000000, 12.50000000000000000 ) ) ;
#2349 = VERTEX_POINT ( 'NONE', #1709 ) ;
#2350 = CARTESIAN_POINT ( 'NONE',  ( 5.136106695179493364, 48.07670381589589681, 11.39622386966088818 ) ) ;
#2351 = CARTESIAN_POINT ( 'NONE',  ( 4.993746088859545296, 45.00000000000000000, -0.2500000000000000555 ) ) ;
#2352 = ADVANCED_FACE ( 'NONE', ( #3713 ), #2256, .F. ) ;
#2353 = DIRECTION ( 'NONE',  ( 1.000000000000000000, -0.000000000000000000, -0.000000000000000000 ) ) ;
#2354 = CARTESIAN_POINT ( 'NONE',  ( -12.50000000000000000, -32.50000000000000000, 4.770980054225103295 ) ) ;
#2355 = EDGE_CURVE ( 'NONE', #2928, #31, #573, .T. ) ;
#2356 = AXIS2_PLACEMENT_3D ( 'NONE', #2653, #3513, #342 ) ;
#2357 = CARTESIAN_POINT ( 'NONE',  ( -2.897592169773377968, 2.670468227653267412, -12.16141420997242761 ) ) ;
#2358 = CARTESIAN_POINT ( 'NONE',  ( 12.48498595091598418, -29.91615123819119049, -0.6141646781687607470 ) ) ;
#2359 = ORIENTED_EDGE ( 'NONE', *, *, #2242, .F. ) ;
#2360 = CIRCLE ( 'NONE', #2955, 1.500000000000001332 ) ;
#2361 = CARTESIAN_POINT ( 'NONE',  ( 0.000000000000000000, -31.99999999999995737, 0.000000000000000000 ) ) ;
#2362 = CARTESIAN_POINT ( 'NONE',  ( -11.50554204049844742, -32.88219182726774648, 4.886103428101362667 ) ) ;
#2363 = VECTOR ( 'NONE', #891, 1000.000000000000000 ) ;
#2364 = ORIENTED_EDGE ( 'NONE', *, *, #944, .T. ) ;
#2365 = ORIENTED_EDGE ( 'NONE', *, *, #2077, .F. ) ;
#2366 = CARTESIAN_POINT ( 'NONE',  ( 0.000000000000000000, 53.00000000000000000, 0.000000000000000000 ) ) ;
#2367 = DIRECTION ( 'NONE',  ( 0.000000000000000000, 3.388131789017204438E-18, 1.000000000000000000 ) ) ;
#2368 = DIRECTION ( 'NONE',  ( -9.427844978134822666E-17, 1.000000000000000000, 0.000000000000000000 ) ) ;
#2369 = ORIENTED_EDGE ( 'NONE', *, *, #1212, .F. ) ;
#2370 = CARTESIAN_POINT ( 'NONE',  ( 5.027843536466592766, 48.53026958662066903, 11.44440037068379645 ) ) ;
#2371 = CARTESIAN_POINT ( 'NONE',  ( 0.000000000000000000, 2.500000000000009326, 0.000000000000000000 ) ) ;
#2372 = LINE ( 'NONE', #1491, #3434 ) ;
#2373 = EDGE_LOOP ( 'NONE', ( #1124, #1630, #1198, #1996 ) ) ;
#2374 = CARTESIAN_POINT ( 'NONE',  ( -12.48999599679679839, -29.00000000000000000, -0.5000000000000000000 ) ) ;
#2375 = CARTESIAN_POINT ( 'NONE',  ( 5.000000000000000888, 49.23697413032825665, 11.45643923738960268 ) ) ;
#2376 = LINE ( 'NONE', #2918, #514 ) ;
#2377 = ORIENTED_EDGE ( 'NONE', *, *, #934, .F. ) ;
#2378 = EDGE_CURVE ( 'NONE', #2142, #2408, #3400, .T. ) ;
#2379 = CARTESIAN_POINT ( 'NONE',  ( 12.38356828857486747, -3.343062319249932912, 1.710124509001949678 ) ) ;
#2380 = CARTESIAN_POINT ( 'NONE',  ( -11.50503498582047435, -31.61507498609247691, 4.887301402315953780 ) ) ;
#2381 = CLOSED_SHELL ( 'NONE', ( #2343, #2792, #3545, #2836, #3085, #2272, #1473, #1903, #3589, #1238, #1225, #3450, #884, #356, #1599, #2472, #1299, #1493, #2382, #1028, #1924, #1542, #1281, #3114, #2286, #1379, #2770, #2177, #3484, #3389, #2332, #102, #3132, #1778, #90, #2984, #3322, #2451, #1704, #672, #907, #630, #3157, #3000, #2012, #2573, #3211, #3018, #2107, #922, #2881, #1912, #1110, #2448, #3261, #1669, #2225, #435, #3677, #2776, #1766, #169, #2212, #3609, #352, #3596, #2729, #1138, #2662, #3369, #1253, #42, #2673, #1878, #1873, #1972, #1675, #1432, #3622, #2084, #1290, #2352, #3501, #2817, #2143, #3236, #1518, #3271 ) ) ;
#2382 = ADVANCED_FACE ( 'NONE', ( #2570 ), #825, .F. ) ;
#2383 = ORIENTED_EDGE ( 'NONE', *, *, #335, .T. ) ;
#2384 = AXIS2_PLACEMENT_3D ( 'NONE', #1146, #581, #2877 ) ;
#2385 = EDGE_LOOP ( 'NONE', ( #3002, #2383, #87, #1376, #1929, #1410 ) ) ;
#2386 = LINE ( 'NONE', #669, #1040 ) ;
#2387 = CARTESIAN_POINT ( 'NONE',  ( 4.787968713788598230, 3.100506265385648774, 11.54667456130617964 ) ) ;
#2388 = AXIS2_PLACEMENT_3D ( 'NONE', #176, #1611, #2717 ) ;
#2389 = LINE ( 'NONE', #1488, #3323 ) ;
#2390 = CARTESIAN_POINT ( 'NONE',  ( -1.312397050351507444, 4.652432188014034686, -12.43115354408383588 ) ) ;
#2391 = CARTESIAN_POINT ( 'NONE',  ( -3.059019908517892183, 31.85524633802722860, 12.12133672423717101 ) ) ;
#2392 = CARTESIAN_POINT ( 'NONE',  ( 3.059019908517885522, 31.85524633802722150, -12.12133672423717101 ) ) ;
#2393 = ORIENTED_EDGE ( 'NONE', *, *, #2564, .T. ) ;
#2394 = CARTESIAN_POINT ( 'NONE',  ( 1.384103369784994264, 31.33666753773940172, 12.42423584141004334 ) ) ;
#2395 = CARTESIAN_POINT ( 'NONE',  ( -0.5000000000000013323, 5.766103753295392487, -12.48999599679680017 ) ) ;
#2396 = CARTESIAN_POINT ( 'NONE',  ( -0.5000000000000013323, 6.000000000000001776, 12.48999599679679839 ) ) ;
#2397 = ORIENTED_EDGE ( 'NONE', *, *, #1115, .T. ) ;
#2398 = CARTESIAN_POINT ( 'NONE',  ( -0.8634959952463330257, 30.57019993963037052, -12.47046141535685315 ) ) ;
#2399 = CARTESIAN_POINT ( 'NONE',  ( 11.00000000000000178, -49.00000000000000000, 5.937171043518958413 ) ) ;
#2400 = CARTESIAN_POINT ( 'NONE',  ( 5.136106695179493364, -48.07670381589589681, 11.39622386966088818 ) ) ;
#2401 = EDGE_CURVE ( 'NONE', #2888, #3013, #834, .T. ) ;
#2402 = AXIS2_PLACEMENT_3D ( 'NONE', #3548, #3511, #2650 ) ;
#2403 = VERTEX_POINT ( 'NONE', #1374 ) ;
#2404 = ORIENTED_EDGE ( 'NONE', *, *, #722, .F. ) ;
#2405 = CYLINDRICAL_SURFACE ( 'NONE', #2086, 3.499999999999999556 ) ;
#2406 = CARTESIAN_POINT ( 'NONE',  ( 9.500000000000001776, 49.00000000000000000, 4.000000000000000000 ) ) ;
#2407 = CARTESIAN_POINT ( 'NONE',  ( 0.6141646781687613021, 5.083848761808803296, 12.48498595091598595 ) ) ;
#2408 = VERTEX_POINT ( 'NONE', #2292 ) ;
#2409 = CARTESIAN_POINT ( 'NONE',  ( -12.50000000000000000, -2.500000000000002220, 4.000000000000000000 ) ) ;
#2410 = CYLINDRICAL_SURFACE ( 'NONE', #38, 3.499999999999999556 ) ;
#2411 = DIRECTION ( 'NONE',  ( 1.000000000000000000, 0.000000000000000000, 0.000000000000000000 ) ) ;
#2412 = ORIENTED_EDGE ( 'NONE', *, *, #1504, .F. ) ;
#2413 = CARTESIAN_POINT ( 'NONE',  ( 0.4999999999999972800, 29.23390765001725100, 12.48999599679679484 ) ) ;
#2414 = ORIENTED_EDGE ( 'NONE', *, *, #2700, .F. ) ;
#2415 = DIRECTION ( 'NONE',  ( 0.000000000000000000, -1.000000000000000000, 0.000000000000000000 ) ) ;
#2416 = CARTESIAN_POINT ( 'NONE',  ( 12.46280486602700144, -30.77108028788619620, -0.9723366502293723235 ) ) ;
#2417 = EDGE_LOOP ( 'NONE', ( #3171, #2455, #2569, #2412 ) ) ;
#2418 = DIRECTION ( 'NONE',  ( 1.224646799147349263E-16, 1.000000000000000000, 0.000000000000000000 ) ) ;
#2419 = DIRECTION ( 'NONE',  ( 1.000000000000000000, -0.000000000000000000, -0.000000000000000000 ) ) ;
#2420 = CARTESIAN_POINT ( 'NONE',  ( 9.599807726967387822, -46.45686246260767405, 8.008699184325728027 ) ) ;
#2421 = AXIS2_PLACEMENT_3D ( 'NONE', #1682, #1147, #3663 ) ;
#2422 = VERTEX_POINT ( 'NONE', #3429 ) ;
#2423 = VERTEX_POINT ( 'NONE', #3094 ) ;
#2424 = CARTESIAN_POINT ( 'NONE',  ( 8.735172136433677181, 47.68121946028882974, -8.943966620128483314 ) ) ;
#2425 = FACE_OUTER_BOUND ( 'NONE', #3178, .T. ) ;
#2426 = CIRCLE ( 'NONE', #678, 5.000000000000000000 ) ;
#2427 = EDGE_LOOP ( 'NONE', ( #1317, #1730, #1239, #2773 ) ) ;
#2428 = CARTESIAN_POINT ( 'NONE',  ( 9.443865258700883558, 49.45543438348267529, -8.190294473880063819 ) ) ;
#2429 = CARTESIAN_POINT ( 'NONE',  ( 5.703720012694444286, 1.341678015539442104, -11.12456105866068867 ) ) ;
#2430 = DIRECTION ( 'NONE',  ( -0.000000000000000000, 1.000000000000000000, 0.000000000000000000 ) ) ;
#2431 = EDGE_CURVE ( 'NONE', #3317, #83, #2141, .T. ) ;
#2432 = CARTESIAN_POINT ( 'NONE',  ( 1.530808498934191521E-15, -53.00000000000000000, -12.50000000000000000 ) ) ;
#2433 = CARTESIAN_POINT ( 'NONE',  ( 10.76323684295414296, 50.17208103842026645, 6.356799937791167032 ) ) ;
#2434 = CARTESIAN_POINT ( 'NONE',  ( -10.03847241626110076, -31.33246661974445502, -7.450011844266806627 ) ) ;
#2435 = ORIENTED_EDGE ( 'NONE', *, *, #3224, .T. ) ;
#2436 = DIRECTION ( 'NONE',  ( -0.000000000000000000, -0.000000000000000000, -1.000000000000000000 ) ) ;
#2437 = DIRECTION ( 'NONE',  ( 1.000000000000000000, -0.000000000000000000, -0.000000000000000000 ) ) ;
#2438 = EDGE_CURVE ( 'NONE', #729, #2537, #924, .T. ) ;
#2439 = CARTESIAN_POINT ( 'NONE',  ( -12.25337736127782762, -2.839014568431089902, 2.480188189542884114 ) ) ;
#2440 = ORIENTED_EDGE ( 'NONE', *, *, #57, .T. ) ;
#2441 = ORIENTED_EDGE ( 'NONE', *, *, #1093, .T. ) ;
#2442 = VECTOR ( 'NONE', #2022, 1000.000000000000000 ) ;
#2443 = CARTESIAN_POINT ( 'NONE',  ( 8.000000000000000000, 49.00000000000000000, 4.000000000000000000 ) ) ;
#2444 = CARTESIAN_POINT ( 'NONE',  ( -12.45993579437711318, -29.00000000000000000, -1.000000000000000000 ) ) ;
#2445 = AXIS2_PLACEMENT_3D ( 'NONE', #2371, #94, #113 ) ;
#2446 = CARTESIAN_POINT ( 'NONE',  ( -11.90693265959578540, -32.00000000000000711, 3.809884749708928542 ) ) ;
#2447 = CARTESIAN_POINT ( 'NONE',  ( 5.228386906535392953, 1.635925038291999645, -11.35527976380334891 ) ) ;
#2448 = ADVANCED_FACE ( 'NONE', ( #875 ), #2027, .F. ) ;
#2449 = DIRECTION ( 'NONE',  ( -1.131341397376178572E-16, 1.000000000000000000, 0.000000000000000000 ) ) ;
#2450 = CARTESIAN_POINT ( 'NONE',  ( 12.07368272414061572, -31.90919219815824803, 3.242645323653438716 ) ) ;
#2451 = ADVANCED_FACE ( 'NONE', ( #30 ), #2342, .T. ) ;
#2452 = CARTESIAN_POINT ( 'NONE',  ( -5.705401273259708361, 4.158995442103389450, -11.12370379991197211 ) ) ;
#2453 = B_SPLINE_CURVE_WITH_KNOTS ( 'NONE', 3,
 ( #1933, #1083, #3055, #1634, #2779, #1544, #2687, #111, #414, #198, #215, #1352, #2494, #3633, #1066, #979, #2219, #3360 ),
 .UNSPECIFIED., .F., .F.,
 ( 4, 2, 2, 2, 2, 2, 2, 2, 4 ),
 ( 0.000000000000000000, 0.0006917567136071124971, 0.001383513427214224994, 0.002075270140821337383, 0.002767026854428449988, 0.003458783568035562594, 0.004150540281642674766, 0.004842296995249787371, 0.005534053708856899977 ),
 .UNSPECIFIED. ) ;
#2454 = CARTESIAN_POINT ( 'NONE',  ( 12.33345172442782278, -3.721410491801662168, -2.038671058067595521 ) ) ;
#2455 = ORIENTED_EDGE ( 'NONE', *, *, #1791, .T. ) ;
#2456 = DIRECTION ( 'NONE',  ( -0.000000000000000000, -0.000000000000000000, 1.000000000000000000 ) ) ;
#2457 = CARTESIAN_POINT ( 'NONE',  ( 5.135801464957028273, -49.92234729945035099, 11.39636099189418950 ) ) ;
#2458 = CARTESIAN_POINT ( 'NONE',  ( 5.423762700506318701, -47.44590040324711566, 11.26258026614085495 ) ) ;
#2459 = CIRCLE ( 'NONE', #3358, 12.50000000000000000 ) ;
#2460 = VERTEX_POINT ( 'NONE', #47 ) ;
#2461 = ORIENTED_EDGE ( 'NONE', *, *, #3047, .F. ) ;
#2462 = CARTESIAN_POINT ( 'NONE',  ( 6.756678895045294730, 48.15423437046558774, -10.51681450781166838 ) ) ;
#2463 = CARTESIAN_POINT ( 'NONE',  ( -12.50000000000000000, -3.000000000000002665, -4.000000000000000888 ) ) ;
#2464 = EDGE_CURVE ( 'NONE', #2067, #1983, #915, .T. ) ;
#2465 = LINE ( 'NONE', #3078, #3176 ) ;
#2466 = DIRECTION ( 'NONE',  ( -0.000000000000000000, -1.000000000000000000, -0.000000000000000000 ) ) ;
#2467 = CARTESIAN_POINT ( 'NONE',  ( 11.48566882387563659, -31.52571093555408410, -4.932818701414186435 ) ) ;
#2468 = EDGE_CURVE ( 'NONE', #995, #2423, #3192, .T. ) ;
#2469 = CARTESIAN_POINT ( 'NONE',  ( 9.164899467468810457, 51.76952750058578090, 8.503186103979945898 ) ) ;
#2470 = DIRECTION ( 'NONE',  ( 1.224646799147349263E-16, 1.000000000000000000, 0.000000000000000000 ) ) ;
#2471 = ORIENTED_EDGE ( 'NONE', *, *, #214, .T. ) ;
#2472 = ADVANCED_FACE ( 'NONE', ( #3301, #3262 ), #3613, .T. ) ;
#2473 = DIRECTION ( 'NONE',  ( 1.000000000000000000, -0.000000000000000000, -0.000000000000000000 ) ) ;
#2474 = CARTESIAN_POINT ( 'NONE',  ( 5.991866485719649305, -51.23919307407001611, 10.97205499480364566 ) ) ;
#2475 = LINE ( 'NONE', #3036, #3590 ) ;
#2476 = CYLINDRICAL_SURFACE ( 'NONE', #3385, 1.500000000000001332 ) ;
#2477 = DIRECTION ( 'NONE',  ( -1.000000000000000000, 0.000000000000000000, 0.000000000000000000 ) ) ;
#2478 = ORIENTED_EDGE ( 'NONE', *, *, #1399, .T. ) ;
#2479 = FACE_OUTER_BOUND ( 'NONE', #959, .T. ) ;
#2480 = DIRECTION ( 'NONE',  ( -1.000000000000000000, 0.000000000000000000, 0.000000000000000000 ) ) ;
#2481 = AXIS2_PLACEMENT_3D ( 'NONE', #2577, #526, #1700 ) ;
#2482 = ORIENTED_EDGE ( 'NONE', *, *, #2167, .F. ) ;
#2483 = AXIS2_PLACEMENT_3D ( 'NONE', #225, #1380, #1697 ) ;
#2484 = CARTESIAN_POINT ( 'NONE',  ( 8.248144172335999613, 50.48949075703952616, -9.395197925430988306 ) ) ;
#2485 = CYLINDRICAL_SURFACE ( 'NONE', #675, 2.999999999999999112 ) ;
#2486 = CARTESIAN_POINT ( 'NONE',  ( 10.93942235635133464, -33.74744711378669848, 6.051233628480248150 ) ) ;
#2487 = CARTESIAN_POINT ( 'NONE',  ( -7.559466830914816526, 3.506883096921208143, -9.955569284522788109 ) ) ;
#2488 = DIRECTION ( 'NONE',  ( -0.000000000000000000, -1.000000000000000000, -0.000000000000000000 ) ) ;
#2489 = ORIENTED_EDGE ( 'NONE', *, *, #1966, .F. ) ;
#2490 = CARTESIAN_POINT ( 'NONE',  ( 6.499999999999999112, 49.00000000000000000, -12.50000000000000000 ) ) ;
#2491 = DIRECTION ( 'NONE',  ( -0.000000000000000000, 1.000000000000000000, 0.000000000000000000 ) ) ;
#2492 = CARTESIAN_POINT ( 'NONE',  ( 11.84271928232701399, -2.500000000000002665, -3.999999999999999112 ) ) ;
#2493 = EDGE_CURVE ( 'NONE', #1444, #1505, #474, .T. ) ;
#2494 = CARTESIAN_POINT ( 'NONE',  ( -12.25369393517421557, -32.16008838615807974, 2.478511834130733504 ) ) ;
#2495 = CARTESIAN_POINT ( 'NONE',  ( 0.4999999999999970024, 29.00000000000000000, -12.50000000000000000 ) ) ;
#2496 = ORIENTED_EDGE ( 'NONE', *, *, #3496, .F. ) ;
#2497 = PLANE ( 'NONE',  #2326 ) ;
#2498 = CARTESIAN_POINT ( 'NONE',  ( -11.96586563452860830, -31.98208292703148103, -3.620307008339259447 ) ) ;
#2499 = VECTOR ( 'NONE', #2473, 1000.000000000000000 ) ;
#2500 = ORIENTED_EDGE ( 'NONE', *, *, #1399, .F. ) ;
#2501 = CARTESIAN_POINT ( 'NONE',  ( 6.499999999999941380, 48.99999999999992895, -10.67707825203135030 ) ) ;
#2502 = AXIS2_PLACEMENT_3D ( 'NONE', #14, #293, #3412 ) ;
#2503 = CARTESIAN_POINT ( 'NONE',  ( 0.000000000000000000, -45.00000000000000000, 0.000000000000000000 ) ) ;
#2504 = VECTOR ( 'NONE', #3567, 1000.000000000000000 ) ;
#2505 = CARTESIAN_POINT ( 'NONE',  ( 11.35488841379709513, -33.36489624802579357, 5.229246445673284782 ) ) ;
#2506 = AXIS2_PLACEMENT_3D ( 'NONE', #1271, #1311, #2418 ) ;
#2507 = CARTESIAN_POINT ( 'NONE',  ( 12.45993579437711318, -5.799185343854243335, 1.000000000000000666 ) ) ;
#2508 = CARTESIAN_POINT ( 'NONE',  ( 10.23487662905451145, 51.00840186342252025, 7.179038895236026896 ) ) ;
#2509 = LINE ( 'NONE', #3648, #878 ) ;
#2510 = ORIENTED_EDGE ( 'NONE', *, *, #2737, .T. ) ;
#2511 = CARTESIAN_POINT ( 'NONE',  ( -4.000000000000000000, 3.000000000000002665, -11.84271928232701221 ) ) ;
#2512 = DIRECTION ( 'NONE',  ( -0.000000000000000000, -1.000000000000000000, -9.000095224099380108E-15 ) ) ;
#2513 = CARTESIAN_POINT ( 'NONE',  ( 0.5232106911776910341, 5.536157332861447067, 12.48912819291711251 ) ) ;
#2514 = CARTESIAN_POINT ( 'NONE',  ( -12.50000000000000000, -29.00000000000000000, 0.5000000000000000000 ) ) ;
#2515 = EDGE_LOOP ( 'NONE', ( #806, #1636, #1517, #387 ) ) ;
#2516 = CARTESIAN_POINT ( 'NONE',  ( 4.993746088859545296, 45.00000000000000000, 0.2500000000000000000 ) ) ;
#2517 = DIRECTION ( 'NONE',  ( -0.000000000000000000, -0.000000000000000000, 1.000000000000000000 ) ) ;
#2518 = ORIENTED_EDGE ( 'NONE', *, *, #1576, .T. ) ;
#2519 = CIRCLE ( 'NONE', #898, 1.500000000000001332 ) ;
#2520 = LINE ( 'NONE', #2032, #540 ) ;
#2521 = CYLINDRICAL_SURFACE ( 'NONE', #1884, 3.499999999999999556 ) ;
#2522 = VECTOR ( 'NONE', #3061, 1000.000000000000000 ) ;
#2523 = CARTESIAN_POINT ( 'NONE',  ( 10.63459255092597289, -30.77485791801882797, 6.572337476543288481 ) ) ;
#2524 = AXIS2_PLACEMENT_3D ( 'NONE', #881, #262, #2278 ) ;
#2525 = PLANE ( 'NONE',  #1999 ) ;
#2526 = CARTESIAN_POINT ( 'NONE',  ( 0.000000000000000000, 45.00000000000000000, 0.000000000000000000 ) ) ;
#2527 = CARTESIAN_POINT ( 'NONE',  ( -6.574745507022265123, 1.275315191283343141, 10.63311709584640141 ) ) ;
#2528 = VERTEX_POINT ( 'NONE', #1330 ) ;
#2529 = CARTESIAN_POINT ( 'NONE',  ( 0.000000000000000000, 53.00000000000000000, 0.000000000000000000 ) ) ;
#2530 = DIRECTION ( 'NONE',  ( 1.000000000000000000, 0.000000000000000000, 0.000000000000000000 ) ) ;
#2531 = EDGE_CURVE ( 'NONE', #966, #367, #2475, .T. ) ;
#2532 = LINE ( 'NONE', #962, #1523 ) ;
#2533 = VERTEX_POINT ( 'NONE', #3339 ) ;
#2534 = ORIENTED_EDGE ( 'NONE', *, *, #1103, .F. ) ;
#2535 = CARTESIAN_POINT ( 'NONE',  ( 0.000000000000000000, -45.00000000000000000, -12.50000000000000000 ) ) ;
#2536 = CARTESIAN_POINT ( 'NONE',  ( 11.53561519107575251, -32.69692925794185356, -4.814674665199606629 ) ) ;
#2537 = VERTEX_POINT ( 'NONE', #973 ) ;
#2538 = CARTESIAN_POINT ( 'NONE',  ( -12.39346334248948089, -30.85319749121252997, 1.632432602011774092 ) ) ;
#2539 = CARTESIAN_POINT ( 'NONE',  ( -11.53557098533310032, -32.69744423957087065, -4.814783617034989582 ) ) ;
#2540 = AXIS2_PLACEMENT_3D ( 'NONE', #1960, #543, #206 ) ;
#2541 = CARTESIAN_POINT ( 'NONE',  ( -1.000000000000003553, 29.00000000000000000, -12.50000000000000000 ) ) ;
#2542 = CARTESIAN_POINT ( 'NONE',  ( 12.12133672423717101, -3.144753661972782055, 3.059019908517891295 ) ) ;
#2543 = DIRECTION ( 'NONE',  ( 1.000000000000000000, 0.000000000000000000, 0.000000000000000000 ) ) ;
#2544 = PLANE ( 'NONE',  #285 ) ;
#2545 = CARTESIAN_POINT ( 'NONE',  ( -12.50000000000000000, -6.000000000000001776, -1.000000000000000444 ) ) ;
#2546 = CARTESIAN_POINT ( 'NONE',  ( -0.9999999999999986677, 6.000000000000005329, -12.50000000000000000 ) ) ;
#2547 = CARTESIAN_POINT ( 'NONE',  ( -12.16141420997243650, -2.670468227653266524, -2.897592169773375304 ) ) ;
#2548 = ORIENTED_EDGE ( 'NONE', *, *, #277, .F. ) ;
#2549 = CARTESIAN_POINT ( 'NONE',  ( 2.696610625404028294, 3.291014540260984944, -12.20705785871649773 ) ) ;
#2550 = ORIENTED_EDGE ( 'NONE', *, *, #490, .F. ) ;
#2551 = ORIENTED_EDGE ( 'NONE', *, *, #2355, .T. ) ;
#2552 = CARTESIAN_POINT ( 'NONE',  ( -12.45993579437711674, -29.20081465614576643, 1.000000000000004219 ) ) ;
#2553 = CARTESIAN_POINT ( 'NONE',  ( -11.21018029162760499, -33.58051561017136777, -5.532654515499476844 ) ) ;
#2554 = VECTOR ( 'NONE', #2419, 1000.000000000000000 ) ;
#2555 = DIRECTION ( 'NONE',  ( -0.000000000000000000, -0.000000000000000000, 1.000000000000000000 ) ) ;
#2556 = EDGE_CURVE ( 'NONE', #1055, #1461, #654, .T. ) ;
#2557 = AXIS2_PLACEMENT_3D ( 'NONE', #819, #2491, #761 ) ;
#2558 = DIRECTION ( 'NONE',  ( 0.000000000000000000, 0.000000000000000000, -1.000000000000000000 ) ) ;
#2559 = CARTESIAN_POINT ( 'NONE',  ( -11.96558451645014820, -3.017917544210772629, -3.621146260811280548 ) ) ;
#2560 = CARTESIAN_POINT ( 'NONE',  ( -4.787989606149185562, 2.399370133742269484, 11.54666593401595165 ) ) ;
#2561 = PRODUCT_DEFINITION_SHAPE ( 'NONE', 'NONE',  #2298 ) ;
#2562 = DIRECTION ( 'NONE',  ( 0.000000000000000000, 0.000000000000000000, 1.000000000000000000 ) ) ;
#2563 = CARTESIAN_POINT ( 'NONE',  ( 0.000000000000000000, -45.00000000000000000, 0.000000000000000000 ) ) ;
#2564 = EDGE_CURVE ( 'NONE', #3710, #590, #781, .T. ) ;
#2565 = VECTOR ( 'NONE', #1070, 1000.000000000000000 ) ;
#2566 = CARTESIAN_POINT ( 'NONE',  ( 12.49749974994998780, -45.00000000000000000, -0.2500000000000002220 ) ) ;
#2567 = CARTESIAN_POINT ( 'NONE',  ( 7.750000000000014211, 2.750000000000000888, 9.807522622966505566 ) ) ;
#2568 = EDGE_LOOP ( 'NONE', ( #954, #1294, #67 ) ) ;
#2569 = ORIENTED_EDGE ( 'NONE', *, *, #937, .T. ) ;
#2570 = FACE_OUTER_BOUND ( 'NONE', #1729, .T. ) ;
#2571 = VERTEX_POINT ( 'NONE', #2492 ) ;
#2572 = ORIENTED_EDGE ( 'NONE', *, *, #2823, .F. ) ;
#2573 = ADVANCED_FACE ( 'NONE', ( #1351 ), #2218, .F. ) ;
#2574 = CARTESIAN_POINT ( 'NONE',  ( -12.20676672984231992, -31.70974071204653910, 2.698009041175395417 ) ) ;
#2575 = CARTESIAN_POINT ( 'NONE',  ( 8.000000000000000000, -49.00000000000000000, -12.50000000000000000 ) ) ;
#2576 = CARTESIAN_POINT ( 'NONE',  ( 0.9999999999999965583, 29.00000000000000000, -12.45993579437711318 ) ) ;
#2577 = CARTESIAN_POINT ( 'NONE',  ( 0.000000000000000000, -53.00000000000000000, 0.000000000000000000 ) ) ;
#2578 = CARTESIAN_POINT ( 'NONE',  ( -4.770980054225089084, 3.000000000000002665, -11.55368985745187693 ) ) ;
#2579 = CARTESIAN_POINT ( 'NONE',  ( -7.708858063356813339, 2.350865242493293206, 9.840345822462419179 ) ) ;
#2580 = CARTESIAN_POINT ( 'NONE',  ( 12.45993579437711318, -6.000000000000001776, 1.000000000000000444 ) ) ;
#2581 = CARTESIAN_POINT ( 'NONE',  ( 8.000000000000000000, 49.00000000000000000, -12.50000000000000000 ) ) ;
#2582 = CARTESIAN_POINT ( 'NONE',  ( 5.000000000000000000, 49.00000000000000000, 11.45643923738960090 ) ) ;
#2583 = ORIENTED_EDGE ( 'NONE', *, *, #545, .F. ) ;
#2584 = EDGE_CURVE ( 'NONE', #142, #3649, #2607, .T. ) ;
#2585 = CARTESIAN_POINT ( 'NONE',  ( 11.98530761904896735, -2.520848163557519950, 3.557352378179057695 ) ) ;
#2586 = CARTESIAN_POINT ( 'NONE',  ( 11.50545810714600492, -32.88263841183010783, -4.886301639583961354 ) ) ;
#2587 = ORIENTED_EDGE ( 'NONE', *, *, #3249, .F. ) ;
#2588 = VERTEX_POINT ( 'NONE', #2069 ) ;
#2589 = CARTESIAN_POINT ( 'NONE',  ( 9.260023235029002819, -49.81946873545786758, -8.396971645208459734 ) ) ;
#2590 = DIRECTION ( 'NONE',  ( 0.000000000000000000, 0.000000000000000000, 1.000000000000000000 ) ) ;
#2591 = PRODUCT ( '5 DOF', '5 DOF', '', ( #3144 ) ) ;
#2592 = EDGE_CURVE ( 'NONE', #2664, #1838, #1651, .T. ) ;
#2593 = CARTESIAN_POINT ( 'NONE',  ( 1.019962582232250448, 5.600701217386942155, 12.45838136214609015 ) ) ;
#2594 = AXIS2_PLACEMENT_3D ( 'NONE', #2315, #1187, #2967 ) ;
#2595 = CYLINDRICAL_SURFACE ( 'NONE', #857, 2.999999999999999556 ) ;
#2596 = CARTESIAN_POINT ( 'NONE',  ( -5.226766378733196383, 3.862731237445918619, 11.35603571829509306 ) ) ;
#2597 = CARTESIAN_POINT ( 'NONE',  ( 9.500000000000001776, -49.00000000000000000, -8.124038404635960831 ) ) ;
#2598 = AXIS2_PLACEMENT_3D ( 'NONE', #2892, #1201, #2368 ) ;
#2599 = DIRECTION ( 'NONE',  ( 1.000000000000000000, -0.000000000000000000, -0.000000000000000000 ) ) ;
#2600 = CARTESIAN_POINT ( 'NONE',  ( 0.4999999999999967804, 29.00000000000000000, -12.50000000000000000 ) ) ;
#2601 = ORIENTED_EDGE ( 'NONE', *, *, #1760, .F. ) ;
#2602 = PLANE ( 'NONE',  #641 ) ;
#2603 = CARTESIAN_POINT ( 'NONE',  ( -11.55368985745187160, -32.50000000000000000, 4.770980054225103295 ) ) ;
#2604 = EDGE_CURVE ( 'NONE', #1180, #1621, #3451, .T. ) ;
#2605 = EDGE_LOOP ( 'NONE', ( #204, #126, #391, #1577 ) ) ;
#2606 = ORIENTED_EDGE ( 'NONE', *, *, #1647, .F. ) ;
#2607 = LINE ( 'NONE', #333, #3320 ) ;
#2608 = CARTESIAN_POINT ( 'NONE',  ( -4.000000000000000000, 6.000000000000005329, -12.50000000000000000 ) ) ;
#2609 = LINE ( 'NONE', #36, #199 ) ;
#2610 = DIRECTION ( 'NONE',  ( -0.000000000000000000, -0.000000000000000000, 1.000000000000000000 ) ) ;
#2611 = CARTESIAN_POINT ( 'NONE',  ( 3.999999999999994671, 32.00000000000000000, -11.84271928232701399 ) ) ;
#2612 = CARTESIAN_POINT ( 'NONE',  ( -12.50000000000000000, -6.000000000000001776, -4.000000000000000000 ) ) ;
#2613 = AXIS2_PLACEMENT_3D ( 'NONE', #1079, #3050, #2790 ) ;
#2614 = CARTESIAN_POINT ( 'NONE',  ( 7.750000000000034639, 2.851628153463664272, -9.807522622966617476 ) ) ;
#2615 = EDGE_CURVE ( 'NONE', #1119, #3091, #2646, .T. ) ;
#2616 = AXIS2_PLACEMENT_3D ( 'NONE', #1649, #530, #1405 ) ;
#2617 = CARTESIAN_POINT ( 'NONE',  ( -12.50000000000000000, -32.25000000000000000, 6.250000000000000000 ) ) ;
#2618 = CARTESIAN_POINT ( 'NONE',  ( 0.000000000000000000, -3.000000000000002665, 12.50000000000000000 ) ) ;
#2619 = EDGE_LOOP ( 'NONE', ( #1209, #3220, #783, #1347 ) ) ;
#2620 = PRESENTATION_LAYER_ASSIGNMENT (  '', '', ( #3580 ) ) ;
#2621 = CARTESIAN_POINT ( 'NONE',  ( -3.121207739997232000, 32.39518313558360063, -12.10617681082282715 ) ) ;
#2622 = DIRECTION ( 'NONE',  ( 1.000000000000000000, 0.000000000000000000, 0.000000000000000000 ) ) ;
#2623 = B_SPLINE_CURVE_WITH_KNOTS ( 'NONE', 3,
 ( #3390, #3121, #3700, #1401, #2542, #1717, #3161, #3143, #2300, #583, #3372, #3438, #2878, #1111, #2263, #1077, #2507, #851 ),
 .UNSPECIFIED., .F., .F.,
 ( 4, 2, 2, 2, 2, 2, 2, 2, 4 ),
 ( 0.000000000000000000, 0.0005938530314971817966, 0.001187706062994363593, 0.001781559094491545498, 0.002375412125988727186, 0.002969265157485910175, 0.003563118188983093165, 0.004156971220480276154, 0.004750824251977458709 ),
 .UNSPECIFIED. ) ;
#2624 = CIRCLE ( 'NONE', #408, 12.50000000000000000 ) ;
#2625 = ORIENTED_EDGE ( 'NONE', *, *, #227, .F. ) ;
#2626 = ORIENTED_EDGE ( 'NONE', *, *, #3658, .T. ) ;
#2627 = CARTESIAN_POINT ( 'NONE',  ( -12.33345172442782278, -3.721410491801662168, 2.038671058067595521 ) ) ;
#2628 = CARTESIAN_POINT ( 'NONE',  ( 12.29208428082059967, -32.05606760240904407, 2.278700861452768400 ) ) ;
#2629 = B_SPLINE_CURVE_WITH_KNOTS ( 'NONE', 3,
 ( #2690, #3604, #1039, #395, #115, #1057, #2208, #3351, #985, #1263, #2732, #774, #2768, #2132, #3272, #2152, #1847, #2989 ),
 .UNSPECIFIED., .F., .F.,
 ( 4, 2, 2, 2, 2, 2, 2, 2, 4 ),
 ( 8.673617379884035472E-19, 0.0005938530314971824471, 0.001187706062994364027, 0.001781559094491545498, 0.002375412125988727186, 0.002969265157485908874, 0.003563118188983090129, 0.004156971220480271817, 0.004750824251977453505 ),
 .UNSPECIFIED. ) ;
#2630 = DIRECTION ( 'NONE',  ( 0.000000000000000000, 0.000000000000000000, 1.000000000000000000 ) ) ;
#2631 = EDGE_CURVE ( 'NONE', #2142, #1499, #880, .T. ) ;
#2632 = CARTESIAN_POINT ( 'NONE',  ( 9.599807726967387822, 46.45686246260767405, 8.008699184325728027 ) ) ;
#2633 = CARTESIAN_POINT ( 'NONE',  ( 3.059019908517884634, 3.144753661972785608, 12.12133672423717279 ) ) ;
#2634 = CARTESIAN_POINT ( 'NONE',  ( -12.50000000000000000, -32.50000000000000000, -4.770980054225103295 ) ) ;
#2635 = ORIENTED_EDGE ( 'NONE', *, *, #2725, .T. ) ;
#2636 = CARTESIAN_POINT ( 'NONE',  ( 8.735172136433677181, -47.68121946028882974, -8.943966620128483314 ) ) ;
#2637 = CARTESIAN_POINT ( 'NONE',  ( -0.5232106911776929214, 5.536157332861447067, -12.48912819291711251 ) ) ;
#2638 = CARTESIAN_POINT ( 'NONE',  ( 2.522820760758087033, 31.61860506102813417, 12.24392902302150432 ) ) ;
#2639 = EDGE_LOOP ( 'NONE', ( #2885, #3542, #939, #3243 ) ) ;
#2640 = AXIS2_PLACEMENT_3D ( 'NONE', #3386, #3136, #1435 ) ;
#2641 = CARTESIAN_POINT ( 'NONE',  ( 12.46280486602699789, -4.228919712113804685, 0.9723366502293712132 ) ) ;
#2642 = CARTESIAN_POINT ( 'NONE',  ( 9.807522622966635240, -32.35162815346365761, -7.750000000000015099 ) ) ;
#2643 = VECTOR ( 'NONE', #3433, 1000.000000000000000 ) ;
#2644 = ORIENTED_EDGE ( 'NONE', *, *, #2969, .T. ) ;
#2645 = EDGE_LOOP ( 'NONE', ( #1711, #2518, #1334, #3268 ) ) ;
#2646 = LINE ( 'NONE', #613, #1881 ) ;
#2647 = CARTESIAN_POINT ( 'NONE',  ( 0.000000000000000000, 53.00000000000000000, 12.50000000000000000 ) ) ;
#2648 = CARTESIAN_POINT ( 'NONE',  ( 0.000000000000000000, -53.00000000000000000, 0.000000000000000000 ) ) ;
#2649 = ORIENTED_EDGE ( 'NONE', *, *, #2109, .T. ) ;
#2650 = DIRECTION ( 'NONE',  ( 5.417888360170764548E-14, 0.000000000000000000, 1.000000000000000000 ) ) ;
#2651 = DIRECTION ( 'NONE',  ( 1.000000000000000000, -0.000000000000000000, -0.000000000000000000 ) ) ;
#2652 = EDGE_CURVE ( 'NONE', #2422, #1392, #351, .T. ) ;
#2653 = CARTESIAN_POINT ( 'NONE',  ( 0.000000000000000000, -31.99999999999995737, 0.000000000000000000 ) ) ;
#2654 = CARTESIAN_POINT ( 'NONE',  ( 12.50000000000000000, 45.00000000000000000, 0.2500000000000002220 ) ) ;
#2655 = AXIS2_PLACEMENT_3D ( 'NONE', #68, #1746, #1181 ) ;
#2656 = CARTESIAN_POINT ( 'NONE',  ( -1.888684029851529278, 3.198977817348596986, -12.35804545169544433 ) ) ;
#2657 = CARTESIAN_POINT ( 'NONE',  ( -0.5000000000000015543, 5.766092349982756993, 12.48999599679679839 ) ) ;
#2658 = ORIENTED_EDGE ( 'NONE', *, *, #2872, .T. ) ;
#2659 = CIRCLE ( 'NONE', #2483, 5.000000000000000000 ) ;
#2660 = CARTESIAN_POINT ( 'NONE',  ( 12.48912819291711074, -5.536157332861447067, 0.5232106911776918112 ) ) ;
#2661 = CARTESIAN_POINT ( 'NONE',  ( -11.12370379991196678, -30.84100455789662831, 5.705401273259712802 ) ) ;
#2662 = ADVANCED_FACE ( 'NONE', ( #1781 ), #2924, .F. ) ;
#2663 = ORIENTED_EDGE ( 'NONE', *, *, #2062, .F. ) ;
#2664 = VERTEX_POINT ( 'NONE', #1234 ) ;
#2665 = CARTESIAN_POINT ( 'NONE',  ( 12.49749974994998780, -45.00000000000000711, 0.2500000000000000000 ) ) ;
#2666 = CARTESIAN_POINT ( 'NONE',  ( 5.532654515499473291, 4.080515610171381979, 11.21018029162760499 ) ) ;
#2667 = CARTESIAN_POINT ( 'NONE',  ( 12.50000000000000000, -60.99999999999999289, 0.2500000000000000000 ) ) ;
#2668 = EDGE_LOOP ( 'NONE', ( #415, #3432 ) ) ;
#2669 = CARTESIAN_POINT ( 'NONE',  ( 0.000000000000000000, 45.00000000000000000, 0.000000000000000000 ) ) ;
#2670 = CARTESIAN_POINT ( 'NONE',  ( -2.698009041175398526, 31.70974071204654621, 12.20676672984231637 ) ) ;
#2671 = CARTESIAN_POINT ( 'NONE',  ( -4.770980054225089084, 2.500000000000002220, -11.55368985745187693 ) ) ;
#2672 = B_SPLINE_CURVE_WITH_KNOTS ( 'NONE', 3,
 ( #3087, #1703, #1667, #2812, #3651, #2267, #3126, #3705, #1931, #1082, #780, #550, #2196, #2846, #3069, #2794, #3377, #1388, #3216, #2865, #2614, #853 ),
 .UNSPECIFIED., .F., .F.,
 ( 4, 2, 2, 2, 2, 2, 2, 2, 2, 2, 4 ),
 ( 8.673617379884035472E-19, 0.0003016920689488632721, 0.0006033841378977256769, 0.001206768275795451571, 0.001810152413693177356, 0.002413536551590903141, 0.003016920689488628710, 0.003620304827386354712, 0.004223688965284080714, 0.004525381034232943064, 0.004827073103181805415 ),
 .UNSPECIFIED. ) ;
#2673 = ADVANCED_FACE ( 'NONE', ( #1216 ), #1540, .F. ) ;
#2674 = CARTESIAN_POINT ( 'NONE',  ( -11.84271928232701221, -32.50000000000000000, -4.000000000000000000 ) ) ;
#2675 = CARTESIAN_POINT ( 'NONE',  ( 5.422673243363473006, 50.55230559929506029, 11.26310360953684686 ) ) ;
#2676 = CARTESIAN_POINT ( 'NONE',  ( 12.25369393517421557, -32.16008838615806553, -2.478511834130735725 ) ) ;
#2677 = ORIENTED_EDGE ( 'NONE', *, *, #607, .F. ) ;
#2678 = CARTESIAN_POINT ( 'NONE',  ( 0.000000000000000000, 2.500000000000009326, 0.000000000000000000 ) ) ;
#2679 = CARTESIAN_POINT ( 'NONE',  ( 10.96613975028047427, -49.46401838214850244, 5.999547389202775527 ) ) ;
#2680 = CARTESIAN_POINT ( 'NONE',  ( -10.52818860413932001, -33.67777050692444618, 6.741066734132693306 ) ) ;
#2681 = AXIS2_PLACEMENT_3D ( 'NONE', #852, #2017, #2543 ) ;
#2682 = ORIENTED_EDGE ( 'NONE', *, *, #335, .F. ) ;
#2683 = VERTEX_POINT ( 'NONE', #2031 ) ;
#2684 = CARTESIAN_POINT ( 'NONE',  ( 0.000000000000000000, -44.50000000000000000, 0.000000000000000000 ) ) ;
#2685 = CARTESIAN_POINT ( 'NONE',  ( 7.198019232017553115, 3.926367643569753874, 10.22069943957656513 ) ) ;
#2686 = CIRCLE ( 'NONE', #394, 1.500000000000001332 ) ;
#2687 = CARTESIAN_POINT ( 'NONE',  ( -12.46280486602700144, -30.77108028788619620, 0.9723366502293681046 ) ) ;
#2688 = CARTESIAN_POINT ( 'NONE',  ( 8.685199822917500256, 46.07440372418886199, 8.992778510226994371 ) ) ;
#2689 = CARTESIAN_POINT ( 'NONE',  ( -1.759195886242291618, 31.00441447176584475, 12.37641014440912812 ) ) ;
#2690 = CARTESIAN_POINT ( 'NONE',  ( 11.84271928232701399, -31.99999999999999289, -3.999999999999999112 ) ) ;
#2691 = EDGE_LOOP ( 'NONE', ( #1015, #3111, #2397, #2572 ) ) ;
#2692 = ORIENTED_EDGE ( 'NONE', *, *, #312, .T. ) ;
#2693 = LINE ( 'NONE', #2432, #1725 ) ;
#2694 = DIRECTION ( 'NONE',  ( 0.000000000000000000, -0.000000000000000000, -1.000000000000000000 ) ) ;
#2695 = CARTESIAN_POINT ( 'NONE',  ( 12.38356828857486747, -31.65693768075006886, -1.710124509001946569 ) ) ;
#2696 = EDGE_LOOP ( 'NONE', ( #2663, #1233, #1550, #1564 ) ) ;
#2697 = DIRECTION ( 'NONE',  ( 0.000000000000000000, 0.000000000000000000, 1.000000000000000000 ) ) ;
#2698 = DIRECTION ( 'NONE',  ( 0.000000000000000000, 0.000000000000000000, -1.000000000000000000 ) ) ;
#2699 = CARTESIAN_POINT ( 'NONE',  ( 11.00000000000000178, -49.00000000000000000, 5.937171043518958413 ) ) ;
#2700 = EDGE_CURVE ( 'NONE', #2408, #511, #736, .T. ) ;
#2701 = EDGE_LOOP ( 'NONE', ( #649, #1106, #2902, #2815 ) ) ;
#2702 = ORIENTED_EDGE ( 'NONE', *, *, #2747, .T. ) ;
#2703 = DIRECTION ( 'NONE',  ( 0.000000000000000000, 0.000000000000000000, 1.000000000000000000 ) ) ;
#2704 = CARTESIAN_POINT ( 'NONE',  ( 8.000000000000000000, -49.00000000000000000, -12.50000000000000000 ) ) ;
#2705 = ADVANCED_BREP_SHAPE_REPRESENTATION ( '5 DOF', ( #1298, #809 ), #2727 ) ;
#2706 = EDGE_CURVE ( 'NONE', #1875, #1724, #3673, .T. ) ;
#2707 = CARTESIAN_POINT ( 'NONE',  ( -1.710124509001950122, 31.65693768075005821, 12.38356828857486569 ) ) ;
#2708 = VERTEX_POINT ( 'NONE', #2665 ) ;
#2709 = CARTESIAN_POINT ( 'NONE',  ( -0.9999999999999986677, 6.000000000000005329, -12.45993579437711496 ) ) ;
#2710 = CARTESIAN_POINT ( 'NONE',  ( 4.993746088859545296, -45.00000000000000000, 0.2500000000000000000 ) ) ;
#2711 = FACE_OUTER_BOUND ( 'NONE', #2204, .T. ) ;
#2712 = EDGE_CURVE ( 'NONE', #3225, #873, #1155, .T. ) ;
#2713 = CARTESIAN_POINT ( 'NONE',  ( -12.42423584141003978, -31.33666753773940883, -1.384103369784998039 ) ) ;
#2714 = CARTESIAN_POINT ( 'NONE',  ( -6.572337476543293810, 1.274857918018812653, -10.63459255092597289 ) ) ;
#2715 = CARTESIAN_POINT ( 'NONE',  ( -11.20970400379120235, -30.91879857998723935, -5.533649237558824652 ) ) ;
#2716 = ORIENTED_EDGE ( 'NONE', *, *, #560, .F. ) ;
#2717 = DIRECTION ( 'NONE',  ( 0.000000000000000000, 0.000000000000000000, -1.000000000000000000 ) ) ;
#2718 = CARTESIAN_POINT ( 'NONE',  ( 10.99300762249491825, -49.23495414202119491, 5.950174225158444408 ) ) ;
#2719 = DIRECTION ( 'NONE',  ( 0.000000000000000000, 1.000000000000000000, 0.000000000000000000 ) ) ;
#2720 = AXIS2_PLACEMENT_3D ( 'NONE', #2575, #3420, #1641 ) ;
#2721 = EDGE_LOOP ( 'NONE', ( #1338, #1139, #811, #3481 ) ) ;
#2722 = ORIENTED_EDGE ( 'NONE', *, *, #653, .T. ) ;
#2723 = FACE_OUTER_BOUND ( 'NONE', #3342, .T. ) ;
#2724 = PLANE ( 'NONE',  #1 ) ;
#2725 = EDGE_CURVE ( 'NONE', #1901, #998, #2386, .T. ) ;
#2726 = AXIS2_PLACEMENT_3D ( 'NONE', #531, #3182, #292 ) ;
#2727 =( GEOMETRIC_REPRESENTATION_CONTEXT ( 3 ) GLOBAL_UNCERTAINTY_ASSIGNED_CONTEXT ( ( #1866 ) ) GLOBAL_UNIT_ASSIGNED_CONTEXT ( ( #888, #3439, #2879 ) ) REPRESENTATION_CONTEXT ( 'NONE', 'WORKASPACE' ) );
#2728 = ORIENTED_EDGE ( 'NONE', *, *, #1827, .F. ) ;
#2729 = ADVANCED_FACE ( 'NONE', ( #3172 ), #2890, .F. ) ;
#2730 = CARTESIAN_POINT ( 'NONE',  ( 9.260023235029002819, 49.81946873545786758, -8.396971645208459734 ) ) ;
#2731 = CARTESIAN_POINT ( 'NONE',  ( 6.226824914784548248, 1.240179543273457030, -10.84052725148963248 ) ) ;
#2732 = CARTESIAN_POINT ( 'NONE',  ( 12.39346334248948089, -30.85319749121252997, -1.632432602011772316 ) ) ;
#2733 = CARTESIAN_POINT ( 'NONE',  ( -12.10617681082283426, -32.39518313558360774, -3.121207739997226227 ) ) ;
#2734 = CARTESIAN_POINT ( 'NONE',  ( -4.931628877826188528, 2.027816901196220378, -11.48618049085166248 ) ) ;
#2735 = CARTESIAN_POINT ( 'NONE',  ( 0.000000000000000000, -32.50000000000004263, 0.000000000000000000 ) ) ;
#2736 = ORIENTED_EDGE ( 'NONE', *, *, #243, .T. ) ;
#2737 = EDGE_CURVE ( 'NONE', #3188, #125, #867, .T. ) ;
#2738 = CARTESIAN_POINT ( 'NONE',  ( 4.770980054225089084, 3.000000000000002665, -12.50000000000000000 ) ) ;
#2739 = CARTESIAN_POINT ( 'NONE',  ( 6.877741382118327529, -51.78960963078761637, 10.44000559628984348 ) ) ;
#2740 = CARTESIAN_POINT ( 'NONE',  ( 6.877750255441652527, -46.21033489667635052, 10.44001485275203223 ) ) ;
#2741 = DIRECTION ( 'NONE',  ( 0.000000000000000000, -1.000000000000000000, 0.000000000000000000 ) ) ;
#2742 = ORIENTED_EDGE ( 'NONE', *, *, #3408, .T. ) ;
#2743 = AXIS2_PLACEMENT_3D ( 'NONE', #2884, #1409, #1988 ) ;
#2744 = DIRECTION ( 'NONE',  ( -0.000000000000000000, -0.000000000000000000, 1.000000000000000000 ) ) ;
#2745 = CARTESIAN_POINT ( 'NONE',  ( -12.39397753572420768, -30.84801311536897472, -1.628464786153792421 ) ) ;
#2746 = CIRCLE ( 'NONE', #2384, 12.50000000000000000 ) ;
#2747 = EDGE_CURVE ( 'NONE', #2007, #798, #196, .T. ) ;
#2748 = CARTESIAN_POINT ( 'NONE',  ( 6.499999999999988454, 49.22866456126269696, -10.67707825203131833 ) ) ;
#2749 = CIRCLE ( 'NONE', #3632, 12.50000000000000000 ) ;
#2750 = CARTESIAN_POINT ( 'NONE',  ( 0.8625436909129586827, 30.56847724308363112, -12.47052934731761908 ) ) ;
#2751 = EDGE_CURVE ( 'NONE', #458, #787, #2623, .T. ) ;
#2752 = CARTESIAN_POINT ( 'NONE',  ( 9.807522622966635240, -32.04724238870088726, -7.750000000000014211 ) ) ;
#2753 = B_SPLINE_CURVE_WITH_KNOTS ( 'NONE', 3,
 ( #2058, #2395, #2637, #118, #2935, #60, #3554, #1207, #1189, #361, #2656, #1792, #3199, #2357, #703, #2338, #3498, #2078 ),
 .UNSPECIFIED., .F., .F.,
 ( 4, 2, 2, 2, 2, 2, 2, 2, 4 ),
 ( 0.000000000000000000, 0.0006917567136071113044, 0.001383513427214222609, 0.002075270140821333913, 0.002767026854428445218, 0.003458783568035557823, 0.004150540281642670429, 0.004842296995249783034, 0.005534053708856895640 ),
 .UNSPECIFIED. ) ;
#2754 = CARTESIAN_POINT ( 'NONE',  ( -4.787931841592152793, 2.399711873470323553, -11.54668978730895468 ) ) ;
#2755 = CARTESIAN_POINT ( 'NONE',  ( -10.52639506949278392, -30.82316764024040623, -6.743869961193405871 ) ) ;
#2756 = ORIENTED_EDGE ( 'NONE', *, *, #2806, .T. ) ;
#2757 = DIRECTION ( 'NONE',  ( -0.000000000000000000, -0.000000000000000000, 1.000000000000000000 ) ) ;
#2758 = CARTESIAN_POINT ( 'NONE',  ( 5.027690519055985519, -49.46875808092872973, 11.44446716058099689 ) ) ;
#2759 = CARTESIAN_POINT ( 'NONE',  ( 10.23357352432677914, -46.99020750157092152, 7.180873849296000699 ) ) ;
#2760 = ORIENTED_EDGE ( 'NONE', *, *, #2995, .T. ) ;
#2761 = PLANE ( 'NONE',  #2502 ) ;
#2762 = ORIENTED_EDGE ( 'NONE', *, *, #2751, .T. ) ;
#2763 = EDGE_CURVE ( 'NONE', #590, #3710, #1879, .T. ) ;
#2764 = DIRECTION ( 'NONE',  ( 0.000000000000000000, 0.000000000000000000, 1.000000000000000000 ) ) ;
#2765 = CARTESIAN_POINT ( 'NONE',  ( 8.000000000000000000, -49.00000000000000000, 4.000000000000000000 ) ) ;
#2766 = EDGE_LOOP ( 'NONE', ( #3654, #3051, #751, #3084, #1386, #3562, #1224, #1310, #397, #3398, #483, #2055, #1843, #1572, #1450, #663, #2010, #2500, #3375, #49, #3116, #693, #1260, #612, #2853, #2496, #2294, #2923, #1160, #2099, #2834, #1525, #712, #1520, #2369, #143, #2682 ) ) ;
#2767 = CARTESIAN_POINT ( 'NONE',  ( 7.720745790513385387, 50.48530146044218725, -9.833045890448165238 ) ) ;
#2768 = CARTESIAN_POINT ( 'NONE',  ( 12.43115354408383766, -30.34756781198597153, -1.312397050351511663 ) ) ;
#2769 = PLANE ( 'NONE',  #1004 ) ;
#2770 = ADVANCED_FACE ( 'NONE', ( #3646 ), #546, .F. ) ;
#2771 = CARTESIAN_POINT ( 'NONE',  ( 7.999926244339306436, 52.02007881780400567, 9.615943481087411371 ) ) ;
#2772 = LINE ( 'NONE', #1026, #1179 ) ;
#2773 = ORIENTED_EDGE ( 'NONE', *, *, #1396, .F. ) ;
#2774 = CARTESIAN_POINT ( 'NONE',  ( 0.000000000000000000, -3.000000000000002665, 0.000000000000000000 ) ) ;
#2775 = DIRECTION ( 'NONE',  ( -0.000000000000000000, -0.000000000000000000, 1.000000000000000000 ) ) ;
#2776 = ADVANCED_FACE ( 'NONE', ( #795 ), #3681, .T. ) ;
#2777 = CARTESIAN_POINT ( 'NONE',  ( 7.437066318890948935, -46.04698618898842000, 10.04950662073032142 ) ) ;
#2778 = B_SPLINE_CURVE_WITH_KNOTS ( 'NONE', 3,
 ( #1208, #3276, #345, #2358, #422, #1851, #2416, #626, #403, #2695, #988, #119, #2676, #3555, #953, #2135, #2079, #662 ),
 .UNSPECIFIED., .F., .F.,
 ( 4, 2, 2, 2, 2, 2, 2, 2, 4 ),
 ( 0.000000000000000000, 0.0006917567136071118465, 0.001383513427214223693, 0.002075270140821335648, 0.002767026854428447386, 0.003458783568035559124, 0.004150540281642671296, 0.004842296995249783034, 0.005534053708856894772 ),
 .UNSPECIFIED. ) ;
#2779 = CARTESIAN_POINT ( 'NONE',  ( -12.48164662865004004, -30.14092593180693314, 0.6830675358651342455 ) ) ;
#2780 = CARTESIAN_POINT ( 'NONE',  ( 0.6845832522820459731, 4.854924888401494165, -12.48156156161581620 ) ) ;
#2781 = ORIENTED_EDGE ( 'NONE', *, *, #817, .F. ) ;
#2782 = LINE ( 'NONE', #3130, #2565 ) ;
#2783 = CARTESIAN_POINT ( 'NONE',  ( -12.42120025654693727, -30.51974311405041007, -1.405831036269091561 ) ) ;
#2784 = AXIS2_PLACEMENT_3D ( 'NONE', #1303, #2430, #3568 ) ;
#2785 = VERTEX_POINT ( 'NONE', #831 ) ;
#2786 = CARTESIAN_POINT ( 'NONE',  ( 6.746188724785313617, 49.85237292430314682, -10.52386902456005480 ) ) ;
#2787 = CARTESIAN_POINT ( 'NONE',  ( -11.55368985745187160, -32.50000000000000000, -4.770980054225103295 ) ) ;
#2788 = CARTESIAN_POINT ( 'NONE',  ( 10.52751251887842265, -33.67760163467514190, 6.742171055661182244 ) ) ;
#2789 = CARTESIAN_POINT ( 'NONE',  ( -5.532254152595906582, 1.419579484143126624, -11.21038795065251215 ) ) ;
#2790 = DIRECTION ( 'NONE',  ( 0.000000000000000000, 0.000000000000000000, 1.000000000000000000 ) ) ;
#2791 = ORIENTED_EDGE ( 'NONE', *, *, #870, .T. ) ;
#2792 = ADVANCED_FACE ( 'NONE', ( #1094 ), #302, .F. ) ;
#2793 = CARTESIAN_POINT ( 'NONE',  ( 0.000000000000000000, 45.00000000000000000, 0.000000000000000000 ) ) ;
#2794 = CARTESIAN_POINT ( 'NONE',  ( 7.450011844266823502, 3.667533380255544539, -10.03847241626109366 ) ) ;
#2795 = CARTESIAN_POINT ( 'NONE',  ( -12.48156156161581265, -4.854924888401492389, 0.6845832522820467503 ) ) ;
#2796 = CARTESIAN_POINT ( 'NONE',  ( 1.888684029851527946, 3.198977817348596986, 12.35804545169544255 ) ) ;
#2797 = EDGE_LOOP ( 'NONE', ( #1052, #2328, #15, #2006 ) ) ;
#2798 = ORIENTED_EDGE ( 'NONE', *, *, #897, .T. ) ;
#2799 = CARTESIAN_POINT ( 'NONE',  ( -12.50000000000000000, -3.000000000000002665, -4.000000000000000888 ) ) ;
#2800 = CARTESIAN_POINT ( 'NONE',  ( 10.93919092387964120, -33.74757910219070567, -6.051673733849548320 ) ) ;
#2801 = VECTOR ( 'NONE', #868, 1000.000000000000000 ) ;
#2802 = EDGE_LOOP ( 'NONE', ( #2626, #680, #182, #3485 ) ) ;
#2803 = FACE_OUTER_BOUND ( 'NONE', #2310, .T. ) ;
#2804 = CARTESIAN_POINT ( 'NONE',  ( -9.957380666852372997, -33.01088629291764676, -7.557087572923690821 ) ) ;
#2805 = CIRCLE ( 'NONE', #1963, 12.50000000000000000 ) ;
#2806 = EDGE_CURVE ( 'NONE', #1921, #2588, #2808, .T. ) ;
#2807 = CARTESIAN_POINT ( 'NONE',  ( 10.84052725148963070, -30.74017954327347368, -6.226824914784545584 ) ) ;
#2808 = LINE ( 'NONE', #1964, #1342 ) ;
#2809 = CARTESIAN_POINT ( 'NONE',  ( -7.055921085992331143, 1.472983955264925315, 10.31985310007784307 ) ) ;
#2810 = VERTEX_POINT ( 'NONE', #3081 ) ;
#2811 = CARTESIAN_POINT ( 'NONE',  ( -3.809884749708928986, 3.000000000000003553, -11.90693265959578895 ) ) ;
#2812 = CARTESIAN_POINT ( 'NONE',  ( 4.886301639583948031, 3.382638411830122038, -11.50545810714601203 ) ) ;
#2813 = CARTESIAN_POINT ( 'NONE',  ( -2.275202324205838789, 32.05425168757982846, 12.29275677521991383 ) ) ;
#2814 = LINE ( 'NONE', #463, #3274 ) ;
#2815 = ORIENTED_EDGE ( 'NONE', *, *, #2945, .F. ) ;
#2816 = DIRECTION ( 'NONE',  ( 1.000000000000000000, 0.000000000000000000, 0.000000000000000000 ) ) ;
#2817 = ADVANCED_FACE ( 'NONE', ( #288, #1981 ), #2525, .F. ) ;
#2818 = VECTOR ( 'NONE', #561, 1000.000000000000000 ) ;
#2819 = VERTEX_POINT ( 'NONE', #3103 ) ;
#2820 = CARTESIAN_POINT ( 'NONE',  ( 5.000000000000000000, 49.00000000000000000, 4.000000000000000000 ) ) ;
#2821 = CARTESIAN_POINT ( 'NONE',  ( 4.000000000000000888, 2.500000000000003109, -12.50000000000000000 ) ) ;
#2822 = CARTESIAN_POINT ( 'NONE',  ( 11.21018029162760143, -30.91948438982862868, -5.532654515499474179 ) ) ;
#2823 = EDGE_CURVE ( 'NONE', #1621, #125, #802, .T. ) ;
#2824 = CARTESIAN_POINT ( 'NONE',  ( -12.50000000000000000, -29.00000000000000000, -4.000000000000000000 ) ) ;
#2825 = DIRECTION ( 'NONE',  ( 1.000000000000000000, 0.000000000000000000, 0.000000000000000000 ) ) ;
#2826 = CARTESIAN_POINT ( 'NONE',  ( -5.229246445673278565, 1.635103751974194664, 11.35488841379709690 ) ) ;
#2827 = CARTESIAN_POINT ( 'NONE',  ( 12.35701657525680019, -3.194215299845898137, -1.895245351296562131 ) ) ;
#2828 = LINE ( 'NONE', #3394, #1236 ) ;
#2829 = DIRECTION ( 'NONE',  ( 0.000000000000000000, 0.000000000000000000, -1.000000000000000000 ) ) ;
#2830 = CARTESIAN_POINT ( 'NONE',  ( -12.48999599679679839, -6.000000000000000888, -0.5000000000000001110 ) ) ;
#2831 = ORIENTED_EDGE ( 'NONE', *, *, #12, .T. ) ;
#2832 = CARTESIAN_POINT ( 'NONE',  ( -4.770980054225089084, 3.000000000000002665, 11.55368985745187693 ) ) ;
#2833 = CARTESIAN_POINT ( 'NONE',  ( 1.157372252901220921, 5.020699910912038710, -12.44654530129164982 ) ) ;
#2834 = ORIENTED_EDGE ( 'NONE', *, *, #1508, .F. ) ;
#2835 = VERTEX_POINT ( 'NONE', #8 ) ;
#2836 = ADVANCED_FACE ( 'NONE', ( #2843 ), #1420, .F. ) ;
#2837 = CARTESIAN_POINT ( 'NONE',  ( -12.45993579437711318, -53.00000000000000000, -1.000000000000000000 ) ) ;
#2838 = CIRCLE ( 'NONE', #2356, 12.50000000000000000 ) ;
#2839 = FACE_OUTER_BOUND ( 'NONE', #19, .T. ) ;
#2840 = EDGE_CURVE ( 'NONE', #201, #45, #2894, .T. ) ;
#2841 = AXIS2_PLACEMENT_3D ( 'NONE', #3165, #3147, #3396 ) ;
#2842 = CARTESIAN_POINT ( 'NONE',  ( 1.312397050351505223, 4.652432188014036463, 12.43115354408383766 ) ) ;
#2843 = FACE_OUTER_BOUND ( 'NONE', #271, .T. ) ;
#2844 = CARTESIAN_POINT ( 'NONE',  ( -7.698535513953554066, 3.152097967379037247, 9.848005524144467060 ) ) ;
#2845 = CARTESIAN_POINT ( 'NONE',  ( 12.10617681082283070, -2.604816864416388711, -3.121207739997226227 ) ) ;
#2846 = CARTESIAN_POINT ( 'NONE',  ( 7.054874744467080738, 4.027472022059751744, -10.32053862704894520 ) ) ;
#2847 = EDGE_CURVE ( 'NONE', #1617, #2136, #2372, .T. ) ;
#2848 = CYLINDRICAL_SURFACE ( 'NONE', #1408, 1.500000000000001332 ) ;
#2849 = CARTESIAN_POINT ( 'NONE',  ( -12.29275677521991028, -2.945748312420164439, -2.275202324205835236 ) ) ;
#2850 = EDGE_LOOP ( 'NONE', ( #2762, #1935, #2306, #3574 ) ) ;
#2851 = CARTESIAN_POINT ( 'NONE',  ( 0.000000000000000000, -53.00000000000000000, 0.000000000000000000 ) ) ;
#2852 = DIRECTION ( 'NONE',  ( 0.000000000000000000, 0.000000000000000000, -1.000000000000000000 ) ) ;
#2853 = ORIENTED_EDGE ( 'NONE', *, *, #172, .F. ) ;
#2854 = ORIENTED_EDGE ( 'NONE', *, *, #2856, .T. ) ;
#2855 = DIRECTION ( 'NONE',  ( -0.000000000000000000, -0.000000000000000000, 1.000000000000000000 ) ) ;
#2856 = EDGE_CURVE ( 'NONE', #3710, #966, #3303, .T. ) ;
#2857 = CARTESIAN_POINT ( 'NONE',  ( -11.48566882387563481, -32.97428906444591235, -4.932818701414181106 ) ) ;
#2858 = AXIS2_PLACEMENT_3D ( 'NONE', #2612, #1474, #601 ) ;
#2859 = CARTESIAN_POINT ( 'NONE',  ( 1.158693683254489182, 5.017082385302821912, 12.44642090734302897 ) ) ;
#2860 = EDGE_CURVE ( 'NONE', #332, #2937, #3458, .T. ) ;
#2861 = VECTOR ( 'NONE', #496, 1000.000000000000000 ) ;
#2862 = DIRECTION ( 'NONE',  ( 0.000000000000000000, 1.000000000000000000, 0.000000000000000000 ) ) ;
#2863 = CARTESIAN_POINT ( 'NONE',  ( -6.227979984382486123, 4.259788306262938029, 10.83985442447991154 ) ) ;
#2864 = ORIENTED_EDGE ( 'NONE', *, *, #185, .T. ) ;
#2865 = CARTESIAN_POINT ( 'NONE',  ( 7.739780459708216043, 2.951284691497698009, -9.815622173953439500 ) ) ;
#2866 = AXIS2_PLACEMENT_3D ( 'NONE', #1062, #1967, #760 ) ;
#2867 = LINE ( 'NONE', #252, #3077 ) ;
#2868 = CARTESIAN_POINT ( 'NONE',  ( -11.91754141585527016, -2.500000000000001332, -3.778475619130023055 ) ) ;
#2869 = ORIENTED_EDGE ( 'NONE', *, *, #1827, .T. ) ;
#2870 = CARTESIAN_POINT ( 'NONE',  ( 12.16141420997243117, -2.670468227653267412, 2.897592169773376636 ) ) ;
#2871 = CARTESIAN_POINT ( 'NONE',  ( 0.9999999999999976685, 5.799218689567664065, -12.45993579437711141 ) ) ;
#2872 = EDGE_CURVE ( 'NONE', #3257, #3317, #2912, .T. ) ;
#2873 = ORIENTED_EDGE ( 'NONE', *, *, #57, .F. ) ;
#2874 = ORIENTED_EDGE ( 'NONE', *, *, #642, .F. ) ;
#2875 = CARTESIAN_POINT ( 'NONE',  ( -12.44642090734302720, -29.98291761469718253, 1.158693683254495399 ) ) ;
#2876 = DIRECTION ( 'NONE',  ( 1.000000000000000000, -0.000000000000000000, -0.000000000000000000 ) ) ;
#2877 = DIRECTION ( 'NONE',  ( 0.000000000000000000, 0.000000000000000000, 1.000000000000000000 ) ) ;
#2878 = CARTESIAN_POINT ( 'NONE',  ( 12.43115354408383766, -4.652432188014032022, 1.312397050351509220 ) ) ;
#2879 =( NAMED_UNIT ( * ) SI_UNIT ( $, .STERADIAN. ) SOLID_ANGLE_UNIT ( ) );
#2880 = CARTESIAN_POINT ( 'NONE',  ( -7.198146685819372337, 3.925929136280332354, 10.22058363603897391 ) ) ;
#2881 = ADVANCED_FACE ( 'NONE', ( #3476 ), #2595, .T. ) ;
#2882 = CARTESIAN_POINT ( 'NONE',  ( 12.30751450026828842, -31.40190954175476534, 2.191690976708664973 ) ) ;
#2883 = DIRECTION ( 'NONE',  ( 1.000000000000000000, 0.000000000000000000, 0.000000000000000000 ) ) ;
#2884 = CARTESIAN_POINT ( 'NONE',  ( 0.000000000000000000, -2.500000000000002220, 0.000000000000000000 ) ) ;
#2885 = ORIENTED_EDGE ( 'NONE', *, *, #3639, .T. ) ;
#2886 = DIRECTION ( 'NONE',  ( 0.000000000000000000, 1.000000000000000000, 0.000000000000000000 ) ) ;
#2887 = CARTESIAN_POINT ( 'NONE',  ( -10.52751251887842621, -30.82239836532483324, 6.742171055661179579 ) ) ;
#2888 = VERTEX_POINT ( 'NONE', #1789 ) ;
#2889 = ORIENTED_EDGE ( 'NONE', *, *, #3346, .T. ) ;
#2890 = PLANE ( 'NONE',  #3138 ) ;
#2891 = CARTESIAN_POINT ( 'NONE',  ( 5.703720012694442509, 4.158321984460561893, 11.12456105866068157 ) ) ;
#2892 = CARTESIAN_POINT ( 'NONE',  ( 0.9999999999999965583, 29.00000000000000000, -12.50000000000000000 ) ) ;
#2893 = CARTESIAN_POINT ( 'NONE',  ( 8.000000000000000000, -49.00000000000000000, 0.2500000000000002220 ) ) ;
#2894 = CIRCLE ( 'NONE', #2594, 12.50000000000000000 ) ;
#2895 = CARTESIAN_POINT ( 'NONE',  ( -1.628464786153794419, 30.84801311536898183, -12.39397753572420413 ) ) ;
#2896 = FACE_OUTER_BOUND ( 'NONE', #2373, .T. ) ;
#2897 = CARTESIAN_POINT ( 'NONE',  ( -12.45993579437711318, -53.00000000000000000, 1.000000000000000000 ) ) ;
#2898 = AXIS2_PLACEMENT_3D ( 'NONE', #3471, #1164, #904 ) ;
#2899 = EDGE_CURVE ( 'NONE', #2537, #2961, #2838, .T. ) ;
#2900 = LINE ( 'NONE', #3668, #860 ) ;
#2901 = DIRECTION ( 'NONE',  ( 1.131341397376178572E-16, -1.000000000000000000, 0.000000000000000000 ) ) ;
#2902 = ORIENTED_EDGE ( 'NONE', *, *, #1647, .T. ) ;
#2903 = CARTESIAN_POINT ( 'NONE',  ( -3.558387440432787319, 32.47915545896194800, -11.98496280990864449 ) ) ;
#2904 = DIRECTION ( 'NONE',  ( -0.000000000000000000, -0.000000000000000000, 1.000000000000000000 ) ) ;
#2905 = EDGE_LOOP ( 'NONE', ( #2702, #222 ) ) ;
#2906 = EDGE_LOOP ( 'NONE', ( #1971, #290, #2854, #1513 ) ) ;
#2907 = DIRECTION ( 'NONE',  ( 1.000000000000000000, -0.000000000000000000, -0.000000000000000000 ) ) ;
#2908 = CARTESIAN_POINT ( 'NONE',  ( 12.10617681082283070, -32.39518313558361484, 3.121207739997228892 ) ) ;
#2909 = PLANE ( 'NONE',  #1344 ) ;
#2910 = DIRECTION ( 'NONE',  ( 0.000000000000000000, -0.000000000000000000, 1.000000000000000000 ) ) ;
#2911 = CARTESIAN_POINT ( 'NONE',  ( 9.500000000000001776, -49.00000000000000000, -12.50000000000000000 ) ) ;
#2912 = LINE ( 'NONE', #2634, #1816 ) ;
#2913 = EDGE_CURVE ( 'NONE', #162, #917, #794, .T. ) ;
#2914 = AXIS2_PLACEMENT_3D ( 'NONE', #1557, #1272, #2698 ) ;
#2915 = CARTESIAN_POINT ( 'NONE',  ( 11.00000000000000178, 49.00000000000000000, 5.937171043518958413 ) ) ;
#2916 = CIRCLE ( 'NONE', #1241, 12.50000000000000000 ) ;
#2917 = CARTESIAN_POINT ( 'NONE',  ( -2.191690976708658312, 3.598090458245244427, 12.30751450026828842 ) ) ;
#2918 = CARTESIAN_POINT ( 'NONE',  ( -6.490628035480971530E-15, 45.00000000000000000, -12.50000000000000000 ) ) ;
#2919 = ORIENTED_EDGE ( 'NONE', *, *, #1158, .T. ) ;
#2920 = CARTESIAN_POINT ( 'NONE',  ( 0.000000000000000000, -53.00000000000000000, 0.000000000000000000 ) ) ;
#2921 = CARTESIAN_POINT ( 'NONE',  ( -9.806892784135349928, -32.05313098625762791, 7.750797054728687741 ) ) ;
#2922 = ORIENTED_EDGE ( 'NONE', *, *, #2899, .T. ) ;
#2923 = ORIENTED_EDGE ( 'NONE', *, *, #536, .F. ) ;
#2924 = PLANE ( 'NONE',  #2655 ) ;
#2925 = CARTESIAN_POINT ( 'NONE',  ( 12.48999599679679839, -29.00000000000000000, 0.4999999999999970024 ) ) ;
#2926 = EDGE_CURVE ( 'NONE', #873, #3225, #3177, .T. ) ;
#2927 = DIRECTION ( 'NONE',  ( -1.000000000000000000, 0.000000000000000000, 0.000000000000000000 ) ) ;
#2928 = VERTEX_POINT ( 'NONE', #2671 ) ;
#2929 = EDGE_CURVE ( 'NONE', #2961, #1033, #3533, .T. ) ;
#2930 = CARTESIAN_POINT ( 'NONE',  ( 9.164231810227558839, 46.23025787341221360, 8.503866973171563259 ) ) ;
#2931 = CARTESIAN_POINT ( 'NONE',  ( -2.040828643371757956, 31.28046662905320474, 12.33309842161321512 ) ) ;
#2932 = CARTESIAN_POINT ( 'NONE',  ( -1.019953704630668145, 29.39815893069684449, -12.45838005474008980 ) ) ;
#2933 = CARTESIAN_POINT ( 'NONE',  ( 12.45993579437711496, -29.00000000000000000, 1.000000000000000000 ) ) ;
#2934 = EDGE_CURVE ( 'NONE', #3288, #1499, #1282, .T. ) ;
#2935 = CARTESIAN_POINT ( 'NONE',  ( -0.6830675358651385753, 4.859074068193068641, -12.48164662865004004 ) ) ;
#2936 = CARTESIAN_POINT ( 'NONE',  ( -2.480188189542882338, 2.839014568431091678, 12.25337736127782762 ) ) ;
#2937 = VERTEX_POINT ( 'NONE', #419 ) ;
#2938 = CARTESIAN_POINT ( 'NONE',  ( 12.25369393517421557, -2.839911613841927807, 2.478511834130736169 ) ) ;
#2939 = CARTESIAN_POINT ( 'NONE',  ( -10.83914932541863330, -30.74012466948462929, 6.229229451334015621 ) ) ;
#2940 = ORIENTED_EDGE ( 'NONE', *, *, #3371, .F. ) ;
#2941 = ORIENTED_EDGE ( 'NONE', *, *, #320, .T. ) ;
#2942 = CARTESIAN_POINT ( 'NONE',  ( 0.000000000000000000, -53.00000000000000000, 0.000000000000000000 ) ) ;
#2943 = CARTESIAN_POINT ( 'NONE',  ( 6.226824914784550025, 4.259820456726551186, 10.84052725148963248 ) ) ;
#2944 = FACE_OUTER_BOUND ( 'NONE', #893, .T. ) ;
#2945 = EDGE_CURVE ( 'NONE', #3537, #3244, #3311, .T. ) ;
#2946 = PLANE ( 'NONE',  #2168 ) ;
#2947 = CARTESIAN_POINT ( 'NONE',  ( -3.621146260811281881, 31.98208245578922160, 11.96558451645014642 ) ) ;
#2948 = B_SPLINE_CURVE_WITH_KNOTS ( 'NONE', 3,
 ( #2830, #2253, #1173, #605, #2270, #552, #1101, #253, #1706, #1970, #3110, #2849, #3426, #2547, #855, #1723, #2868, #3256 ),
 .UNSPECIFIED., .F., .F.,
 ( 4, 2, 2, 2, 2, 2, 2, 2, 4 ),
 ( 0.000000000000000000, 0.0006917567136071116297, 0.001383513427214223259, 0.002075270140821334781, 0.002767026854428446519, 0.003458783568035558257, 0.004150540281642669561, 0.004842296995249781300, 0.005534053708856893038 ),
 .UNSPECIFIED. ) ;
#2949 = CARTESIAN_POINT ( 'NONE',  ( -2.696610625404032735, 31.70898545973901861, -12.20705785871649773 ) ) ;
#2950 = CARTESIAN_POINT ( 'NONE',  ( 1.895245351296559910, 31.80578470015409920, 12.35701657525679487 ) ) ;
#2951 = VECTOR ( 'NONE', #471, 1000.000000000000000 ) ;
#2952 = CARTESIAN_POINT ( 'NONE',  ( -3.809867535266133309, 3.000000000000003997, 11.90693847395054839 ) ) ;
#2953 = CARTESIAN_POINT ( 'NONE',  ( -0.5232156341741128758, 5.535028734811773710, 12.48913036041778035 ) ) ;
#2954 = ORIENTED_EDGE ( 'NONE', *, *, #755, .T. ) ;
#2955 = AXIS2_PLACEMENT_3D ( 'NONE', #1802, #2630, #2927 ) ;
#2956 = CARTESIAN_POINT ( 'NONE',  ( 11.84271928232701221, -32.50000000000000000, -4.000000000000000000 ) ) ;
#2957 = CARTESIAN_POINT ( 'NONE',  ( 7.999926244339306436, -52.02007881780400567, 9.615943481087411371 ) ) ;
#2958 = CARTESIAN_POINT ( 'NONE',  ( -10.63459255092596578, -33.72514208198116847, 6.572337476543287593 ) ) ;
#2959 = EDGE_CURVE ( 'NONE', #2289, #2835, #1757, .T. ) ;
#2960 = VERTEX_POINT ( 'NONE', #3046 ) ;
#2961 = VERTEX_POINT ( 'NONE', #753 ) ;
#2962 = CARTESIAN_POINT ( 'NONE',  ( -6.490628035480971530E-15, 45.00000000000000000, -12.50000000000000000 ) ) ;
#2963 = CARTESIAN_POINT ( 'NONE',  ( 12.42423584141003978, -31.33666753773941238, 1.384103369784997151 ) ) ;
#2964 = CARTESIAN_POINT ( 'NONE',  ( -0.5232106911776946978, 29.46384266713855027, 12.48912819291710541 ) ) ;
#2965 = CARTESIAN_POINT ( 'NONE',  ( 5.000000000000000000, 48.76242646585945550, 11.45643923738960446 ) ) ;
#2966 = CARTESIAN_POINT ( 'NONE',  ( -3.246703485572016934, 31.91013578552166052, 12.07256515986861523 ) ) ;
#2967 = DIRECTION ( 'NONE',  ( 0.000000000000000000, 8.881784197001252323E-15, 1.000000000000000000 ) ) ;
#2968 = CARTESIAN_POINT ( 'NONE',  ( 12.12224613910771254, -31.85395316288373024, 3.055342693378657604 ) ) ;
#2969 = EDGE_CURVE ( 'NONE', #917, #689, #1341, .T. ) ;
#2970 = CIRCLE ( 'NONE', #696, 5.000000000000000000 ) ;
#2971 = CARTESIAN_POINT ( 'NONE',  ( 6.333090507429262495, 51.50359712767782128, 10.77870212114591197 ) ) ;
#2972 = CARTESIAN_POINT ( 'NONE',  ( 1.405831036269086010, 30.51974311405041718, 12.42120025654694082 ) ) ;
#2973 = ORIENTED_EDGE ( 'NONE', *, *, #35, .F. ) ;
#2974 = CARTESIAN_POINT ( 'NONE',  ( -4.000000000000000000, 3.000000000000002665, -11.84271928232701221 ) ) ;
#2975 = CARTESIAN_POINT ( 'NONE',  ( 10.34567916792813236, -50.87846184973576413, 7.017915331441022531 ) ) ;
#2976 = CARTESIAN_POINT ( 'NONE',  ( -12.29208428082059967, -2.943932397590962147, 2.278700861452770177 ) ) ;
#2977 = AXIS2_PLACEMENT_3D ( 'NONE', #248, #1403, #2038 ) ;
#2978 = EDGE_LOOP ( 'NONE', ( #2276, #350 ) ) ;
#2979 = VECTOR ( 'NONE', #291, 1000.000000000000000 ) ;
#2980 = VERTEX_POINT ( 'NONE', #3550 ) ;
#2981 = CARTESIAN_POINT ( 'NONE',  ( 7.194132920777986051, 47.71884848043040961, -10.22397447376382296 ) ) ;
#2982 = FACE_OUTER_BOUND ( 'NONE', #1295, .T. ) ;
#2983 = AXIS2_PLACEMENT_3D ( 'NONE', #842, #3712, #2008 ) ;
#2984 = ADVANCED_FACE ( 'NONE', ( #1568 ), #2485, .T. ) ;
#2985 = CARTESIAN_POINT ( 'NONE',  ( 0.8625436909129614582, 4.431522756916369765, 12.47052934731761731 ) ) ;
#2986 = ORIENTED_EDGE ( 'NONE', *, *, #2493, .F. ) ;
#2987 = CARTESIAN_POINT ( 'NONE',  ( 10.94628655939844464, 48.42431450644168933, 6.035846146654270328 ) ) ;
#2988 = CARTESIAN_POINT ( 'NONE',  ( 4.932818701414170448, 2.025710935554092096, -11.48566882387563837 ) ) ;
#2989 = CARTESIAN_POINT ( 'NONE',  ( 12.45993579437711318, -29.00000000000000000, -1.000000000000000000 ) ) ;
#2990 = DIRECTION ( 'NONE',  ( 0.000000000000000000, 0.000000000000000000, 1.000000000000000000 ) ) ;
#2991 = CIRCLE ( 'NONE', #1679, 1.500000000000001332 ) ;
#2992 = CARTESIAN_POINT ( 'NONE',  ( -1.311540307143527651, 4.653988984833466347, 12.43124541192992183 ) ) ;
#2993 = CARTESIAN_POINT ( 'NONE',  ( 1.157372252901219811, 29.97930008908796751, 12.44654530129164982 ) ) ;
#2994 = ORIENTED_EDGE ( 'NONE', *, *, #3496, .T. ) ;
#2995 = EDGE_CURVE ( 'NONE', #45, #1265, #2629, .T. ) ;
#2996 = LINE ( 'NONE', #3015, #3522 ) ;
#2997 = CARTESIAN_POINT ( 'NONE',  ( 9.164899467468810457, -51.76952750058578090, 8.503186103979945898 ) ) ;
#2998 = CARTESIAN_POINT ( 'NONE',  ( -12.38324591824119913, -3.341015698081827079, 1.712483258192835089 ) ) ;
#2999 = AXIS2_PLACEMENT_3D ( 'NONE', #1659, #3566, #2149 ) ;
#3000 = ADVANCED_FACE ( 'NONE', ( #2711 ), #132, .F. ) ;
#3001 = ORIENTED_EDGE ( 'NONE', *, *, #2431, .F. ) ;
#3002 = ORIENTED_EDGE ( 'NONE', *, *, #1716, .F. ) ;
#3003 = CYLINDRICAL_SURFACE ( 'NONE', #1839, 12.50000000000000000 ) ;
#3004 = CARTESIAN_POINT ( 'NONE',  ( -12.24392902302150965, -31.61860506102814128, -2.522820760758091030 ) ) ;
#3005 = EDGE_LOOP ( 'NONE', ( #1481, #3510, #411, #1478 ) ) ;
#3006 = CARTESIAN_POINT ( 'NONE',  ( 9.083303362050530794, 50.04145959961134338, -8.587946342357405172 ) ) ;
#3007 = CARTESIAN_POINT ( 'NONE',  ( 5.532654515499470627, 1.419484389828624238, -11.21018029162760854 ) ) ;
#3008 = PLANE ( 'NONE',  #2784 ) ;
#3009 = CARTESIAN_POINT ( 'NONE',  ( -12.46265152086180095, -30.77492058349088921, -0.9744646605799669459 ) ) ;
#3010 = ORIENTED_EDGE ( 'NONE', *, *, #542, .T. ) ;
#3011 = CARTESIAN_POINT ( 'NONE',  ( -7.750797054728708169, 2.946869013742383636, -9.806892784135332164 ) ) ;
#3012 = DIRECTION ( 'NONE',  ( -0.000000000000000000, 1.000000000000000000, -9.000095224099380108E-15 ) ) ;
#3013 = VERTEX_POINT ( 'NONE', #3587 ) ;
#3014 = B_SPLINE_CURVE_WITH_KNOTS ( 'NONE', 3,
 ( #1324, #2754, #475, #1628, #2734, #173, #190, #2789, #1345, #1078, #776, #2714, #3626, #2213, #3082, #135, #3647, #2230, #3572, #2157, #719, #3011, #491, #2487, #3295, #208, #439, #3591, #1867, #154, #1308, #2452, #1025, #2174, #1888, #269, #1384, #832, #527, #2578 ),
 .UNSPECIFIED., .F., .F.,
 ( 4, 2, 2, 2, 2, 2, 2, 2, 2, 2, 2, 2, 2, 2, 2, 2, 2, 2, 2, 4 ),
 ( 0.000000000000000000, 0.0003013219635432017800, 0.0006026439270864035599, 0.001205287854172808421, 0.001807931781259213173, 0.002410575708345618576, 0.003013219635432023112, 0.003615863562518427648, 0.004218507489604832184, 0.004519829453148035102, 0.004821151416691238020, 0.005423795343777642990, 0.006026439270864049694, 0.006629083197950454663, 0.007231727125036860500, 0.007834371052123267204, 0.008437014979209671306, 0.009039658906296078877, 0.009340980869839280928, 0.009642302833382484714 ),
 .UNSPECIFIED. ) ;
#3015 = CARTESIAN_POINT ( 'NONE',  ( 0.9999999999999974465, 6.000000000000005329, -12.50000000000000000 ) ) ;
#3016 = DIRECTION ( 'NONE',  ( 0.000000000000000000, 1.000000000000000000, 0.000000000000000000 ) ) ;
#3017 = CARTESIAN_POINT ( 'NONE',  ( -12.47046141535685493, -4.429800060369633030, 0.8634959952463293620 ) ) ;
#3018 = ADVANCED_FACE ( 'NONE', ( #2171 ), #3008, .F. ) ;
#3019 = VECTOR ( 'NONE', #3029, 1000.000000000000000 ) ;
#3020 = CARTESIAN_POINT ( 'NONE',  ( 8.000000000000000000, -49.00000000000000000, -0.2500000000000002220 ) ) ;
#3021 = ORIENTED_EDGE ( 'NONE', *, *, #2823, .T. ) ;
#3022 = PRESENTATION_STYLE_ASSIGNMENT (( #429 ) ) ;
#3023 = DIRECTION ( 'NONE',  ( 0.000000000000000000, -0.000000000000000000, 1.000000000000000000 ) ) ;
#3024 = CIRCLE ( 'NONE', #500, 12.50000000000000000 ) ;
#3025 = EDGE_CURVE ( 'NONE', #2460, #2142, #1003, .T. ) ;
#3026 = B_SPLINE_CURVE_WITH_KNOTS ( 'NONE', 3,
 ( #2236, #216, #3341, #3653, #1635, #235, #1084, #3379, #805, #516, #1953, #3090, #1391, #2780, #1896, #200, #1671, #3669 ),
 .UNSPECIFIED., .F., .F.,
 ( 4, 2, 2, 2, 2, 2, 2, 2, 4 ),
 ( 2.637977740025101358E-18, 0.0006918256289551175586, 0.001383651257910232515, 0.002075476886865347363, 0.002767302515820462428, 0.003459128144775577059, 0.004150953773730692992, 0.004842779402685809358, 0.005534605031640925724 ),
 .UNSPECIFIED. ) ;
#3027 = FACE_OUTER_BOUND ( 'NONE', #1249, .T. ) ;
#3028 = CARTESIAN_POINT ( 'NONE',  ( 9.260171119248802540, 48.18080233452881345, -8.396804768857050405 ) ) ;
#3029 = DIRECTION ( 'NONE',  ( 1.000000000000000000, -0.000000000000000000, -0.000000000000000000 ) ) ;
#3030 = CARTESIAN_POINT ( 'NONE',  ( 0.5232156341741084349, 29.46497126518823251, 12.48913036041778213 ) ) ;
#3031 = CARTESIAN_POINT ( 'NONE',  ( 8.684926263411059111, 51.92561599817236839, 8.993016044581834123 ) ) ;
#3032 = CARTESIAN_POINT ( 'NONE',  ( -10.83850298422407654, -30.74015514412834804, -6.230339181691681993 ) ) ;
#3033 = ORIENTED_EDGE ( 'NONE', *, *, #3475, .T. ) ;
#3034 = DIRECTION ( 'NONE',  ( 1.125011903012444010E-15, 1.000000000000000000, 0.000000000000000000 ) ) ;
#3035 = CARTESIAN_POINT ( 'NONE',  ( 8.517969033865282924, -51.96005525248325796, 9.151393378862923811 ) ) ;
#3036 = CARTESIAN_POINT ( 'NONE',  ( 0.9999999999999965583, 29.00000000000000000, -12.50000000000000000 ) ) ;
#3037 = ORIENTED_EDGE ( 'NONE', *, *, #1804, .F. ) ;
#3038 = DIRECTION ( 'NONE',  ( 0.000000000000000000, 4.713922489067411487E-18, -1.000000000000000000 ) ) ;
#3039 = ORIENTED_EDGE ( 'NONE', *, *, #2246, .F. ) ;
#3040 = CARTESIAN_POINT ( 'NONE',  ( 6.699268376241300338, 48.24485770844398047, -10.55334275326476146 ) ) ;
#3041 = DIRECTION ( 'NONE',  ( 0.000000000000000000, 0.000000000000000000, 1.000000000000000000 ) ) ;
#3042 = VERTEX_POINT ( 'NONE', #3291 ) ;
#3043 = EDGE_CURVE ( 'NONE', #3688, #332, #1603, .T. ) ;
#3044 = CARTESIAN_POINT ( 'NONE',  ( 6.553983915111540881, 49.45565315557388431, -10.64463134152490653 ) ) ;
#3045 = AXIS2_PLACEMENT_3D ( 'NONE', #2774, #3356, #1387 ) ;
#3046 = CARTESIAN_POINT ( 'NONE',  ( 4.770980054225089084, 3.000000000000002665, 11.55368985745187693 ) ) ;
#3047 = EDGE_CURVE ( 'NONE', #2785, #162, #3435, .T. ) ;
#3048 = CARTESIAN_POINT ( 'NONE',  ( 9.958807340907121386, -31.48604771166289851, 7.555211415797046470 ) ) ;
#3049 = CARTESIAN_POINT ( 'NONE',  ( 11.00000000000000178, 49.00000000000000000, 5.937171043518958413 ) ) ;
#3050 = DIRECTION ( 'NONE',  ( 0.000000000000000000, 1.000000000000000000, 0.000000000000000000 ) ) ;
#3051 = ORIENTED_EDGE ( 'NONE', *, *, #2706, .T. ) ;
#3052 = LINE ( 'NONE', #818, #2018 ) ;
#3053 = DIRECTION ( 'NONE',  ( 1.776356839400250465E-15, 0.000000000000000000, 1.000000000000000000 ) ) ;
#3054 = CARTESIAN_POINT ( 'NONE',  ( 10.96597363979844886, -48.53478180844962964, 5.999851884682335879 ) ) ;
#3055 = CARTESIAN_POINT ( 'NONE',  ( -12.48912819291711251, -29.46384266713856093, 0.5232106911776882585 ) ) ;
#3056 = ORIENTED_EDGE ( 'NONE', *, *, #1115, .F. ) ;
#3057 = ORIENTED_EDGE ( 'NONE', *, *, #1171, .T. ) ;
#3058 = CARTESIAN_POINT ( 'NONE',  ( 6.499999999999999112, 49.00000000000000000, 0.2500000000000002220 ) ) ;
#3059 = DIRECTION ( 'NONE',  ( -1.000000000000000000, 0.000000000000000000, 0.000000000000000000 ) ) ;
#3060 = ORIENTED_EDGE ( 'NONE', *, *, #1734, .T. ) ;
#3061 = DIRECTION ( 'NONE',  ( 0.000000000000000000, -1.000000000000000000, 0.000000000000000000 ) ) ;
#3062 = EDGE_CURVE ( 'NONE', #3380, #3445, #865, .T. ) ;
#3063 = CARTESIAN_POINT ( 'NONE',  ( -11.54667456130617609, -32.60050626538565410, -4.787968713788615105 ) ) ;
#3064 = CARTESIAN_POINT ( 'NONE',  ( 10.63311709584639964, -33.72468480871663843, 6.574745507022259794 ) ) ;
#3065 = CARTESIAN_POINT ( 'NONE',  ( 9.008009655694594997, 51.83059525349329277, 8.669373900225235019 ) ) ;
#3066 = LINE ( 'NONE', #1325, #455 ) ;
#3067 = ORIENTED_EDGE ( 'NONE', *, *, #3602, .T. ) ;
#3068 = DIRECTION ( 'NONE',  ( 0.000000000000000000, 9.000095224099380108E-15, 1.000000000000000000 ) ) ;
#3069 = CARTESIAN_POINT ( 'NONE',  ( 7.201030405492904407, 3.923642662010811577, -10.21855009435866357 ) ) ;
#3070 = CARTESIAN_POINT ( 'NONE',  ( 3.999999999999994671, 32.00000000000000000, -12.50000000000000000 ) ) ;
#3071 = CARTESIAN_POINT ( 'NONE',  ( 1.382271808924407042, 3.665402235649316331, 12.42443616589256195 ) ) ;
#3072 = ORIENTED_EDGE ( 'NONE', *, *, #75, .F. ) ;
#3073 = EDGE_LOOP ( 'NONE', ( #553, #668, #2658, #3263 ) ) ;
#3074 = CARTESIAN_POINT ( 'NONE',  ( 11.12409803628527882, -33.65878529243543937, -5.704655636335052904 ) ) ;
#3075 = AXIS2_PLACEMENT_3D ( 'NONE', #2942, #960, #1521 ) ;
#3076 = VERTEX_POINT ( 'NONE', #2279 ) ;
#3077 = VECTOR ( 'NONE', #854, 1000.000000000000000 ) ;
#3078 = CARTESIAN_POINT ( 'NONE',  ( -12.50000000000000000, -29.00000000000000000, -1.000000000000000000 ) ) ;
#3079 = CARTESIAN_POINT ( 'NONE',  ( 1.710124509001943682, 31.65693768075006886, -12.38356828857486747 ) ) ;
#3080 = CARTESIAN_POINT ( 'NONE',  ( 11.12494528509018288, -30.84188500552410872, 5.702992712916771900 ) ) ;
#3081 = CARTESIAN_POINT ( 'NONE',  ( -12.48999599679679839, -29.00000000000000000, -0.5000000000000000000 ) ) ;
#3082 = CARTESIAN_POINT ( 'NONE',  ( -7.198146685819368784, 1.574070863719672309, -10.22058363603897213 ) ) ;
#3083 = LINE ( 'NONE', #1346, #3571 ) ;
#3084 = ORIENTED_EDGE ( 'NONE', *, *, #264, .T. ) ;
#3085 = ADVANCED_FACE ( 'NONE', ( #506 ), #1978, .F. ) ;
#3086 = CARTESIAN_POINT ( 'NONE',  ( 12.48492445236219339, -5.078518200587802234, -0.6154617601134827476 ) ) ;
#3087 = CARTESIAN_POINT ( 'NONE',  ( 4.770980054225089084, 3.000000000000002665, -11.55368985745187693 ) ) ;
#3088 = B_SPLINE_CURVE_WITH_KNOTS ( 'NONE', 3,
 ( #2511, #2811, #800, #211, #232, #1366, #3650, #2233, #835, #338, #945, #1786, #2390, #3531, #1489, #1825, #656, #2709 ),
 .UNSPECIFIED., .F., .F.,
 ( 4, 2, 2, 2, 2, 2, 2, 2, 4 ),
 ( 8.673617379884035472E-19, 0.0005938530314971832060, 0.001187706062994365545, 0.001781559094491547666, 0.002375412125988730222, 0.002969265157485912777, 0.003563118188983095767, 0.004156971220480277888, 0.004750824251977461311 ),
 .UNSPECIFIED. ) ;
#3089 = CARTESIAN_POINT ( 'NONE',  ( -0.5000000000000038858, 29.00000000000000000, 12.48999599679679839 ) ) ;
#3090 = CARTESIAN_POINT ( 'NONE',  ( 0.9744646605799667238, 4.225079416509117003, -12.46265152086179739 ) ) ;
#3091 = VERTEX_POINT ( 'NONE', #2227 ) ;
#3092 = EDGE_CURVE ( 'NONE', #845, #3257, #2277, .T. ) ;
#3093 = DIRECTION ( 'NONE',  ( 0.000000000000000000, 0.000000000000000000, 1.000000000000000000 ) ) ;
#3094 = CARTESIAN_POINT ( 'NONE',  ( 5.000000000000000000, -49.00000000000000000, 4.000000000000000000 ) ) ;
#3095 = AXIS2_PLACEMENT_3D ( 'NONE', #1096, #3665, #1385 ) ;
#3096 = ORIENTED_EDGE ( 'NONE', *, *, #1446, .F. ) ;
#3097 = CARTESIAN_POINT ( 'NONE',  ( 0.000000000000000000, -2.500000000000002220, 0.000000000000000000 ) ) ;
#3098 = EDGE_CURVE ( 'NONE', #1143, #2183, #616, .T. ) ;
#3099 = AXIS2_PLACEMENT_3D ( 'NONE', #55, #3175, #3474 ) ;
#3100 = FACE_OUTER_BOUND ( 'NONE', #2691, .T. ) ;
#3101 = VECTOR ( 'NONE', #785, 1000.000000000000000 ) ;
#3102 = CARTESIAN_POINT ( 'NONE',  ( 10.22058363603898634, -31.07407086371969385, 7.198146685819361679 ) ) ;
#3103 = CARTESIAN_POINT ( 'NONE',  ( 12.45993579437711496, -29.00000000000000000, 1.000000000000000000 ) ) ;
#3104 = APPLICATION_PROTOCOL_DEFINITION ( 'draft international standard', 'automotive_design', 1998, #1377 ) ;
#3105 = CARTESIAN_POINT ( 'NONE',  ( -7.200961024264228350, 1.575967456486343288, 10.21862456564308275 ) ) ;
#3106 = DIRECTION ( 'NONE',  ( -0.000000000000000000, -0.000000000000000000, 1.000000000000000000 ) ) ;
#3107 = DIRECTION ( 'NONE',  ( -0.000000000000000000, -0.000000000000000000, 1.000000000000000000 ) ) ;
#3108 = EDGE_CURVE ( 'NONE', #3076, #1496, #1582, .T. ) ;
#3109 = CYLINDRICAL_SURFACE ( 'NONE', #1159, 1.500000000000001332 ) ;
#3110 = CARTESIAN_POINT ( 'NONE',  ( -12.35804545169544255, -3.198977817348596098, -1.888684029851526613 ) ) ;
#3111 = ORIENTED_EDGE ( 'NONE', *, *, #1458, .T. ) ;
#3112 = DIRECTION ( 'NONE',  ( 0.000000000000000000, -0.000000000000000000, 1.000000000000000000 ) ) ;
#3113 = DIRECTION ( 'NONE',  ( -1.000000000000000000, 0.000000000000000000, 0.000000000000000000 ) ) ;
#3114 = ADVANCED_FACE ( 'NONE', ( #3100 ), #1359, .F. ) ;
#3115 = VECTOR ( 'NONE', #370, 1000.000000000000000 ) ;
#3116 = ORIENTED_EDGE ( 'NONE', *, *, #1416, .F. ) ;
#3117 = CARTESIAN_POINT ( 'NONE',  ( 8.734167640957885226, -50.31918212551661185, -8.944909925257547911 ) ) ;
#3118 = CARTESIAN_POINT ( 'NONE',  ( -9.807522622966521553, -32.25000000000000000, -7.749999999999994671 ) ) ;
#3119 = CARTESIAN_POINT ( 'NONE',  ( 11.54666593401594454, -32.60062986625773362, 4.787989606149201549 ) ) ;
#3120 = PRODUCT_RELATED_PRODUCT_CATEGORY ( 'part', '', ( #2591 ) ) ;
#3121 = CARTESIAN_POINT ( 'NONE',  ( 11.90693265959579428, -3.000000000000002220, 3.809884749708929874 ) ) ;
#3122 = CARTESIAN_POINT ( 'NONE',  ( -12.45993579437711318, -6.000000000000001776, -1.000000000000000444 ) ) ;
#3123 = CARTESIAN_POINT ( 'NONE',  ( -5.089807603680047698, 3.720853737408460482, 11.41740255862264064 ) ) ;
#3124 = ORIENTED_EDGE ( 'NONE', *, *, #981, .F. ) ;
#3125 = CARTESIAN_POINT ( 'NONE',  ( 12.16044286093255877, -2.669004807411615499, -2.901761471833689932 ) ) ;
#3126 = CARTESIAN_POINT ( 'NONE',  ( 5.227623226692794667, 3.863553487218303051, -11.35564587052140517 ) ) ;
#3127 = DIRECTION ( 'NONE',  ( 1.000000000000000000, 0.000000000000000000, 0.000000000000000000 ) ) ;
#3128 = CARTESIAN_POINT ( 'NONE',  ( 7.739780459708219595, 2.548715308502306875, 9.815622173953443053 ) ) ;
#3129 = ORIENTED_EDGE ( 'NONE', *, *, #1696, .T. ) ;
#3130 = CARTESIAN_POINT ( 'NONE',  ( 0.000000000000000000, -53.00000000000000000, 12.50000000000000000 ) ) ;
#3131 = LINE ( 'NONE', #556, #1280 ) ;
#3132 = ADVANCED_FACE ( 'NONE', ( #1075 ), #3404, .F. ) ;
#3133 = B_SPLINE_CURVE_WITH_KNOTS ( 'NONE', 3,
 ( #704, #1571, #100, #44, #82, #2936, #1773, #3219, #645, #1190, #3480, #380, #912, #2059, #362, #2953, #2657, #2396 ),
 .UNSPECIFIED., .F., .F.,
 ( 4, 2, 2, 2, 2, 2, 2, 2, 4 ),
 ( 1.788112030672749005E-18, 0.0006918256289551179923, 0.001383651257910234250, 0.002075476886865350399, 0.002767302515820466765, 0.003459128144775583131, 0.004150953773730699063, 0.004842779402685815429, 0.005534605031640931795 ),
 .UNSPECIFIED. ) ;
#3134 = ORIENTED_EDGE ( 'NONE', *, *, #124, .F. ) ;
#3135 = VERTEX_POINT ( 'NONE', #1941 ) ;
#3136 = DIRECTION ( 'NONE',  ( 0.000000000000000000, 1.000000000000000000, 0.000000000000000000 ) ) ;
#3137 = EDGE_CURVE ( 'NONE', #2176, #2408, #2659, .T. ) ;
#3138 = AXIS2_PLACEMENT_3D ( 'NONE', #33, #2016, #2000 ) ;
#3139 = B_SPLINE_CURVE_WITH_KNOTS ( 'NONE', 3,
 ( #3679, #793, #489, #507, #3605, #3333, #1943, #1382, #3080, #189, #3405, #2523, #1962, #1076, #3102, #814, #3048, #1343, #473, #830, #775, #1109, #1642, #1980, #207, #3624, #1926, #2788, #3064, #2261, #2486, #171, #1361, #2505, #3645, #754, #1058, #1627, #3119, #544 ),
 .UNSPECIFIED., .F., .F.,
 ( 4, 2, 2, 2, 2, 2, 2, 2, 2, 2, 2, 2, 2, 2, 2, 2, 2, 2, 2, 4 ),
 ( 0.000000000000000000, 0.0003013219635431970637, 0.0006026439270863941274, 0.001205287854172786954, 0.001807931781259179997, 0.002410575708345572606, 0.003013219635431965433, 0.003615863562518358693, 0.004218507489604744580, 0.004519829453147937957, 0.004821151416691132202, 0.005423795343777539774, 0.006026439270863948212, 0.006629083197950356651, 0.007231727125036763355, 0.007834371052123171794, 0.008437014979209579366, 0.009039658906295988672, 0.009340980869839183784, 0.009642302833382377161 ),
 .UNSPECIFIED. ) ;
#3140 = CARTESIAN_POINT ( 'NONE',  ( 3.557352378179052366, 32.47915183644249026, -11.98530761904896558 ) ) ;
#3141 = AXIS2_PLACEMENT_3D ( 'NONE', #2526, #247, #2037 ) ;
#3142 = CARTESIAN_POINT ( 'NONE',  ( 1.759195886242283624, 3.995585528234162354, 12.37641014440913168 ) ) ;
#3143 = CARTESIAN_POINT ( 'NONE',  ( 12.30646342865237486, -3.593918594808047207, 2.197467749649373303 ) ) ;
#3144 = PRODUCT_CONTEXT ( 'NONE', #1514, 'mechanical' ) ;
#3145 = CARTESIAN_POINT ( 'NONE',  ( 12.49749974994998780, 45.00000000000000711, -0.2500000000000000555 ) ) ;
#3146 = CARTESIAN_POINT ( 'NONE',  ( 12.45993579437711141, -29.20078131043234393, 1.000000000000003997 ) ) ;
#3147 = DIRECTION ( 'NONE',  ( 1.000000000000000000, -0.000000000000000000, -0.000000000000000000 ) ) ;
#3148 = CARTESIAN_POINT ( 'NONE',  ( -6.490628035480971530E-15, -45.00000000000000000, -12.50000000000000000 ) ) ;
#3149 = ORIENTED_EDGE ( 'NONE', *, *, #1024, .T. ) ;
#3150 = DIRECTION ( 'NONE',  ( -0.000000000000000000, -0.000000000000000000, 1.000000000000000000 ) ) ;
#3151 = FACE_OUTER_BOUND ( 'NONE', #926, .T. ) ;
#3152 = ORIENTED_EDGE ( 'NONE', *, *, #1625, .T. ) ;
#3153 = ORIENTED_EDGE ( 'NONE', *, *, #309, .T. ) ;
#3154 = LINE ( 'NONE', #282, #2643 ) ;
#3155 = VECTOR ( 'NONE', #3393, 1000.000000000000000 ) ;
#3156 = CARTESIAN_POINT ( 'NONE',  ( -6.250000000000002665, 2.750000000000002665, -12.50000000000000000 ) ) ;
#3157 = ADVANCED_FACE ( 'NONE', ( #2839 ), #2521, .F. ) ;
#3158 = AXIS2_PLACEMENT_3D ( 'NONE', #1333, #3616, #2477 ) ;
#3159 = DIRECTION ( 'NONE',  ( 0.000000000000000000, 0.000000000000000000, -1.000000000000000000 ) ) ;
#3160 = VECTOR ( 'NONE', #2651, 1000.000000000000000 ) ;
#3161 = CARTESIAN_POINT ( 'NONE',  ( 12.24334387746706732, -3.380006183829173949, 2.525556835550718748 ) ) ;
#3162 = CARTESIAN_POINT ( 'NONE',  ( 4.770980054225089084, 2.500000000000003997, -11.55368985745187693 ) ) ;
#3163 = CARTESIAN_POINT ( 'NONE',  ( 12.43124541192992361, -30.34601101516653898, 1.311540307143532758 ) ) ;
#3164 = VECTOR ( 'NONE', #3150, 1000.000000000000000 ) ;
#3165 = CARTESIAN_POINT ( 'NONE',  ( -12.50000000000000000, -32.25000000000000000, -6.250000000000000000 ) ) ;
#3166 = CARTESIAN_POINT ( 'NONE',  ( 7.670032637423721766, 2.257209116243189317, 9.870300859728226683 ) ) ;
#3167 = ORIENTED_EDGE ( 'NONE', *, *, #53, .F. ) ;
#3168 = FACE_OUTER_BOUND ( 'NONE', #741, .T. ) ;
#3169 = CARTESIAN_POINT ( 'NONE',  ( -10.32253362682746101, -33.52927603730654482, 7.051952603454997082 ) ) ;
#3170 = ORIENTED_EDGE ( 'NONE', *, *, #1458, .F. ) ;
#3171 = ORIENTED_EDGE ( 'NONE', *, *, #330, .T. ) ;
#3172 = FACE_OUTER_BOUND ( 'NONE', #1794, .T. ) ;
#3173 = CARTESIAN_POINT ( 'NONE',  ( 7.194557070380216857, -50.28150323392008403, -10.22368523251859074 ) ) ;
#3174 = PLANE ( 'NONE',  #2003 ) ;
#3175 = DIRECTION ( 'NONE',  ( -0.000000000000000000, -1.000000000000000000, -0.000000000000000000 ) ) ;
#3176 = VECTOR ( 'NONE', #451, 1000.000000000000000 ) ;
#3177 = LINE ( 'NONE', #377, #1213 ) ;
#3178 = EDGE_LOOP ( 'NONE', ( #2716, #3449, #3170, #1895 ) ) ;
#3179 = FACE_OUTER_BOUND ( 'NONE', #2068, .T. ) ;
#3180 = CARTESIAN_POINT ( 'NONE',  ( 9.146134535278115152, -48.02763602907911888, -8.520875691304453881 ) ) ;
#3181 = ORIENTED_EDGE ( 'NONE', *, *, #80, .F. ) ;
#3182 = DIRECTION ( 'NONE',  ( 0.000000000000000000, 1.000000000000000000, 0.000000000000000000 ) ) ;
#3183 = CARTESIAN_POINT ( 'NONE',  ( -1.000000000000003553, 29.00000000000000000, -12.45993579437711318 ) ) ;
#3184 = ORIENTED_EDGE ( 'NONE', *, *, #810, .T. ) ;
#3185 = CYLINDRICAL_SURFACE ( 'NONE', #580, 12.50000000000000000 ) ;
#3186 = CARTESIAN_POINT ( 'NONE',  ( -9.958807340907117833, -33.01395228833710860, 7.555211415797045582 ) ) ;
#3187 = ORIENTED_EDGE ( 'NONE', *, *, #2077, .T. ) ;
#3188 = VERTEX_POINT ( 'NONE', #2051 ) ;
#3189 = CARTESIAN_POINT ( 'NONE',  ( -12.39397753572420768, -4.151986884631019059, 1.628464786153791533 ) ) ;
#3190 = CARTESIAN_POINT ( 'NONE',  ( 7.750000000000014211, 2.750000000000000888, 9.807522622966505566 ) ) ;
#3191 = CARTESIAN_POINT ( 'NONE',  ( -12.45993579437711318, -29.00000000000000000, 1.000000000000000000 ) ) ;
#3192 = CIRCLE ( 'NONE', #1196, 3.000000000000000000 ) ;
#3193 = FACE_OUTER_BOUND ( 'NONE', #1102, .T. ) ;
#3194 = CARTESIAN_POINT ( 'NONE',  ( 2.040828643371749074, 3.719533370946805029, 12.33309842161321335 ) ) ;
#3195 = VECTOR ( 'NONE', #1205, 1000.000000000000000 ) ;
#3196 = DIRECTION ( 'NONE',  ( -0.000000000000000000, -0.000000000000000000, 1.000000000000000000 ) ) ;
#3197 = CARTESIAN_POINT ( 'NONE',  ( 6.756678895045294730, -48.15423437046558774, -10.51681450781166838 ) ) ;
#3198 = VECTOR ( 'NONE', #2876, 1000.000000000000000 ) ;
#3199 = CARTESIAN_POINT ( 'NONE',  ( -2.478511834130736169, 2.839911613841928251, -12.25369393517421557 ) ) ;
#3200 = CARTESIAN_POINT ( 'NONE',  ( 2.696610625404023853, 31.70898545973901150, 12.20705785871649773 ) ) ;
#3201 = ORIENTED_EDGE ( 'NONE', *, *, #2934, .F. ) ;
#3202 = EDGE_CURVE ( 'NONE', #1214, #1617, #2360, .T. ) ;
#3203 = DIRECTION ( 'NONE',  ( 0.000000000000000000, 8.881784197001252323E-15, 1.000000000000000000 ) ) ;
#3204 = CARTESIAN_POINT ( 'NONE',  ( -9.848005524144481271, -32.65209796737902792, 7.698535513953538079 ) ) ;
#3205 = VERTEX_POINT ( 'NONE', #3191 ) ;
#3206 = ORIENTED_EDGE ( 'NONE', *, *, #124, .T. ) ;
#3207 = CARTESIAN_POINT ( 'NONE',  ( -11.90693847395054839, -3.000000000000002220, 3.809867535266133309 ) ) ;
#3208 = CARTESIAN_POINT ( 'NONE',  ( 12.48492445236219339, -29.92148179941220576, 0.6154617601134801941 ) ) ;
#3209 = B_SPLINE_CURVE_WITH_KNOTS ( 'NONE', 3,
 ( #1300, #2446, #3308, #733, #1600, #2574, #1378, #2295, #863, #1747, #2538, #3676, #596, #2875, #2241, #1089, #2552, #3452 ),
 .UNSPECIFIED., .F., .F.,
 ( 4, 2, 2, 2, 2, 2, 2, 2, 4 ),
 ( 0.000000000000000000, 0.0005938530314971816881, 0.001187706062994363376, 0.001781559094491545064, 0.002375412125988726753, 0.002969265157485908441, 0.003563118188983090129, 0.004156971220480271817, 0.004750824251977453505 ),
 .UNSPECIFIED. ) ;
#3210 = FACE_BOUND ( 'NONE', #3520, .T. ) ;
#3211 = ADVANCED_FACE ( 'NONE', ( #1524 ), #2091, .F. ) ;
#3212 = CARTESIAN_POINT ( 'NONE',  ( -12.50000000000000000, -32.50000000000000000, 4.770980054225103295 ) ) ;
#3213 = CARTESIAN_POINT ( 'NONE',  ( 1.632432602011766543, 4.146802508787476249, 12.39346334248948267 ) ) ;
#3214 = CARTESIAN_POINT ( 'NONE',  ( 2.698009041175389644, 31.70974071204653910, -12.20676672984231814 ) ) ;
#3215 = VECTOR ( 'NONE', #3107, 1000.000000000000000 ) ;
#3216 = CARTESIAN_POINT ( 'NONE',  ( 7.699979327725364975, 3.146889524085537015, -9.846875574459627245 ) ) ;
#3217 = CIRCLE ( 'NONE', #1845, 12.50000000000000000 ) ;
#3218 = CARTESIAN_POINT ( 'NONE',  ( -3.242645323653436495, 3.090807801841750191, 12.07368272414061572 ) ) ;
#3219 = CARTESIAN_POINT ( 'NONE',  ( -1.895245351296563241, 3.194215299845900358, 12.35701657525680019 ) ) ;
#3220 = ORIENTED_EDGE ( 'NONE', *, *, #981, .T. ) ;
#3221 = CARTESIAN_POINT ( 'NONE',  ( 12.42443616589256017, -3.665402235649315443, 1.382271808924406598 ) ) ;
#3222 = AXIS2_PLACEMENT_3D ( 'NONE', #628, #1156, #328 ) ;
#3223 = CARTESIAN_POINT ( 'NONE',  ( 10.52639506949278747, -33.67683235975960088, -6.743869961193405871 ) ) ;
#3224 = EDGE_CURVE ( 'NONE', #913, #1581, #3230, .T. ) ;
#3225 = VERTEX_POINT ( 'NONE', #2348 ) ;
#3226 = ORIENTED_EDGE ( 'NONE', *, *, #1530, .F. ) ;
#3227 = CARTESIAN_POINT ( 'NONE',  ( -12.45993579437711318, -6.000000000000001776, 1.000000000000000444 ) ) ;
#3228 = CARTESIAN_POINT ( 'NONE',  ( 7.557087572923706809, 3.510886292917649865, 9.957380666852360562 ) ) ;
#3229 = EDGE_CURVE ( 'NONE', #192, #3506, #3615, .T. ) ;
#3230 = LINE ( 'NONE', #371, #3198 ) ;
#3231 = CIRCLE ( 'NONE', #3294, 1.500000000000001332 ) ;
#3232 = CARTESIAN_POINT ( 'NONE',  ( 10.23357352432677914, 46.99020750157092152, 7.180873849296000699 ) ) ;
#3233 = CARTESIAN_POINT ( 'NONE',  ( -1.099420946476982630, 29.79164618571406820, 12.45162091521704362 ) ) ;
#3234 = CARTESIAN_POINT ( 'NONE',  ( -3.809867535266134642, 32.00000000000000000, -11.90693847395054661 ) ) ;
#3235 = CARTESIAN_POINT ( 'NONE',  ( -12.16044286093255877, -32.33099519258838939, -2.901761471833689932 ) ) ;
#3236 = ADVANCED_FACE ( 'NONE', ( #3529, #2944 ), #3174, .T. ) ;
#3237 = CARTESIAN_POINT ( 'NONE',  ( -1.628464786153790866, 4.151986884631022612, 12.39397753572420413 ) ) ;
#3238 = CARTESIAN_POINT ( 'NONE',  ( 12.45173230864228486, -5.213622796499024048, -1.098135538924650323 ) ) ;
#3239 = VERTEX_POINT ( 'NONE', #2014 ) ;
#3240 = DIRECTION ( 'NONE',  ( 0.000000000000000000, -1.000000000000000000, 0.000000000000000000 ) ) ;
#3241 = CARTESIAN_POINT ( 'NONE',  ( 7.627159061858565181, -52.00159732205314356, 9.913961229931620878 ) ) ;
#3242 = CARTESIAN_POINT ( 'NONE',  ( -9.955569284522804097, -31.49311690307879985, 7.559466830914798763 ) ) ;
#3243 = ORIENTED_EDGE ( 'NONE', *, *, #910, .F. ) ;
#3244 = VERTEX_POINT ( 'NONE', #1237 ) ;
#3245 = CARTESIAN_POINT ( 'NONE',  ( -12.45173230864228486, -5.213622796499024048, 1.098135538924650323 ) ) ;
#3246 = CARTESIAN_POINT ( 'NONE',  ( 12.16044286093255700, -32.33099519258838939, 2.901761471833693484 ) ) ;
#3247 = DIRECTION ( 'NONE',  ( -1.000000000000000000, 0.000000000000000000, 0.000000000000000000 ) ) ;
#3248 = ORIENTED_EDGE ( 'NONE', *, *, #1440, .F. ) ;
#3249 = EDGE_CURVE ( 'NONE', #3506, #1621, #138, .T. ) ;
#3250 = CARTESIAN_POINT ( 'NONE',  ( 9.459276284671455315, 46.37370605591523542, 8.174410702872535239 ) ) ;
#3251 = DIRECTION ( 'NONE',  ( 1.000000000000000000, -0.000000000000000000, -0.000000000000000000 ) ) ;
#3252 = CARTESIAN_POINT ( 'NONE',  ( 0.9999999999999965583, 29.00000000000000000, -12.45993579437711318 ) ) ;
#3253 = LINE ( 'NONE', #1830, #3516 ) ;
#3254 = VECTOR ( 'NONE', #1108, 1000.000000000000000 ) ;
#3255 = CYLINDRICAL_SURFACE ( 'NONE', #2188, 1.499999999999993561 ) ;
#3256 = CARTESIAN_POINT ( 'NONE',  ( -11.84271928232701399, -2.500000000000002665, -3.999999999999999112 ) ) ;
#3257 = VERTEX_POINT ( 'NONE', #1748 ) ;
#3258 = AXIS2_PLACEMENT_3D ( 'NONE', #3696, #791, #829 ) ;
#3259 = DIRECTION ( 'NONE',  ( 0.000000000000000000, 1.530638361156006492E-16, 1.000000000000000000 ) ) ;
#3260 = CARTESIAN_POINT ( 'NONE',  ( 4.000000000000000000, 3.000000000000002665, 11.84271928232701221 ) ) ;
#3261 = ADVANCED_FACE ( 'NONE', ( #91 ), #70, .F. ) ;
#3262 = FACE_BOUND ( 'NONE', #1538, .T. ) ;
#3263 = ORIENTED_EDGE ( 'NONE', *, *, #2431, .T. ) ;
#3264 = ORIENTED_EDGE ( 'NONE', *, *, #2604, .T. ) ;
#3265 = DIRECTION ( 'NONE',  ( 1.000000000000000000, 0.000000000000000000, 0.000000000000000000 ) ) ;
#3266 = CARTESIAN_POINT ( 'NONE',  ( 7.750000000000030198, 2.952757611299113627, 9.807522622966621029 ) ) ;
#3267 = CARTESIAN_POINT ( 'NONE',  ( -3.116336186049084578, 32.39404959923076888, 12.10746891143191917 ) ) ;
#3268 = ORIENTED_EDGE ( 'NONE', *, *, #472, .F. ) ;
#3269 = CARTESIAN_POINT ( 'NONE',  ( 10.80262689478531080, 47.91264575193060438, 6.291109875443425814 ) ) ;
#3270 = CARTESIAN_POINT ( 'NONE',  ( -1.158693683254494733, 29.98291761469717542, 12.44642090734302542 ) ) ;
#3271 = ADVANCED_FACE ( 'NONE', ( #1765, #3210 ), #2909, .T. ) ;
#3272 = CARTESIAN_POINT ( 'NONE',  ( 12.45162091521704539, -29.79164618571407175, -1.099420946476982186 ) ) ;
#3273 = CARTESIAN_POINT ( 'NONE',  ( -12.50000000000000000, -3.000000000000002665, 4.000000000000000888 ) ) ;
#3274 = VECTOR ( 'NONE', #3634, 1000.000000000000000 ) ;
#3275 = CARTESIAN_POINT ( 'NONE',  ( -0.9999999999999986677, 6.000000000000005329, 12.45993579437711496 ) ) ;
#3276 = CARTESIAN_POINT ( 'NONE',  ( 12.48999599679679662, -29.23389624670460663, -0.5000000000000003331 ) ) ;
#3277 = ORIENTED_EDGE ( 'NONE', *, *, #1266, .T. ) ;
#3278 = CYLINDRICAL_SURFACE ( 'NONE', #2153, 12.50000000000000000 ) ;
#3279 = CARTESIAN_POINT ( 'NONE',  ( 10.23487662905451145, -51.00840186342252025, 7.179038895236026896 ) ) ;
#3280 = CARTESIAN_POINT ( 'NONE',  ( 7.990772367756560079, -45.99444434956028971, 9.615206021203121622 ) ) ;
#3281 = CIRCLE ( 'NONE', #3099, 12.50000000000000000 ) ;
#3282 = ORIENTED_EDGE ( 'NONE', *, *, #838, .F. ) ;
#3283 = VECTOR ( 'NONE', #1752, 1000.000000000000000 ) ;
#3284 = ORIENTED_EDGE ( 'NONE', *, *, #1132, .F. ) ;
#3285 = FILL_AREA_STYLE_COLOUR ( '', #2150 ) ;
#3286 = CARTESIAN_POINT ( 'NONE',  ( -12.45838005474008980, -29.39815893069684449, -1.019953704630668589 ) ) ;
#3287 = AXIS2_PLACEMENT_3D ( 'NONE', #1726, #63, #591 ) ;
#3288 = VERTEX_POINT ( 'NONE', #1184 ) ;
#3289 = PLANE ( 'NONE',  #1389 ) ;
#3290 = LINE ( 'NONE', #2710, #339 ) ;
#3291 = CARTESIAN_POINT ( 'NONE',  ( 6.499999999999999112, 49.00000000000000000, 4.000000000000000000 ) ) ;
#3292 = CARTESIAN_POINT ( 'NONE',  ( 1.236222627283795061, 31.16003282425084464, 12.43941388976787188 ) ) ;
#3293 = EDGE_CURVE ( 'NONE', #1993, #2835, #2389, .T. ) ;
#3294 = AXIS2_PLACEMENT_3D ( 'NONE', #1485, #3528, #110 ) ;
#3295 = CARTESIAN_POINT ( 'NONE',  ( -7.452661146829301586, 3.664486439924649286, -10.03653174742539278 ) ) ;
#3296 = CARTESIAN_POINT ( 'NONE',  ( -9.807522622966635240, -32.14837184653634239, -7.750000000000015099 ) ) ;
#3297 = ORIENTED_EDGE ( 'NONE', *, *, #1692, .T. ) ;
#3298 = EDGE_CURVE ( 'NONE', #427, #2289, #636, .T. ) ;
#3299 = DIRECTION ( 'NONE',  ( 1.000000000000000000, -0.000000000000000000, -0.000000000000000000 ) ) ;
#3300 = DIRECTION ( 'NONE',  ( -0.000000000000000000, 1.000000000000000000, -0.000000000000000000 ) ) ;
#3301 = FACE_OUTER_BOUND ( 'NONE', #2766, .T. ) ;
#3302 = CARTESIAN_POINT ( 'NONE',  ( 0.5000000000000061062, -53.00000000000000000, 12.48999599679679839 ) ) ;
#3303 = B_SPLINE_CURVE_WITH_KNOTS ( 'NONE', 3,
 ( #2611, #58, #2112, #3495, #2392, #3214, #359, #2075, #2054, #1769, #1828, #1454, #2335, #95, #908, #1807, #621, #3252 ),
 .UNSPECIFIED., .F., .F.,
 ( 4, 2, 2, 2, 2, 2, 2, 2, 4 ),
 ( 0.000000000000000000, 0.0005938530314971859165, 0.001187706062994371833, 0.001781559094491557858, 0.002375412125988743666, 0.002969265157485922318, 0.003563118188983100971, 0.004156971220480279623, 0.004750824251977457842 ),
 .UNSPECIFIED. ) ;
#3304 = ORIENTED_EDGE ( 'NONE', *, *, #1681, .T. ) ;
#3305 = DIRECTION ( 'NONE',  ( 0.000000000000000000, 0.000000000000000000, 1.000000000000000000 ) ) ;
#3306 = DIRECTION ( 'NONE',  ( -0.000000000000000000, -1.000000000000000000, -0.000000000000000000 ) ) ;
#3307 = ORIENTED_EDGE ( 'NONE', *, *, #3703, .T. ) ;
#3308 = CARTESIAN_POINT ( 'NONE',  ( -11.96558451645014820, -31.98208245578922870, 3.621146260811281881 ) ) ;
#3309 = CARTESIAN_POINT ( 'NONE',  ( 9.312416626317670421, 48.26634440638697043, -8.338664382346605564 ) ) ;
#3310 = EDGE_CURVE ( 'NONE', #2159, #3620, #442, .T. ) ;
#3311 = LINE ( 'NONE', #1626, #438 ) ;
#3312 = ORIENTED_EDGE ( 'NONE', *, *, #2155, .F. ) ;
#3313 = CARTESIAN_POINT ( 'NONE',  ( 3.999999999999994671, 32.49999999999999289, 11.84271928232701399 ) ) ;
#3314 = B_SPLINE_CURVE_WITH_KNOTS ( 'NONE', 3,
 ( #27, #569, #2321, #1136, #1754, #892, #2305, #1427, #2288, #840, #1118, #3463, #589, #2042, #326, #822, #3444, #3166, #3707, #3128, #3397, #2567 ),
 .UNSPECIFIED., .F., .F.,
 ( 4, 2, 2, 2, 2, 2, 2, 2, 2, 2, 4 ),
 ( 1.939479807224432123E-18, 0.0003016920689488642479, 0.0006033841378977265442, 0.001206768275795452221, 0.001810152413693177790, 0.002413536551590903141, 0.003016920689488629143, 0.003620304827386354278, 0.004223688965284079846, 0.004525381034232942197, 0.004827073103181803680 ),
 .UNSPECIFIED. ) ;
#3315 = CARTESIAN_POINT ( 'NONE',  ( 7.627159061858565181, 52.00159732205314356, 9.913961229931620878 ) ) ;
#3316 = CARTESIAN_POINT ( 'NONE',  ( -10.93919092387964120, -30.75242089780926946, -6.051673733849548320 ) ) ;
#3317 = VERTEX_POINT ( 'NONE', #943 ) ;
#3318 = CARTESIAN_POINT ( 'NONE',  ( 12.50000000000000000, 45.00000000000000000, -0.2500000000000002220 ) ) ;
#3319 = DIRECTION ( 'NONE',  ( -0.000000000000000000, -0.000000000000000000, 1.000000000000000000 ) ) ;
#3320 = VECTOR ( 'NONE', #2049, 1000.000000000000000 ) ;
#3321 = CARTESIAN_POINT ( 'NONE',  ( 8.685199822917500256, -46.07440372418886199, 8.992778510226994371 ) ) ;
#3322 = ADVANCED_FACE ( 'NONE', ( #2033 ), #1219, .F. ) ;
#3323 = VECTOR ( 'NONE', #1784, 1000.000000000000000 ) ;
#3324 = DIRECTION ( 'NONE',  ( 1.224646799147349263E-16, -1.000000000000000000, 0.000000000000000000 ) ) ;
#3325 = ORIENTED_EDGE ( 'NONE', *, *, #957, .T. ) ;
#3326 = CARTESIAN_POINT ( 'NONE',  ( -11.84271928232701399, -31.99999999999999289, -3.999999999999999112 ) ) ;
#3327 = CARTESIAN_POINT ( 'NONE',  ( 8.000000000000000000, 49.00000000000000000, 0.2500000000000002220 ) ) ;
#3328 = EDGE_CURVE ( 'NONE', #1265, #1045, #3509, .T. ) ;
#3329 = EDGE_LOOP ( 'NONE', ( #2760, #3467, #1428, #2831 ) ) ;
#3330 = CARTESIAN_POINT ( 'NONE',  ( 11.55368985745187160, -32.50000000000000000, 4.770980054225103295 ) ) ;
#3331 = CARTESIAN_POINT ( 'NONE',  ( 1.231658851972123436, 31.15400975713182063, -12.43985370341645869 ) ) ;
#3332 = EDGE_CURVE ( 'NONE', #3620, #511, #2609, .T. ) ;
#3333 = CARTESIAN_POINT ( 'NONE',  ( 11.41740255862263709, -31.27914626259155995, 5.089807603680058357 ) ) ;
#3334 = CARTESIAN_POINT ( 'NONE',  ( 10.99300762249491825, 49.23495414202119491, 5.950174225158444408 ) ) ;
#3335 = LINE ( 'NONE', #2301, #2801 ) ;
#3336 = EDGE_LOOP ( 'NONE', ( #1653, #1125 ) ) ;
#3337 = CARTESIAN_POINT ( 'NONE',  ( 12.48999599679680195, -5.766092349982760545, -0.4999999999999996669 ) ) ;
#3338 = CARTESIAN_POINT ( 'NONE',  ( 5.000000000000000000, 49.00000000000000000, 12.00000000000000000 ) ) ;
#3339 = CARTESIAN_POINT ( 'NONE',  ( 6.499999999999999112, -49.00000000000000000, 0.2500000000000002220 ) ) ;
#3340 = CARTESIAN_POINT ( 'NONE',  ( -0.6830675358651416840, 30.14092593180693669, 12.48164662865004004 ) ) ;
#3341 = CARTESIAN_POINT ( 'NONE',  ( 3.558387440432780657, 2.520844541038068876, -11.98496280990864626 ) ) ;
#3342 = EDGE_LOOP ( 'NONE', ( #3431, #3691, #249, #3248 ) ) ;
#3343 = AXIS2_PLACEMENT_3D ( 'NONE', #307, #2005, #1460 ) ;
#3344 = DIRECTION ( 'NONE',  ( -0.000000000000000000, 1.000000000000000000, -0.000000000000000000 ) ) ;
#3345 = CARTESIAN_POINT ( 'NONE',  ( -12.43124541192992005, -30.34601101516653543, -1.311540307143532536 ) ) ;
#3346 = EDGE_CURVE ( 'NONE', #520, #3076, #1469, .T. ) ;
#3347 = VECTOR ( 'NONE', #2019, 1000.000000000000000 ) ;
#3348 = ORIENTED_EDGE ( 'NONE', *, *, #185, .F. ) ;
#3349 = CARTESIAN_POINT ( 'NONE',  ( 9.145470701138243896, 49.97318263139029426, -8.521591915735797329 ) ) ;
#3350 = VECTOR ( 'NONE', #1990, 1000.000000000000000 ) ;
#3351 = CARTESIAN_POINT ( 'NONE',  ( 12.30646342865237308, -31.40608140519195857, -2.197467749649375079 ) ) ;
#3352 = CARTESIAN_POINT ( 'NONE',  ( -11.84271928232701221, -32.50000000000000000, -4.000000000000000000 ) ) ;
#3353 = CARTESIAN_POINT ( 'NONE',  ( 8.517969033865282924, 51.96005525248325796, 9.151393378862923811 ) ) ;
#3354 = LINE ( 'NONE', #2214, #398 ) ;
#3355 = ORIENTED_EDGE ( 'NONE', *, *, #2872, .F. ) ;
#3356 = DIRECTION ( 'NONE',  ( -0.000000000000000000, 1.000000000000000000, -0.000000000000000000 ) ) ;
#3357 = CARTESIAN_POINT ( 'NONE',  ( -12.50000000000000000, -29.00000000000000000, -0.5000000000000000000 ) ) ;
#3358 = AXIS2_PLACEMENT_3D ( 'NONE', #3097, #521, #828 ) ;
#3359 = CARTESIAN_POINT ( 'NONE',  ( -12.48999599679680017, -5.766092349982757881, 0.5000000000000006661 ) ) ;
#3360 = CARTESIAN_POINT ( 'NONE',  ( -11.84271928232701221, -32.50000000000000711, 4.000000000000000000 ) ) ;
#3361 = CARTESIAN_POINT ( 'NONE',  ( -4.000000000000003553, 32.50000000000000000, -12.50000000000000000 ) ) ;
#3362 = ORIENTED_EDGE ( 'NONE', *, *, #3202, .F. ) ;
#3363 = LINE ( 'NONE', #2516, #224 ) ;
#3364 = CARTESIAN_POINT ( 'NONE',  ( -12.07368272414061572, -31.90919219815824803, -3.242645323653436940 ) ) ;
#3365 = ORIENTED_EDGE ( 'NONE', *, *, #1278, .T. ) ;
#3366 = LINE ( 'NONE', #149, #2522 ) ;
#3367 = B_SPLINE_CURVE_WITH_KNOTS ( 'NONE', 3,
 ( #2210, #2752, #1907, #2228, #3662, #1092, #525, #3370, #1661, #2807, #2244, #1680, #2822, #245, #1322, #2467, #1715, #301, #2297, #7 ),
 .UNSPECIFIED., .F., .F.,
 ( 4, 2, 2, 2, 2, 2, 2, 2, 2, 4 ),
 ( 0.004827073103181753373, 0.005428976819456831672, 0.006030880535731909971, 0.006632784252006988270, 0.007234687968282066568, 0.007836591684557144000, 0.008438495400832224033, 0.009040399117107300597, 0.009341350975244841481, 0.009642302833382378896 ),
 .UNSPECIFIED. ) ;
#3368 = DIRECTION ( 'NONE',  ( 0.000000000000000000, 0.000000000000000000, 1.000000000000000000 ) ) ;
#3369 = ADVANCED_FACE ( 'NONE', ( #1916 ), #2198, .F. ) ;
#3370 = CARTESIAN_POINT ( 'NONE',  ( 10.52934970068124265, -30.82143619752854491, -6.739299884815704189 ) ) ;
#3371 = EDGE_CURVE ( 'NONE', #2835, #2289, #2532, .T. ) ;
#3372 = CARTESIAN_POINT ( 'NONE',  ( 12.39346334248948445, -4.146802508787471808, 1.632432602011770539 ) ) ;
#3373 = CARTESIAN_POINT ( 'NONE',  ( 6.877741382118327529, 51.78960963078761637, 10.44000559628984348 ) ) ;
#3374 = CARTESIAN_POINT ( 'NONE',  ( 12.42120025654693549, -4.480256885949588153, -1.405831036269089562 ) ) ;
#3375 = ORIENTED_EDGE ( 'NONE', *, *, #2203, .T. ) ;
#3376 = FACE_OUTER_BOUND ( 'NONE', #989, .T. ) ;
#3377 = CARTESIAN_POINT ( 'NONE',  ( 7.557595911730795812, 3.509957312929064432, -9.956992664342854127 ) ) ;
#3378 = CARTESIAN_POINT ( 'NONE',  ( -1.888684029851531276, 31.80102218265140479, 12.35804545169544078 ) ) ;
#3379 = CARTESIAN_POINT ( 'NONE',  ( 1.895245351296560354, 3.194215299845901246, -12.35701657525680197 ) ) ;
#3380 = VERTEX_POINT ( 'NONE', #1050 ) ;
#3381 = LINE ( 'NONE', #2291, #3164 ) ;
#3382 = CARTESIAN_POINT ( 'NONE',  ( 10.63291805949763358, -33.72457056265135122, -6.575053368450008762 ) ) ;
#3383 = AXIS2_PLACEMENT_3D ( 'NONE', #1129, #3422, #1472 ) ;
#3384 = ORIENTED_EDGE ( 'NONE', *, *, #3047, .T. ) ;
#3385 = AXIS2_PLACEMENT_3D ( 'NONE', #764, #3614, #390 ) ;
#3386 = CARTESIAN_POINT ( 'NONE',  ( 0.000000000000000000, -53.00000000000000000, 0.000000000000000000 ) ) ;
#3387 = CARTESIAN_POINT ( 'NONE',  ( -10.32184279893092693, -33.52882220013581360, -7.053008527633500613 ) ) ;
#3388 = CARTESIAN_POINT ( 'NONE',  ( -4.000000000000003553, 31.99999999999999289, -11.84271928232701043 ) ) ;
#3389 = ADVANCED_FACE ( 'NONE', ( #671 ), #2476, .F. ) ;
#3390 = CARTESIAN_POINT ( 'NONE',  ( 11.84271928232701221, -3.000000000000002665, 4.000000000000000888 ) ) ;
#3391 = CARTESIAN_POINT ( 'NONE',  ( -12.45162091521704717, -5.208353814285933581, -1.099420946476979966 ) ) ;
#3392 = CARTESIAN_POINT ( 'NONE',  ( -7.559466830914819191, 1.993116903078796742, 9.955569284522788109 ) ) ;
#3393 = DIRECTION ( 'NONE',  ( -0.000000000000000000, -0.000000000000000000, 1.000000000000000000 ) ) ;
#3394 = CARTESIAN_POINT ( 'NONE',  ( 12.50000000000000000, -45.00000000000000711, 0.2500000000000000000 ) ) ;
#3395 = EDGE_CURVE ( 'NONE', #3657, #2980, #2453, .T. ) ;
#3396 = DIRECTION ( 'NONE',  ( 0.000000000000000000, 0.000000000000000000, -1.000000000000000000 ) ) ;
#3397 = CARTESIAN_POINT ( 'NONE',  ( 7.750000000000036415, 2.648371846536341945, 9.807522622966624581 ) ) ;
#3398 = ORIENTED_EDGE ( 'NONE', *, *, #2899, .F. ) ;
#3399 = DIRECTION ( 'NONE',  ( 0.000000000000000000, 0.000000000000000000, -1.000000000000000000 ) ) ;
#3400 = LINE ( 'NONE', #1430, #799 ) ;
#3401 = VECTOR ( 'NONE', #1328, 1000.000000000000000 ) ;
#3402 = ORIENTED_EDGE ( 'NONE', *, *, #3395, .T. ) ;
#3403 = PLANE ( 'NONE',  #1192 ) ;
#3404 = CYLINDRICAL_SURFACE ( 'NONE', #3258, 3.499999999999999556 ) ;
#3405 = CARTESIAN_POINT ( 'NONE',  ( 10.83985442447991154, -30.74021169373708418, 6.227979984382484346 ) ) ;
#3406 = DIRECTION ( 'NONE',  ( 0.000000000000000000, 0.000000000000000000, -1.000000000000000000 ) ) ;
#3407 = CARTESIAN_POINT ( 'NONE',  ( -4.933106070158379985, 2.025173239112012524, 11.48554595523436284 ) ) ;
#3408 = EDGE_CURVE ( 'NONE', #2588, #3445, #773, .T. ) ;
#3409 = DIRECTION ( 'NONE',  ( 0.000000000000000000, 0.000000000000000000, 1.000000000000000000 ) ) ;
#3410 = CYLINDRICAL_SURFACE ( 'NONE', #2025, 1.500000000000009992 ) ;
#3411 = DIRECTION ( 'NONE',  ( 0.000000000000000000, 1.000000000000000000, 0.000000000000000000 ) ) ;
#3412 = DIRECTION ( 'NONE',  ( 0.000000000000000000, 0.000000000000000000, -1.000000000000000000 ) ) ;
#3413 = ORIENTED_EDGE ( 'NONE', *, *, #850, .T. ) ;
#3414 = EDGE_CURVE ( 'NONE', #2785, #3708, #2269, .T. ) ;
#3415 = CARTESIAN_POINT ( 'NONE',  ( -6.490628035480971530E-15, 45.00000000000000000, 12.50000000000000000 ) ) ;
#3416 = CARTESIAN_POINT ( 'NONE',  ( -4.770980054225089084, 2.500000000000002220, -12.50000000000000000 ) ) ;
#3417 = ORIENTED_EDGE ( 'NONE', *, *, #957, .F. ) ;
#3418 = ORIENTED_EDGE ( 'NONE', *, *, #1416, .T. ) ;
#3419 = LINE ( 'NONE', #2837, #2818 ) ;
#3420 = DIRECTION ( 'NONE',  ( -0.000000000000000000, -0.000000000000000000, 1.000000000000000000 ) ) ;
#3421 = CARTESIAN_POINT ( 'NONE',  ( 12.45993579437711496, -6.000000000000001776, -1.000000000000000444 ) ) ;
#3422 = DIRECTION ( 'NONE',  ( -0.000000000000000000, -0.000000000000000000, 1.000000000000000000 ) ) ;
#3423 = CARTESIAN_POINT ( 'NONE',  ( -4.931628877826187640, 3.472183098803784951, 11.48618049085166248 ) ) ;
#3424 = CARTESIAN_POINT ( 'NONE',  ( -0.4999999999999946154, -53.00000000000000000, -12.48999599679679839 ) ) ;
#3425 = CARTESIAN_POINT ( 'NONE',  ( 8.000000000000000000, -49.00000000000000000, -12.50000000000000000 ) ) ;
#3426 = CARTESIAN_POINT ( 'NONE',  ( -12.25369393517421557, -2.839911613841927807, -2.478511834130734393 ) ) ;
#3427 = ORIENTED_EDGE ( 'NONE', *, *, #1329, .T. ) ;
#3428 = LINE ( 'NONE', #3415, #3350 ) ;
#3429 = CARTESIAN_POINT ( 'NONE',  ( -4.770980054225089084, 3.000000000000002665, -11.55368985745187693 ) ) ;
#3430 = EDGE_CURVE ( 'NONE', #2460, #2176, #588, .T. ) ;
#3431 = ORIENTED_EDGE ( 'NONE', *, *, #3602, .F. ) ;
#3432 = ORIENTED_EDGE ( 'NONE', *, *, #2334, .T. ) ;
#3433 = DIRECTION ( 'NONE',  ( -0.000000000000000000, -0.000000000000000000, 1.000000000000000000 ) ) ;
#3434 = VECTOR ( 'NONE', #322, 1000.000000000000000 ) ;
#3435 = LINE ( 'NONE', #1678, #3254 ) ;
#3436 = AXIS2_PLACEMENT_3D ( 'NONE', #655, #617, #2331 ) ;
#3437 = DIRECTION ( 'NONE',  ( -0.000000000000000000, -1.000000000000000000, -0.000000000000000000 ) ) ;
#3438 = CARTESIAN_POINT ( 'NONE',  ( 12.42095066949019433, -4.476258982380431739, 1.408103081394468159 ) ) ;
#3439 =( NAMED_UNIT ( * ) PLANE_ANGLE_UNIT ( ) SI_UNIT ( $, .RADIAN. ) );
#3440 = CARTESIAN_POINT ( 'NONE',  ( 9.500000000000001776, 49.00000000000000000, -8.124038404635960831 ) ) ;
#3441 = CARTESIAN_POINT ( 'NONE',  ( 8.417152350136060335, -47.54891623298814807, -9.243880000827511267 ) ) ;
#3442 = B_SPLINE_CURVE_WITH_KNOTS ( 'NONE', 3,
 ( #1793, #1553, #3499, #2115, #2993, #1532, #2972, #1512, #1248, #1810, #1269, #2638, #3200, #969, #1495, #61, #932, #3536 ),
 .UNSPECIFIED., .F., .F.,
 ( 4, 2, 2, 2, 2, 2, 2, 2, 4 ),
 ( 0.000000000000000000, 0.0005938174045434738710, 0.001187634809086947742, 0.001781452213630421721, 0.002375269618173895484, 0.002969087022717369247, 0.003562904427260843443, 0.004156721831804316772, 0.004750539236347790968 ),
 .UNSPECIFIED. ) ;
#3443 = CYLINDRICAL_SURFACE ( 'NONE', #3675, 2.999999999999996003 ) ;
#3444 = CARTESIAN_POINT ( 'NONE',  ( 7.557595911730796701, 1.990042687070939120, 9.956992664342854127 ) ) ;
#3445 = VERTEX_POINT ( 'NONE', #1705 ) ;
#3446 = CARTESIAN_POINT ( 'NONE',  ( 12.35804545169544433, -3.198977817348596098, 1.888684029851528834 ) ) ;
#3447 = CARTESIAN_POINT ( 'NONE',  ( -11.48554595523435751, -31.52517323911201785, 4.933106070158393308 ) ) ;
#3448 = ORIENTED_EDGE ( 'NONE', *, *, #727, .F. ) ;
#3449 = ORIENTED_EDGE ( 'NONE', *, *, #602, .T. ) ;
#3450 = ADVANCED_FACE ( 'NONE', ( #1753 ), #2848, .F. ) ;
#3451 = LINE ( 'NONE', #1466, #317 ) ;
#3452 = CARTESIAN_POINT ( 'NONE',  ( -12.45993579437711318, -29.00000000000000000, 1.000000000000000000 ) ) ;
#3453 = VECTOR ( 'NONE', #742, 1000.000000000000000 ) ;
#3454 = CARTESIAN_POINT ( 'NONE',  ( 0.000000000000000000, 53.00000000000000000, 0.000000000000000000 ) ) ;
#3455 = AXIS2_PLACEMENT_3D ( 'NONE', #2600, #872, #2901 ) ;
#3456 = LINE ( 'NONE', #1203, #283 ) ;
#3457 = AXIS2_PLACEMENT_3D ( 'NONE', #1876, #2744, #3265 ) ;
#3458 = LINE ( 'NONE', #600, #3195 ) ;
#3459 = FACE_BOUND ( 'NONE', #1994, .T. ) ;
#3460 = LINE ( 'NONE', #2897, #1668 ) ;
#3461 = CIRCLE ( 'NONE', #2983, 1.500000000000001332 ) ;
#3462 = DIRECTION ( 'NONE',  ( -0.000000000000000000, -0.000000000000000000, 1.000000000000000000 ) ) ;
#3463 = CARTESIAN_POINT ( 'NONE',  ( 6.575053368450014091, 1.275429437348627237, 10.63291805949763535 ) ) ;
#3464 = ORIENTED_EDGE ( 'NONE', *, *, #3565, .T. ) ;
#3465 = CARTESIAN_POINT ( 'NONE',  ( 12.48999599679679839, -6.000000000000001776, 0.5000000000000001110 ) ) ;
#3466 = CARTESIAN_POINT ( 'NONE',  ( -11.20950059167639701, -30.91870977915816709, 5.534040636332242968 ) ) ;
#3467 = ORIENTED_EDGE ( 'NONE', *, *, #1886, .F. ) ;
#3468 = EDGE_LOOP ( 'NONE', ( #2940, #3181, #2864, #71, #1817, #2478 ) ) ;
#3469 = DIRECTION ( 'NONE',  ( 0.000000000000000000, 0.000000000000000000, -1.000000000000000000 ) ) ;
#3470 = CARTESIAN_POINT ( 'NONE',  ( 4.814783617034977148, 3.197444239570868429, 11.53557098533310565 ) ) ;
#3471 = CARTESIAN_POINT ( 'NONE',  ( -12.50000000000000000, -6.000000000000000888, -4.000000000000000000 ) ) ;
#3472 = VECTOR ( 'NONE', #3306, 1000.000000000000000 ) ;
#3473 = CARTESIAN_POINT ( 'NONE',  ( 5.000000000000000000, 49.00000000000000000, 11.45643923738960090 ) ) ;
#3474 = DIRECTION ( 'NONE',  ( 1.776356839400250465E-15, 0.000000000000000000, 1.000000000000000000 ) ) ;
#3475 = EDGE_CURVE ( 'NONE', #3599, #2176, #2426, .T. ) ;
#3476 = FACE_OUTER_BOUND ( 'NONE', #175, .T. ) ;
#3477 = EDGE_LOOP ( 'NONE', ( #355, #3325, #1161, #2359 ) ) ;
#3478 = CARTESIAN_POINT ( 'NONE',  ( 7.901274978734512011, -47.49322217160139559, -9.688726673324337568 ) ) ;
#3479 = CARTESIAN_POINT ( 'NONE',  ( -1.405831036269088674, 4.480256885949592593, 12.42120025654694082 ) ) ;
#3480 = CARTESIAN_POINT ( 'NONE',  ( -1.236222627283800168, 3.839967175749165129, 12.43941388976786477 ) ) ;
#3481 = ORIENTED_EDGE ( 'NONE', *, *, #2355, .F. ) ;
#3482 = CARTESIAN_POINT ( 'NONE',  ( 0.000000000000000000, 45.00000000000000711, 12.50000000000000000 ) ) ;
#3483 = CARTESIAN_POINT ( 'NONE',  ( -11.41740255862262998, -33.22085373740844716, 5.089807603680056580 ) ) ;
#3484 = ADVANCED_FACE ( 'NONE', ( #604 ), #3109, .F. ) ;
#3485 = ORIENTED_EDGE ( 'NONE', *, *, #3414, .T. ) ;
#3486 = ORIENTED_EDGE ( 'NONE', *, *, #1800, .T. ) ;
#3487 = CARTESIAN_POINT ( 'NONE',  ( -12.07368272414061572, -3.090807801841748415, 3.242645323653438272 ) ) ;
#3488 = CARTESIAN_POINT ( 'NONE',  ( 12.46265152086180272, -30.77492058349088921, 0.9744646605799643924 ) ) ;
#3489 = DIRECTION ( 'NONE',  ( 1.000000000000000000, 0.000000000000000000, 0.000000000000000000 ) ) ;
#3490 = ORIENTED_EDGE ( 'NONE', *, *, #3524, .T. ) ;
#3491 = CARTESIAN_POINT ( 'NONE',  ( 10.99302196900186601, 48.76495300299542635, 5.950148611246867780 ) ) ;
#3492 = CARTESIAN_POINT ( 'NONE',  ( 3.809884749708925433, 3.000000000000004441, 11.90693265959578895 ) ) ;
#3493 = AXIS2_PLACEMENT_3D ( 'NONE', #519, #503, #3113 ) ;
#3494 = AXIS2_PLACEMENT_3D ( 'NONE', #1321, #2190, #1548 ) ;
#3495 = CARTESIAN_POINT ( 'NONE',  ( 3.246703485572009829, 31.91013578552168184, -12.07256515986862055 ) ) ;
#3496 = EDGE_CURVE ( 'NONE', #2810, #3593, #2900, .T. ) ;
#3497 = CARTESIAN_POINT ( 'NONE',  ( 12.45838005474008803, -29.39815893069684805, 1.019953704630668812 ) ) ;
#3498 = CARTESIAN_POINT ( 'NONE',  ( -3.778475619130027496, 2.500000000000003109, -11.91754141585526483 ) ) ;
#3499 = CARTESIAN_POINT ( 'NONE',  ( 1.019953704630661484, 29.39815893069684805, 12.45838005474008803 ) ) ;
#3500 = ORIENTED_EDGE ( 'NONE', *, *, #1278, .F. ) ;
#3501 = ADVANCED_FACE ( 'NONE', ( #306 ), #1426, .F. ) ;
#3502 = CARTESIAN_POINT ( 'NONE',  ( 12.48164662865003649, -4.859074068193065976, 0.6830675358651377982 ) ) ;
#3503 = CARTESIAN_POINT ( 'NONE',  ( -9.807851681212756745, -32.35740758016709862, 7.749583580110244618 ) ) ;
#3504 = EDGE_LOOP ( 'NONE', ( #297, #1191 ) ) ;
#3505 = EDGE_LOOP ( 'NONE', ( #1949, #1639, #1279, #3427 ) ) ;
#3506 = VERTEX_POINT ( 'NONE', #839 ) ;
#3507 = DIRECTION ( 'NONE',  ( -0.000000000000000000, -0.000000000000000000, 1.000000000000000000 ) ) ;
#3508 = CARTESIAN_POINT ( 'NONE',  ( 12.48156156161581265, -30.14507511159850139, 0.6845832522820427535 ) ) ;
#3509 = LINE ( 'NONE', #318, #2126 ) ;
#3510 = ORIENTED_EDGE ( 'NONE', *, *, #3661, .F. ) ;
#3511 = DIRECTION ( 'NONE',  ( -0.000000000000000000, -1.000000000000000000, -0.000000000000000000 ) ) ;
#3512 = CARTESIAN_POINT ( 'NONE',  ( 4.814783617034975371, 2.302555760429139564, -11.53557098533310921 ) ) ;
#3513 = DIRECTION ( 'NONE',  ( -0.000000000000000000, -1.000000000000000000, -9.000095224099380108E-15 ) ) ;
#3514 = VECTOR ( 'NONE', #1951, 1000.000000000000000 ) ;
#3515 = CARTESIAN_POINT ( 'NONE',  ( 0.6845832522820416433, 30.14507511159851205, 12.48156156161581265 ) ) ;
#3516 = VECTOR ( 'NONE', #226, 1000.000000000000000 ) ;
#3517 = EDGE_CURVE ( 'NONE', #2422, #1672, #3024, .T. ) ;
#3518 = CARTESIAN_POINT ( 'NONE',  ( 5.027690519055985519, 49.46875808092872973, 11.44446716058099689 ) ) ;
#3519 = CARTESIAN_POINT ( 'NONE',  ( 12.45838005474008980, -5.601841069303164389, -1.019953704630664593 ) ) ;
#3520 = EDGE_LOOP ( 'NONE', ( #846, #951 ) ) ;
#3521 = CARTESIAN_POINT ( 'NONE',  ( 0.000000000000000000, -45.00000000000000000, 0.000000000000000000 ) ) ;
#3522 = VECTOR ( 'NONE', #2757, 1000.000000000000000 ) ;
#3523 = DIRECTION ( 'NONE',  ( 0.000000000000000000, 4.713922489067411487E-18, 1.000000000000000000 ) ) ;
#3524 = EDGE_CURVE ( 'NONE', #766, #798, #2867, .T. ) ;
#3525 = ORIENTED_EDGE ( 'NONE', *, *, #1580, .T. ) ;
#3526 = ORIENTED_EDGE ( 'NONE', *, *, #1716, .T. ) ;
#3527 = CARTESIAN_POINT ( 'NONE',  ( -12.24392902302150965, -3.381394938971871600, 2.522820760758092806 ) ) ;
#3528 = DIRECTION ( 'NONE',  ( -0.000000000000000000, -0.000000000000000000, -1.000000000000000000 ) ) ;
#3529 = FACE_BOUND ( 'NONE', #593, .T. ) ;
#3530 = ORIENTED_EDGE ( 'NONE', *, *, #2706, .F. ) ;
#3531 = CARTESIAN_POINT ( 'NONE',  ( -1.158693683254490958, 5.017082385302822800, -12.44642090734302720 ) ) ;
#3532 = CARTESIAN_POINT ( 'NONE',  ( 7.450031251729999582, 1.832118585009845591, -10.03848655161233161 ) ) ;
#3533 = LINE ( 'NONE', #965, #3019 ) ;
#3534 = CARTESIAN_POINT ( 'NONE',  ( -12.25337736127782762, -32.16098543156891054, -2.480188189542881450 ) ) ;
#3535 = CARTESIAN_POINT ( 'NONE',  ( -1.019953704630663260, 5.601841069303168830, 12.45838005474008803 ) ) ;
#3536 = CARTESIAN_POINT ( 'NONE',  ( 3.999999999999994671, 32.00000000000000000, 11.84271928232701399 ) ) ;
#3537 = VERTEX_POINT ( 'NONE', #2566 ) ;
#3538 = CARTESIAN_POINT ( 'NONE',  ( -1.712483258192836866, 31.65898430191817070, -12.38324591824120091 ) ) ;
#3539 = CARTESIAN_POINT ( 'NONE',  ( 5.217211839581382904, -50.14383387706050854, 11.35973541260463904 ) ) ;
#3540 = CARTESIAN_POINT ( 'NONE',  ( 5.000000000000000000, -48.76242646585945550, 11.45643923738960446 ) ) ;
#3541 = ORIENTED_EDGE ( 'NONE', *, *, #3328, .F. ) ;
#3542 = ORIENTED_EDGE ( 'NONE', *, *, #2615, .T. ) ;
#3543 = DIRECTION ( 'NONE',  ( 0.000000000000000000, 0.000000000000000000, 1.000000000000000000 ) ) ;
#3544 = DIRECTION ( 'NONE',  ( 1.000000000000000000, 0.000000000000000000, 0.000000000000000000 ) ) ;
#3545 = ADVANCED_FACE ( 'NONE', ( #3706 ), #2004, .F. ) ;
#3546 = CARTESIAN_POINT ( 'NONE',  ( 0.6830675358651369100, 4.859074068193066864, 12.48164662865004004 ) ) ;
#3547 = ORIENTED_EDGE ( 'NONE', *, *, #850, .F. ) ;
#3548 = CARTESIAN_POINT ( 'NONE',  ( 0.000000000000000000, 3.000000000000002665, 0.000000000000000000 ) ) ;
#3549 = CARTESIAN_POINT ( 'NONE',  ( 5.090584250741819972, 1.778403371119090970, -11.41705332724606059 ) ) ;
#3550 = CARTESIAN_POINT ( 'NONE',  ( -11.84271928232701221, -32.50000000000000711, 4.000000000000000000 ) ) ;
#3551 = ORIENTED_EDGE ( 'NONE', *, *, #2584, .F. ) ;
#3552 = CARTESIAN_POINT ( 'NONE',  ( 0.4999999999999970024, 29.00000000000000000, 12.48999599679679839 ) ) ;
#3553 = VECTOR ( 'NONE', #1501, 1000.000000000000000 ) ;
#3554 = CARTESIAN_POINT ( 'NONE',  ( -0.9723366502293722125, 4.228919712113805573, -12.46280486602700144 ) ) ;
#3555 = CARTESIAN_POINT ( 'NONE',  ( 12.16141420997243650, -32.32953177234673348, -2.897592169773376636 ) ) ;
#3556 = EDGE_LOOP ( 'NONE', ( #3277, #2551, #1755, #1911 ) ) ;
#3557 = CIRCLE ( 'NONE', #1945, 1.500000000000001332 ) ;
#3558 = CARTESIAN_POINT ( 'NONE',  ( -12.50000000000000000, -32.50000000000000711, 4.000000000000000000 ) ) ;
#3559 = CARTESIAN_POINT ( 'NONE',  ( 5.834302047205282449, -51.08793417896474409, 11.05606230732101558 ) ) ;
#3560 = CARTESIAN_POINT ( 'NONE',  ( 8.168644488044167318, -45.99966708982051955, 9.464534566785507863 ) ) ;
#3561 = VERTEX_POINT ( 'NONE', #1722 ) ;
#3562 = ORIENTED_EDGE ( 'NONE', *, *, #1734, .F. ) ;
#3563 = CARTESIAN_POINT ( 'NONE',  ( 0.000000000000000000, 3.000000000000002665, 0.000000000000000000 ) ) ;
#3564 = LINE ( 'NONE', #485, #3711 ) ;
#3565 = EDGE_CURVE ( 'NONE', #2136, #3042, #3557, .T. ) ;
#3566 = DIRECTION ( 'NONE',  ( -0.000000000000000000, 3.388131789017204438E-18, -1.000000000000000000 ) ) ;
#3567 = DIRECTION ( 'NONE',  ( 0.000000000000000000, 1.000000000000000000, 0.000000000000000000 ) ) ;
#3568 = DIRECTION ( 'NONE',  ( 0.000000000000000000, -0.000000000000000000, 1.000000000000000000 ) ) ;
#3569 = ORIENTED_EDGE ( 'NONE', *, *, #3098, .F. ) ;
#3570 = DIRECTION ( 'NONE',  ( 0.000000000000000000, 1.000000000000000000, 0.000000000000000000 ) ) ;
#3571 = VECTOR ( 'NONE', #2175, 1000.000000000000000 ) ;
#3572 = CARTESIAN_POINT ( 'NONE',  ( -7.698535513953556730, 2.347902032620967638, -9.848005524144465284 ) ) ;
#3573 = CARTESIAN_POINT ( 'NONE',  ( -9.956992664342866561, -31.49004268707095022, -7.557595911730781602 ) ) ;
#3574 = ORIENTED_EDGE ( 'NONE', *, *, #864, .T. ) ;
#3575 = FACE_BOUND ( 'NONE', #3504, .T. ) ;
#3576 = CARTESIAN_POINT ( 'NONE',  ( 0.000000000000000000, -3.000000000000002665, 0.000000000000000000 ) ) ;
#3577 = CARTESIAN_POINT ( 'NONE',  ( 0.000000000000000000, -53.00000000000000000, 0.000000000000000000 ) ) ;
#3578 = VECTOR ( 'NONE', #233, 1000.000000000000000 ) ;
#3579 = ORIENTED_EDGE ( 'NONE', *, *, #2631, .F. ) ;
#3580 = STYLED_ITEM ( 'NONE', ( #3022 ), #1298 ) ;
#3581 = ORIENTED_EDGE ( 'NONE', *, *, #1103, .T. ) ;
#3582 = EDGE_CURVE ( 'NONE', #3244, #1875, #319, .T. ) ;
#3583 = FILL_AREA_STYLE ('',( #3285 ) ) ;
#3584 = PLANE ( 'NONE',  #437 ) ;
#3585 = CARTESIAN_POINT ( 'NONE',  ( 12.50000000000000000, -45.00000000000000711, -0.2500000000000000555 ) ) ;
#3586 = CARTESIAN_POINT ( 'NONE',  ( 6.572056358939750709, 1.274745920937290666, -10.63477572986804631 ) ) ;
#3587 = CARTESIAN_POINT ( 'NONE',  ( 4.000000000000000000, 3.000000000000002665, -11.84271928232701221 ) ) ;
#3588 = CARTESIAN_POINT ( 'NONE',  ( 3.778522698269920266, 32.50000000000000000, 11.91752551439251206 ) ) ;
#3589 = ADVANCED_FACE ( 'NONE', ( #1442 ), #13, .F. ) ;
#3590 = VECTOR ( 'NONE', #2197, 1000.000000000000000 ) ;
#3591 = CARTESIAN_POINT ( 'NONE',  ( -6.742171055661188461, 4.177601634675175646, -10.52751251887842088 ) ) ;
#3592 = CARTESIAN_POINT ( 'NONE',  ( -11.55368985745187160, -32.00000000000000000, -4.770980054225103295 ) ) ;
#3593 = VERTEX_POINT ( 'NONE', #26 ) ;
#3594 = FACE_OUTER_BOUND ( 'NONE', #1339, .T. ) ;
#3595 = CARTESIAN_POINT ( 'NONE',  ( 5.549434668021254957, -50.74483417897870652, 11.20175740617301408 ) ) ;
#3596 = ADVANCED_FACE ( 'NONE', ( #2304 ), #3443, .T. ) ;
#3597 = CARTESIAN_POINT ( 'NONE',  ( 9.867673409016232355, -46.64654948328796991, 7.676235569128682990 ) ) ;
#3598 = CARTESIAN_POINT ( 'NONE',  ( -6.490628035480971530E-15, 45.00000000000000000, -12.50000000000000000 ) ) ;
#3599 = VERTEX_POINT ( 'NONE', #952 ) ;
#3600 = DIRECTION ( 'NONE',  ( 0.000000000000000000, 1.000000000000000000, 0.000000000000000000 ) ) ;
#3601 = DIRECTION ( 'NONE',  ( 0.000000000000000000, -0.000000000000000000, -1.000000000000000000 ) ) ;
#3602 = EDGE_CURVE ( 'NONE', #2142, #464, #1585, .T. ) ;
#3603 = DIRECTION ( 'NONE',  ( 0.000000000000000000, -0.000000000000000000, -1.000000000000000000 ) ) ;
#3604 = CARTESIAN_POINT ( 'NONE',  ( 11.90693265959578717, -32.00000000000000711, -3.809884749708928098 ) ) ;
#3605 = CARTESIAN_POINT ( 'NONE',  ( 11.48618049085165538, -31.52781690119622837, 4.931628877826200963 ) ) ;
#3606 = CARTESIAN_POINT ( 'NONE',  ( 10.34567916792813236, 50.87846184973576413, 7.017915331441022531 ) ) ;
#3607 = CARTESIAN_POINT ( 'NONE',  ( -10.21855009435867423, -31.07635733798920441, -7.201030405492894637 ) ) ;
#3608 = ORIENTED_EDGE ( 'NONE', *, *, #2840, .F. ) ;
#3609 = ADVANCED_FACE ( 'NONE', ( #344 ), #3255, .F. ) ;
#3610 = CARTESIAN_POINT ( 'NONE',  ( 0.000000000000000000, -53.00000000000000000, 0.000000000000000000 ) ) ;
#3611 = CARTESIAN_POINT ( 'NONE',  ( -12.50000000000000000, -6.000000000000001776, 0.5000000000000001110 ) ) ;
#3612 = AXIS2_PLACEMENT_3D ( 'NONE', #564, #2862, #1662 ) ;
#3613 = CYLINDRICAL_SURFACE ( 'NONE', #1258, 12.50000000000000000 ) ;
#3614 = DIRECTION ( 'NONE',  ( -0.000000000000000000, -0.000000000000000000, 1.000000000000000000 ) ) ;
#3615 = CIRCLE ( 'NONE', #3436, 5.000000000000000000 ) ;
#3616 = DIRECTION ( 'NONE',  ( -0.000000000000000000, -0.000000000000000000, -1.000000000000000000 ) ) ;
#3617 = EDGE_LOOP ( 'NONE', ( #2635, #2404, #2994, #276 ) ) ;
#3618 = CARTESIAN_POINT ( 'NONE',  ( 0.000000000000000000, 45.00000000000000000, 0.000000000000000000 ) ) ;
#3619 = PLANE ( 'NONE',  #418 ) ;
#3620 = VERTEX_POINT ( 'NONE', #1494 ) ;
#3621 = CARTESIAN_POINT ( 'NONE',  ( 8.734167640957885226, 50.31918212551661185, -8.944909925257547911 ) ) ;
#3622 = ADVANCED_FACE ( 'NONE', ( #931 ), #1772, .F. ) ;
#3623 = CARTESIAN_POINT ( 'NONE',  ( 3.999999999999996447, 29.00000000000000000, -12.50000000000000000 ) ) ;
#3624 = CARTESIAN_POINT ( 'NONE',  ( 10.21862456564308985, -33.42403254351365405, 7.200961024264213250 ) ) ;
#3625 = B_SPLINE_CURVE_WITH_KNOTS ( 'NONE', 3,
 ( #1806, #1787, #2111, #677, #3532, #74, #657, #947, #3586, #2731, #983, #2429, #3007, #2447, #3549, #2988, #695, #3512, #1301, #1846 ),
 .UNSPECIFIED., .F., .F.,
 ( 4, 2, 2, 2, 2, 2, 2, 2, 2, 4 ),
 ( 0.004827073103181805415, 0.005428976819456891520, 0.006030880535731976758, 0.006632784252007062863, 0.007234687968282148968, 0.007836591684557234205, 0.008438495400832319443, 0.009040399117107406415, 0.009341350975244949034, 0.009642302833382493388 ),
 .UNSPECIFIED. ) ;
#3626 = CARTESIAN_POINT ( 'NONE',  ( -6.741066734132701299, 1.322229493075548712, -10.52818860413931468 ) ) ;
#3627 = DIRECTION ( 'NONE',  ( 1.000000000000000000, -0.000000000000000000, -0.000000000000000000 ) ) ;
#3628 = ORIENTED_EDGE ( 'NONE', *, *, #934, .T. ) ;
#3629 = CARTESIAN_POINT ( 'NONE',  ( 11.98496280990864626, -2.520844541038065767, -3.558387440432783322 ) ) ;
#3630 = CARTESIAN_POINT ( 'NONE',  ( 0.000000000000000000, 53.00000000000000000, -0.2500000000000000000 ) ) ;
#3631 = CARTESIAN_POINT ( 'NONE',  ( -4.000000000000000888, 2.500000000000002220, -12.50000000000000000 ) ) ;
#3632 = AXIS2_PLACEMENT_3D ( 'NONE', #2678, #3034, #103 ) ;
#3633 = CARTESIAN_POINT ( 'NONE',  ( -12.16141420997243650, -32.32953177234674058, 2.897592169773375748 ) ) ;
#3634 = DIRECTION ( 'NONE',  ( 1.000000000000000000, -0.000000000000000000, -0.000000000000000000 ) ) ;
#3635 = EDGE_LOOP ( 'NONE', ( #823, #1770, #2240, #3033 ) ) ;
#3636 = CIRCLE ( 'NONE', #2743, 12.50000000000000000 ) ;
#3637 = CARTESIAN_POINT ( 'NONE',  ( 4.000000000000000000, 3.000000000000002665, -12.50000000000000000 ) ) ;
#3638 = DIRECTION ( 'NONE',  ( 0.000000000000000000, -1.000000000000000000, 0.000000000000000000 ) ) ;
#3639 = EDGE_CURVE ( 'NONE', #2205, #1119, #2753, .T. ) ;
#3640 = VECTOR ( 'NONE', #1551, 1000.000000000000000 ) ;
#3641 = ORIENTED_EDGE ( 'NONE', *, *, #3137, .T. ) ;
#3642 = CARTESIAN_POINT ( 'NONE',  ( -12.50000000000000000, 32.00000000000000000, -12.50000000000000000 ) ) ;
#3643 = CIRCLE ( 'NONE', #1539, 12.50000000000000000 ) ;
#3644 = DIRECTION ( 'NONE',  ( 0.000000000000000000, -1.000000000000000000, 0.000000000000000000 ) ) ;
#3645 = CARTESIAN_POINT ( 'NONE',  ( 11.41679257445792395, -33.22234570165957024, 5.091174016740925623 ) ) ;
#3646 = FACE_OUTER_BOUND ( 'NONE', #1710, .T. ) ;
#3647 = CARTESIAN_POINT ( 'NONE',  ( -7.555211415797063346, 1.986047711662890514, -9.958807340907108951 ) ) ;
#3648 = CARTESIAN_POINT ( 'NONE',  ( 12.45993579437711318, -53.00000000000000000, 1.000000000000000000 ) ) ;
#3649 = VERTEX_POINT ( 'NONE', #682 ) ;
#3650 = CARTESIAN_POINT ( 'NONE',  ( -2.525556835550716972, 3.380006183829174393, -12.24334387746706554 ) ) ;
#3651 = CARTESIAN_POINT ( 'NONE',  ( 4.931917255557629609, 3.472724569015102070, -11.48605722304383470 ) ) ;
#3652 = CARTESIAN_POINT ( 'NONE',  ( 2.478511834130736169, 2.839911613841928251, 12.25369393517421557 ) ) ;
#3653 = CARTESIAN_POINT ( 'NONE',  ( 3.121207739997224451, 2.604816864416391820, -12.10617681082283070 ) ) ;
#3654 = ORIENTED_EDGE ( 'NONE', *, *, #755, .F. ) ;
#3655 = DIRECTION ( 'NONE',  ( -0.000000000000000000, -1.000000000000000000, -0.000000000000000000 ) ) ;
#3656 = DIRECTION ( 'NONE',  ( -0.000000000000000000, -0.000000000000000000, 1.000000000000000000 ) ) ;
#3657 = VERTEX_POINT ( 'NONE', #1831 ) ;
#3658 = EDGE_CURVE ( 'NONE', #3708, #2140, #2120, .T. ) ;
#3659 = CARTESIAN_POINT ( 'NONE',  ( 9.500000000000001776, -49.00000000000000000, -8.124038404635960831 ) ) ;
#3660 = CARTESIAN_POINT ( 'NONE',  ( 3.778475619130019503, 32.50000000000000711, -11.91754141585526661 ) ) ;
#3661 = EDGE_CURVE ( 'NONE', #101, #766, #1721, .T. ) ;
#3662 = CARTESIAN_POINT ( 'NONE',  ( 10.03848655161234404, -31.33211858500985159, -7.450031251729981818 ) ) ;
#3663 = DIRECTION ( 'NONE',  ( 1.000000000000000000, 0.000000000000000000, 0.000000000000000000 ) ) ;
#3664 = CARTESIAN_POINT ( 'NONE',  ( -12.20676672984232347, -3.290259287953457346, -2.698009041175395861 ) ) ;
#3665 = DIRECTION ( 'NONE',  ( 0.000000000000000000, 1.000000000000000000, 0.000000000000000000 ) ) ;
#3666 = PLANE ( 'NONE',  #767 ) ;
#3667 = DIRECTION ( 'NONE',  ( -1.000000000000000000, 0.000000000000000000, 0.000000000000000000 ) ) ;
#3668 = CARTESIAN_POINT ( 'NONE',  ( -12.48999599679679839, -53.00000000000000000, -0.4999999999999998890 ) ) ;
#3669 = CARTESIAN_POINT ( 'NONE',  ( 0.4999999999999993339, 6.000000000000001776, -12.48999599679679839 ) ) ;
#3670 = VERTEX_POINT ( 'NONE', #757 ) ;
#3671 = PLANE ( 'NONE',  #522 ) ;
#3672 = CARTESIAN_POINT ( 'NONE',  ( 1.405831036269087120, 4.480256885949592593, -12.42120025654694082 ) ) ;
#3673 = CIRCLE ( 'NONE', #3075, 12.50000000000000000 ) ;
#3674 = ORIENTED_EDGE ( 'NONE', *, *, #3332, .F. ) ;
#3675 = AXIS2_PLACEMENT_3D ( 'NONE', #1459, #2599, #2829 ) ;
#3676 = CARTESIAN_POINT ( 'NONE',  ( -12.42095066949019433, -30.52374101761957448, 1.408103081394472600 ) ) ;
#3677 = ADVANCED_FACE ( 'NONE', ( #1927 ), #739, .F. ) ;
#3678 = DIRECTION ( 'NONE',  ( 0.000000000000000000, 0.000000000000000000, -1.000000000000000000 ) ) ;
#3679 = CARTESIAN_POINT ( 'NONE',  ( 11.55368985745187160, -32.00000000000000000, 4.770980054225103295 ) ) ;
#3680 = EDGE_CURVE ( 'NONE', #2928, #2422, #3014, .T. ) ;
#3681 = CYLINDRICAL_SURFACE ( 'NONE', #1406, 2.999999999999995559 ) ;
#3682 = SHAPE_DEFINITION_REPRESENTATION ( #2561, #2705 ) ;
#3683 = CARTESIAN_POINT ( 'NONE',  ( -5.705401273259710138, 1.341004557896614768, 11.12370379991197034 ) ) ;
#3684 = DIRECTION ( 'NONE',  ( 0.000000000000000000, -0.000000000000000000, 1.000000000000000000 ) ) ;
#3685 = LINE ( 'NONE', #1367, #1605 ) ;
#3686 = DIRECTION ( 'NONE',  ( 0.000000000000000000, 0.000000000000000000, 1.000000000000000000 ) ) ;
#3687 = LINE ( 'NONE', #532, #2442 ) ;
#3688 = VERTEX_POINT ( 'NONE', #547 ) ;
#3689 = DIRECTION ( 'NONE',  ( 0.000000000000000000, 1.000000000000000000, 0.000000000000000000 ) ) ;
#3690 = CARTESIAN_POINT ( 'NONE',  ( 3.055342693378655827, 3.146046837116280859, -12.12224613910771254 ) ) ;
#3691 = ORIENTED_EDGE ( 'NONE', *, *, #2378, .T. ) ;
#3692 = CIRCLE ( 'NONE', #1116, 12.50000000000000000 ) ;
#3693 = ORIENTED_EDGE ( 'NONE', *, *, #709, .F. ) ;
#3694 = CYLINDRICAL_SURFACE ( 'NONE', #2524, 3.499999999999999556 ) ;
#3695 = VECTOR ( 'NONE', #22, 1000.000000000000000 ) ;
#3696 = CARTESIAN_POINT ( 'NONE',  ( 3.999999999999996447, 29.00000000000000000, -12.50000000000000000 ) ) ;
#3697 = VECTOR ( 'NONE', #3299, 1000.000000000000000 ) ;
#3698 = B_SPLINE_CURVE_WITH_KNOTS ( 'NONE', 3,
 ( #2933, #3146, #3497, #643, #1150, #3163, #1790, #2302, #586, #1738, #2882, #305, #1457, #2968, #2450, #1246, #1226, #400 ),
 .UNSPECIFIED., .F., .F.,
 ( 4, 2, 2, 2, 2, 2, 2, 2, 4 ),
 ( 2.168404344971008868E-19, 0.0005938174045434736542, 0.001187634809086947092, 0.001781452213630420637, 0.002375269618173894183, 0.002969087022717367512, 0.003562904427260840841, 0.004156721831804314170, 0.004750539236347787499 ),
 .UNSPECIFIED. ) ;
#3699 = LINE ( 'NONE', #2314, #3695 ) ;
#3700 = CARTESIAN_POINT ( 'NONE',  ( 11.96558451645014820, -3.017917544210772629, 3.621146260811280548 ) ) ;
#3701 = CARTESIAN_POINT ( 'NONE',  ( -12.24334387746706732, -3.380006183829173949, -2.525556835550718748 ) ) ;
#3702 = FACE_OUTER_BOUND ( 'NONE', #570, .T. ) ;
#3703 = EDGE_CURVE ( 'NONE', #2275, #2460, #1042, .T. ) ;
#3704 = LINE ( 'NONE', #194, #885 ) ;
#3705 = CARTESIAN_POINT ( 'NONE',  ( 5.533649237558819323, 4.081201420012781078, -11.20970400379120058 ) ) ;
#3706 = FACE_OUTER_BOUND ( 'NONE', #2417, .T. ) ;
#3707 = CARTESIAN_POINT ( 'NONE',  ( 7.699979327725364975, 2.353110475914466537, 9.846875574459627245 ) ) ;
#3708 = VERTEX_POINT ( 'NONE', #229 ) ;
#3709 = EDGE_CURVE ( 'NONE', #1314, #2080, #587, .T. ) ;
#3710 = VERTEX_POINT ( 'NONE', #303 ) ;
#3711 = VECTOR ( 'NONE', #769, 1000.000000000000000 ) ;
#3712 = DIRECTION ( 'NONE',  ( 0.000000000000000000, 0.000000000000000000, -1.000000000000000000 ) ) ;
#3713 = FACE_OUTER_BOUND ( 'NONE', #3005, .T. ) ;
ENDSEC;
END-ISO-10303-21;
